pearson_r,rmse,mae,job_id,length,duration_min
0.028914402313283356,34.123139145919964,25.761025334405975,19698456402009,14856,25.502799999999997
0.016587929633131986,16.379676486369025,9.013899053869297,32152944996796,11740,20.153666666666666
0.33158921634304744,1.4736740585060137,1.4077925891847285,14325428433915,14502,24.8951
0.5754617344192392,43.478285747968954,26.831423594030007,76906126390423,27256,46.78946666666666
0.007250279484795666,6.280525823364137,6.270388484875385,77269031514296,3409,5.8521166666666655
0.1562370456029242,96.56391165348244,84.84841595078242,15629296815607,4192,7.1962666666666655
0.0027083282753087874,18.08460312105957,16.6899840694807,65826617610580,18123,31.11115
0.08686980901647737,49.542951635509105,39.797529839838504,12698252974861,61980,106.39899999999999
0.21754579636528923,30.003775232258747,24.03127640175701,50047632569856,24779,42.537283333333335
0.6160281514380423,63.888055390855634,48.05594668930845,44576158587201,3683,6.3224833333333335
0.9139089818672664,2.0121112070988696,1.3646535879058956,40731808395786,21959,37.696283333333334
0.4305250750875373,76.16866179451907,33.88773571710451,73607718039521,4220,7.244333333333333
0.47900285978789436,40.80076528355534,24.99605855779665,34922540300168,27650,47.46583333333333
-0.026825117410098735,9.593023402125974,9.243956851426166,22888264960719,3757,6.449516666666667
0.8973860455363635,2.1086626966782718,1.5262537006787862,20498947403197,24833,42.629983333333335
0.8019752389832363,65.51933754624154,46.98669979765013,73201333485180,4330,7.433166666666666
0.09909012988591026,59.8231083818135,48.90940147978208,9686743627229,8628,14.811399999999999
0.7394574072276332,22.48457450435201,15.721745820311394,28953411600124,4967,8.526683333333333
0.020933344522732152,14.230757053622524,10.478303554949266,14380729009334,67805,116.39858333333333
-0.009910593923853114,19.57363373048768,19.567402848765635,18096476058256,3247,5.574016666666666
0.030213325550657956,10.530229918717142,10.028398827313996,33271929497962,3127,5.368016666666666
0.49187015466013145,40.49238028631547,24.53282853821628,63704583854915,24571,42.18021666666666
0.5194947481988972,37.863897034211526,23.513881154995403,65918602167831,24667,42.345016666666666
0.22592197651444715,58.31674566983977,38.89301413934649,52413800063987,16768,28.785066666666662
-0.07899091577973369,1.8762712691924481,1.6524115474004915,4600439273662,29958,51.4279
0.6467381864654725,44.05902598982086,24.624149637588637,79472144329573,17858,30.65623333333333
0.009273871226296276,7.197360439229672,5.852777464019336,74474964024887,5702,9.788433333333332
0.04825319071902693,55.846277132330684,44.30380272306438,21201596330943,23208,39.8404
0.284282094132802,1.2492449584465803,1.0346301938888196,35669253854067,9457,16.234516666666664
0.4324029192501231,39.686945555879475,23.824428329467775,48306846421541,26650,45.74916666666666
0.009970911868541956,0.7883175948095009,0.7211931122414486,59620957929607,3268,5.6100666666666665
0.781015636539161,35.12212698505847,22.537689190667745,90092021440150,11038,18.948566666666668
-0.0015585502767307797,18.134506579218797,10.696792910307602,21004207439468,19627,33.693016666666665
0.002213103415376176,23.938748223763774,14.601026349484279,41978533015721,5849,10.040783333333334
0.0009499829718299718,29.67393272631621,19.669476555465778,87642472286641,19805,33.998583333333336
0.7502809433600269,39.776052426209816,25.782387508165733,29954242116997,12407,21.29868333333333
0.5280419741142286,43.00691470701662,27.36052314071744,31465005546798,30115,51.69741666666666
0.5762959068228819,26.47106333847573,19.51629015804376,45851063472619,45904,78.80186666666667
0.12631502581754692,29.404985202239196,8.178294542776593,32504763123675,35243,60.500483333333335
0.32428387596942637,77.7772639426782,64.71476410038738,72759411879564,3374,5.792033333333333
0.5614432783245461,3.736025093965885,2.6575135547386064,12985508527374,7512,12.8956
0.05135146102534727,107.21930397742557,80.8305798298972,85051288931991,5600,9.613333333333333
0.14372761364127257,54.872123430480244,46.52978587671546,78176085640757,45993,78.95464999999999
0.5214358452323445,39.65284560742703,24.1972676241427,17295285062460,29464,50.57986666666667
0.2793062391727403,33.605731754111844,25.625062475847017,3837708515047,43799,75.18828333333333
0.3738272121106416,39.933675270513795,29.207985608361657,80865232623217,9037,15.513516666666666
0.1176427357836517,9.32128554893829,9.161533926372798,86310940108224,28400,48.75333333333333
0.19582389323776794,85.67178354719545,65.81017657464147,83045691086571,14198,24.373233333333335
0.7762472144807541,40.713774923991394,29.53004972953641,82993915945951,10334,17.740033333333333
0.026003049129636257,10.058875725698021,9.528804646790666,70245058618882,20896,35.87146666666667
-0.08460295069717358,4.569875176301088,3.7970883493178333,14317785968183,3268,5.6100666666666665
0.579635962482553,10.188629404754078,7.558905868047251,7845099134856,58284,100.0542
0.02962319060287255,3.3419585046545146,3.3354361295443984,40518382556092,3724,6.3928666666666665
0.5232372802842433,47.49575660827207,30.414989459542102,69954576202207,38168,65.52173333333333
0.001735654171057005,14.648767372807148,7.275038639496502,40880821989943,25996,44.626466666666666
0.4638820681246786,67.4670752763252,38.22924735279185,83349252358616,32825,56.349583333333335
0.4508467196944686,37.74572724355053,22.614382178628034,23163496884358,21589,37.06111666666666
0.18746567210157877,5.0768387714901175,4.7781096310102775,3803011963280,64621,110.93271666666666
0.3252028464537754,7.496880121129898,5.91359170891848,39872871973402,36142,62.04376666666666
0.011486804246009383,3.5158048708630627,3.4358974658285466,31128285540297,5263,9.034816666666666
0.48062104665303057,41.64355722839088,25.578019729719358,32632072300766,29472,50.5936
0.04474613145371694,40.27199421856179,17.51817325465983,74367530463335,5326,9.142966666666666
0.5360263726677168,43.631285189641744,28.633746151894215,74102861504241,27573,47.33365
0.010308896406042784,1951.785059517647,1374.2670317299448,75077573462658,10133,17.394983333333332
0.3184045627498384,2.7940094002712677,1.810994159390589,3154743755320,7793,13.377983333333333
0.293578078162523,22.128198969468656,13.983922495903485,22849367535948,41090,70.53783333333332
0.0284560787727604,16.644137429882395,12.688343588997524,46429656795054,16732,28.723266666666667
0.2229379160695754,72.70951299135524,52.73451688087438,41204145101392,8348,14.330733333333333
0.14304870983580611,51.97059252537817,34.45852713775366,87354664025677,11366,19.511633333333332
0.2327364308275441,61.02106118867175,50.565600205723804,69749333730548,11541,19.81205
0.027246309587440336,17.158429757323752,9.100030062679862,58926588976519,19357,33.22951666666667
0.014365422133712068,12.188022259172858,10.445687898034135,31421333493200,22404,38.4602
0.003004909687918842,323.8562462629539,245.62352258135945,4742849453871,10090,17.321166666666667
-0.0043617781037565174,8.22757942759184,7.707880694613093,78924898462518,2958,5.0779
0.6041537236533749,60.596752548993734,43.00498854043924,34061819907795,8567,14.706683333333332
0.02974949222467712,15.164640691749504,6.69620206657058,48931265496435,19960,34.26466666666667
-0.004548611848552748,345.7037908976114,274.83278526443144,23920262666101,14480,24.85733333333333
0.4488112304728488,37.11220170888353,26.298403863857708,45017970541344,9119,15.654283333333332
0.25851272032452755,86.64562233242715,71.64060519366745,16812384716805,3524,6.049533333333333
0.5558031290207491,45.37445522939386,28.169850205480422,35153520582896,36028,61.84806666666667
0.0016267026271955165,12.44401772173426,10.66352893112819,78773736483655,17819,30.589283333333334
-0.000903140930440811,9.87236203175239,7.475940773790317,71505666140627,18045,30.97725
0.7411660453368355,38.416682127837916,23.752918380986408,45210001678680,12006,20.6103
0.851901246149432,12.540162916652232,11.86600827759841,70742171985949,3133,5.378316666666666
-0.0006520882541333599,22.89594393426309,12.031780453610999,48437305027037,30164,51.78153333333333
0.1828996621954573,15.350465349532008,7.571744012758252,83752390823473,54485,93.53258333333333
0.3308991851265518,24.994115620281843,19.59657036349278,65258056692335,34312,58.90226666666667
0.18443330546683634,62.284640728263895,56.61862570564624,2366331959502,18403,31.591816666666663
0.042411890174576854,18.91541178642709,10.858789418419574,949332106019,9630,16.5315
0.004176782889553839,2.585581984573173,2.554269119276472,68037669020122,7753,13.309316666666666
0.45321272940810414,1.6729014367486807,1.6423682580071526,2255573980442,23125,39.697916666666664
0.02227943790851217,95.01117961857484,71.52046830022488,25316527699710,8051,13.820883333333333
0.4686764118350963,44.48435515926651,28.979257598851206,80456406103691,35560,61.044666666666664
0.6130340845110386,12.258720026972293,9.249789588615517,2355018145377,52846,90.71896666666666
0.09987113978070022,4.722463772024065,3.1936307110605417,78135560944445,4399,7.551616666666666
0.08574903371680205,64.79429487317466,47.69418748419176,76972729860974,14191,24.361216666666667
-0.04732926913974501,237.13781132212685,231.12411430982291,90778524802073,3647,6.260683333333333
-0.019024763470019423,2.239488390057008,2.1726729585817672,16861080915360,2938,5.043566666666666
-0.19093346335113412,5.631577427090307,4.827554627450123,58938632432529,52655,90.39108333333334
-0.017887326434352382,6.077197363738327,4.5151821796842615,52313310608657,11120,19.089333333333332
0.010929171560485113,0.6241560266116007,0.4112773535263816,42993652521616,3518,6.039233333333333
0.19735371989484812,87.45601501675507,70.73985943438473,36017874267076,3994,6.856366666666667
0.11252376555781633,3.9783415655712404,3.9687141446376617,20134830178065,7788,13.3694
0.004705701269728998,0.9512336384686039,0.9175370134294758,70627345708090,4276,7.340466666666667
0.5898153041114574,4.612397885134024,3.6765985951140805,59947767648945,26738,45.900233333333325
-0.0027284859625218098,5.511651837092424,5.49454431129112,32718544841820,3087,5.29935
0.6176141790617474,24.32616792738863,17.852958035111197,33824947157393,15923,27.33448333333333
0.3615287181694747,18.341420970235532,12.206482664872611,60480643646296,5193,8.91465
0.009737075154470566,22.344320932702747,13.001519498295954,79721424867732,36336,62.376799999999996
-0.02094189378645826,24.123526448918344,23.084053689327977,20469295487349,19899,34.159949999999995
-0.0019014602889181583,15.22357337543741,12.55668917525609,24892457870690,18278,31.37723333333333
0.03180186374646956,49.464051341633095,37.23353502257407,3075565089503,11336,19.46013333333333
0.09615706056700467,5.632300973798833,5.482779830166169,40549565090749,28051,48.15421666666666
0.4220417629780223,35.19275868778983,21.00300397766361,6896627721009,19957,34.25951666666666
0.1293625897197388,26.9801501727551,17.119632975966418,79881141920608,6664,11.439866666666665
0.019514489957661897,31.58673698410017,29.527974347295586,52025267451252,18897,32.43985
-0.021052331371434186,12.970563273624155,10.294890400944942,78118438428733,17014,29.207366666666665
0.6286113868720807,11.818639501850972,8.926238204137794,89851377035400,53109,91.17045
0.02788386984380424,7.533640429615043,7.055287213694128,7831420751530,3208,5.507066666666666
-0.018555795053971598,47.77353909057599,33.70731177444356,77189052379660,9008,15.463733333333332
-0.03500195476163805,3.6919697182790396,2.9229645548574665,11291179710443,9458,16.236233333333335
-0.008909847399000175,12.808118667062638,11.210015895798715,6620844295629,21207,36.40535
0.00800245448929225,36.85276204772227,28.947411629421662,20108749516082,6182,10.612433333333334
-0.01096783423203148,11.915201473769804,10.309804718232275,70506051320299,17981,30.867383333333333
0.5533584466043688,57.63074838207584,33.875230067443475,13899992695753,24778,42.53556666666667
0.7160964289172294,25.858924498926584,15.938131522197128,61547141158975,33856,58.11946666666666
0.43271132245031985,36.51423587384873,21.433214838863716,90230018731341,27062,46.45643333333333
0.01700453999147654,29.208965059263836,15.608167263622429,28597472675277,39055,67.04441666666666
0.10082941964467125,11.117047106171784,6.5895346191124995,62989178090708,8789,15.087783333333332
0.009743553426483469,22.5060948463721,14.302439725953594,80166536522909,19432,33.358266666666665
0.09996040338208328,13.393500512306218,11.154547787986031,12768715125015,16776,28.798799999999996
-0.0059234420928459515,18.762538215856306,10.909935541615543,21956904626499,18472,31.710266666666666
0.45887228891140996,15.617161058520141,15.534027478347923,75296791494936,58383,100.22415
0.09337935793197935,60.80616701351688,46.034751546427586,91939661887007,53629,92.06311666666666
0.4610902964647671,34.06805749064432,19.963756595573596,48122498854271,22803,39.145149999999994
0.22712100770562305,32.53320590645133,27.354454646427197,43423358419204,15510,26.6255
0.7115179226074453,47.02766765548911,29.647304063163446,66833572622035,7403,12.708483333333334
0.8101852173116962,33.56631474926119,21.109022571076196,68527101285589,11956,20.524466666666665
0.6243391364071732,43.06841938279647,28.002774640762656,87051973418184,4707,8.08035
0.19174055210013485,8.527867298259032,5.13288919911849,40572986454692,32557,55.88951666666666
0.17653973865675462,93.5463261545668,79.02946567563197,65458408652966,3431,5.889883333333333
0.05008950585452049,39.29941069429026,33.84604595007112,61088394219573,54762,94.0081
0.0052935587376848475,91.29680053908406,66.65158042595363,90572339859271,24792,42.5596
-0.03839315759263636,3.278899464761158,3.2506613559306,37662225929199,15601,26.781716666666668
0.4227359052498324,2.5786943120982175,1.6485700463585666,80384566598300,12011,20.618883333333333
0.4971483434209349,44.53524425690489,29.678024226902583,69359555004749,33318,57.1959
-0.011085426963884402,2.3250189957620373,2.296418799294366,11270362912160,3672,6.303599999999999
0.04884444665269929,10.671521333123001,9.345973951692137,22528283711487,45376,77.89546666666666
0.741111342055105,36.69216962093504,25.580892717208396,28204835389924,19266,33.073299999999996
0.04673630576040898,16.823574295593193,16.80415816259752,49727764621296,4535,7.785083333333333
0.5217852551542149,61.69617333089607,41.281416096671485,86798367760139,58418,100.28423333333333
0.0934010609593434,37.42816414509999,22.61012384935478,45538154373194,8405,14.428583333333332
0.21029541526879394,43.68151597024607,18.40284896849352,70319035011446,6183,10.614149999999999
0.43811076120917786,26.774613201217335,11.978981859421241,66572600616818,6869,11.791783333333333
0.09632781461722249,2.1313377957527515,2.0549725341245835,54447465592965,42921,73.68104999999998
0.09696768263689068,17.057452688730432,6.6481109423043225,32586229000292,36066,61.9133
0.032885853374595396,18.88492972257068,11.466217452226513,53019881899056,9453,16.22765
0.2678215599239967,25.003129322680852,23.060508462813605,60132866171858,20029,34.383116666666666
0.005207581495463111,36.058536428569724,26.94705830094936,20024184703879,27611,47.39888333333333
0.23026164526187648,26.097630026245124,14.452320943181753,77080520065397,19166,32.90163333333333
0.06367039313564056,26.098017429958606,20.66234878943948,8010949001275,4250,7.295833333333333
0.06515517439238971,58.402032069125745,35.78103491387765,12361143554661,19036,32.678466666666665
0.490678730799641,28.184384948421265,21.15043388524606,3388496605430,25704,44.12519999999999
0.1721579186753306,47.1344481281679,38.15905549370554,62183516540315,34064,58.47653333333333
0.29220119618188084,2.0050076041695144,1.973491676827906,62578301139645,46236,79.3718
0.35376015186225285,32.76091398773565,17.97565369452768,43047798143128,21656,37.17613333333333
0.10513352946001936,6.621917245989218,5.0117232687643405,68557787655681,5242,8.998766666666665
0.01085694137244742,18.124356591052408,10.54185905473064,33591193899421,9236,15.855133333333333
0.12731544779370588,12.529386110722236,10.475718933003206,23609363889716,18353,31.505983333333333
0.6211222578257015,56.2357943441252,39.87062662191243,56547763327730,13802,23.693433333333335
0.10882522704511088,27.292284970485277,21.01463073825677,45961155123767,19152,32.8776
0.00047793015464791844,1.4195292353757443,1.327646629902923,19950162767647,3296,5.658133333333334
0.07688529203627364,28.61651414746951,20.767321593441764,52556779646509,9770,16.771833333333333
0.1458448042201144,26.007116381765265,12.361687285129264,44187858664441,5858,10.056233333333333
0.04103293398235009,29.04640961128887,22.401624602977435,52072863457253,25427,43.64968333333333
0.009267969732111163,20.125502965784154,6.286182892970574,34671094095542,13999,24.031616666666665
0.028503698713273937,33.76750297900124,22.738095372487233,88611842874983,9121,15.657716666666666
0.03806806039815245,34.98381550761253,26.71226365056271,73449978196308,7078,12.150566666666666
0.4888125034154991,39.848185856388454,24.525508244595823,44831385652100,26879,46.14228333333333
-0.006169825692806519,1.0321569118176233,0.5059040465010499,11923214980056,25931,44.51488333333334
0.4493244122741036,42.8634491122114,33.09556439369672,7749022490357,13997,24.028183333333335
0.338670880130209,6.413711181422739,3.4519474272892796,46685158537138,16287,27.959349999999997
0.5459045148632122,8.106684992037195,7.659860479202658,82232855222347,23234,39.88503333333333
0.6434028136187406,5.269450686958824,3.5960122223268347,67475392094715,48519,83.29095
0.0007473813433681391,11.088857027664053,5.990083851364006,41261301085976,44807,76.91868333333333
0.10599995805391639,59.100783732234625,47.77358402597462,30736369091355,3182,5.462433333333333
0.05489050727966478,3.191784138581549,2.565711426201754,51316372983034,4427,7.599683333333333
0.014655064868392425,25.49720809950369,14.860500795641146,88180150654562,49323,84.67114999999998
-0.019502218994292393,5.367527154411438,5.001559332906875,19226107036512,3668,6.296733333333333
0.12770014143329506,80.76643049133561,61.38711459981368,45855550040191,44394,76.20969999999998
0.47119795375296025,43.35254058261597,27.444085284687667,39619721075615,32086,55.08096666666666
0.5768460267120531,45.73930131912004,28.180258170340537,20802530439609,41153,70.64598333333333
0.20646570451764626,21.06285785568875,13.583143481497217,27606913051619,22989,39.46444999999999
0.046758090114611316,33.1022599947731,25.44806376002634,22790112849489,7070,12.136833333333332
0.026447162415487512,14.801514692170956,14.11646402987516,54827137449633,13632,23.4016
0.050870262351063254,18.19144672393108,10.848916312692246,52521458128202,9315,15.990749999999998
0.06239184016652203,7.528822952861195,6.544774149224144,89436825022408,51904,89.10186666666667
-0.0005512957906371692,18.696107694634943,11.21780127457574,44323443837057,17777,30.51718333333333
-0.08312167614705587,2.6950363626161313,2.5994601736037777,34172749583042,8628,14.811399999999999
0.36629824429040436,2.603886277416354,2.0827159640233597,44474713985985,6164,10.581533333333333
0.1836542013052908,36.836208508205296,36.17249969761336,52820584629668,19476,33.4338
0.15605465123550039,50.41626862057752,30.183068525774164,18937871704904,12618,21.6609
-0.22552525539459192,3.682467778362645,3.5066613391793604,14208708578557,50698,87.03156666666665
0.14612404204510687,67.42446913718072,47.76642567749958,76089834232646,54852,94.16259999999998
0.013320161642892831,26.234502054633403,20.114489369487085,61073595448604,4079,7.002283333333334
0.5379840389696013,46.816560276449394,36.29719078438598,40287487116475,67184,115.33253333333332
0.06521156279437662,101.80386153529703,76.14449729730731,30490712545819,7884,13.534199999999998
0.3196055049482285,37.719485545615676,24.015975744749802,13301697065876,21759,37.35294999999999
-0.013372358851972486,21.045109292435725,19.72027426855329,25846293480006,17982,30.8691
0.0016236947776346454,29.092527424062308,21.175585806470455,5916701477545,8881,15.245716666666665
0.6249632048592383,3.2551896922649597,2.732351085586116,75812059499486,5121,8.79105
0.5382259251875146,43.47745504456138,27.34348177209084,51692092902023,31743,54.49215
0.00513379466366586,0.76798310940785,0.7306789190053715,35559443035203,4252,7.299266666666666
0.10645098580434909,33.45629954765563,21.794414639816598,43705642814451,14917,25.607516666666665
0.41049868106194537,5.419580873265676,3.010517236510533,51594033443753,16011,27.485549999999996
-0.016767517365501198,6.137503050638848,4.2086554334363475,68461251235992,65663,112.72148333333332
0.09068898552525473,2.5902221243894243,2.5396544876921374,25680827559530,17248,29.609066666666664
0.29284889868474745,22.751256067741878,15.37516434210609,55733432331909,14078,24.167233333333332
-0.0178757513100086,9.817216996769758,7.670616434954387,9342877852105,16708,28.682066666666667
0.5520259528736999,44.01636735650902,27.32483201256838,91765784752285,27189,46.67444999999999
0.49936387152625183,43.460069331673886,26.801864123366332,6820550860918,27205,46.70191666666666
0.00027728485897698496,14.806327663937408,12.337739164655696,28587713452281,22735,39.028416666666665
0.021351239009457575,48.03556989523443,32.00829310002914,39603614233593,60062,103.10643333333333
0.5332428856095905,44.781703733476576,29.86150221016259,11995607787733,27057,46.447849999999995
0.5087612248494243,43.175429374031395,26.918612595873807,67873412191474,31616,54.27413333333333
-0.019393499696281843,17.592811201835904,17.591297035074614,13506565248175,4278,7.3439
0.3442748209790695,3.6421996399587417,3.133690265622501,51894595193735,65164,111.86486666666666
0.8411834510630899,2.4724251350619317,1.4338619107921955,8598716768202,8504,14.598533333333332
0.027348887073341984,17.77960119512802,10.669721916676867,30767064190483,9175,15.750416666666666
-0.018607558487222155,8.516742122527166,8.511248742932322,68495229272758,4794,8.2297
0.23483115677222624,82.08374375786,68.088134605381,47230207996159,3428,5.884733333333333
0.005447167011034026,12.237976972553158,11.047092021257273,68677726115690,17746,30.463966666666668
0.028441328392154793,18.30439509285287,12.92245500186597,64722325237868,25347,43.51235
0.3819941846558131,2.8893884128865865,2.4719298785542536,11741284069356,6999,12.014949999999999
0.03742080746885597,47.02941812582417,35.79228544479423,61101720840771,7225,12.402916666666666
0.12288585686014503,65.4672782378105,45.073225305609895,48985881711364,36302,62.31843333333333
0.12534394880576982,6.898111343184378,5.970512990002942,65030106852665,63478,108.97056666666666
0.17238010997576553,26.129943232833256,20.182912499512696,144329733411,6369,10.933449999999999
0.16466638954786192,47.49847679906706,29.45753477060957,74045113699050,63220,108.52766666666666
0.8233767417648655,27.576078434364295,20.3853742001583,41153305362564,5069,8.701783333333333
0.03333383602792593,22.915184906781064,12.816963597386446,53249661775672,13009,22.332116666666664
0.2900497290863053,4.8890857365555895,3.8881785639815876,9376216973107,58914,101.1357
-0.004143566998047908,12.276583443250866,9.820748342051644,30566832847612,16574,28.45203333333333
0.591205919505483,42.08707677717229,25.314810311983866,78076709018638,36407,62.49868333333333
-0.7360469448568986,10.634350875710712,9.907189848144151,49064200929671,11551,19.829216666666664
0.6213298302262051,49.62307506025549,33.067368919949,5834541316683,12256,21.039466666666666
0.39581133713508077,34.715938112915765,12.02568853571724,32668455459213,3895,6.686416666666667
0.014431647329069121,36.590412323697464,26.1332755051912,80620255486455,17965,30.839916666666667
0.030887565875193253,16.899853725651923,16.897780461261384,81572225059709,5918,10.159233333333333
0.523537946144706,44.193674227018754,29.3197024125681,25352343111574,33261,57.09804999999999
0.018456218979863093,17.754899419185097,12.319086022000889,31898632082831,25165,43.19991666666667
0.7166375267166833,82.47215954291099,53.6726923565139,87593983584930,3161,5.426383333333333
-0.06621948950714389,5.08043689477339,4.722421553273057,64801748885593,9717,16.68085
0.03142179856040494,37.85971598905397,24.938610971195548,14138625599938,8608,14.777066666666665
0.07743881594949097,30.03787976707409,18.111981147827024,38407352247073,48348,82.9974
0.2743028231474988,69.27479938855399,48.32256166352163,83107186720037,40913,70.23398333333333
0.006644542726340284,17.044688550954124,11.931627226244293,91980862225933,9836,16.885133333333332
-0.004465567384433512,15.566243533181384,14.171281555064548,50307863968823,19205,32.96858333333333
-0.0073234940514776145,17.708399835554435,11.103477419480232,85527406458904,9187,15.771016666666666
0.407982739589191,44.15645653676814,29.81121759737455,66437148274678,8125,13.947916666666666
0.008236589121208655,3.576201541714395,2.818269655669157,43911108011913,12278,21.077233333333332
0.08573503143347305,28.22224831427108,22.706005225891168,91957100634103,17754,30.477699999999995
0.02451747218685705,18.550460214823925,11.222179784643618,64966715299207,9016,15.477466666666665
-0.006228966244785312,31.497706374794735,20.697908867604802,54315595280333,19969,34.280116666666665
0.11311963072179201,32.66030528950386,25.3103325720697,36011696930406,6228,10.691399999999998
0.4593125146391425,25.80349255366633,19.97841170706307,32141824134873,20032,34.38826666666667
-0.024479253764576162,36.8511429083226,11.704316691784054,29342195647507,11983,20.570816666666666
0.310758251379967,12.468860044899419,9.570632128858504,50419131573959,3835,6.5834166666666665
0.008580824897443981,12.815931107837223,11.205601155551152,33816933704585,17874,30.683699999999998
0.773755587128971,42.129812413858986,21.85225341873169,11434165745896,7500,12.875
0.488829452014426,13.041840417194267,10.39749018225242,2598752493312,62067,106.54835
0.2566265224479076,84.04321347198963,73.24107072560196,2577265964888,60137,103.23518333333332
0.5375409189722579,44.06911190005788,27.178501276569882,28407375423545,29538,50.7069
0.04512220745657261,32.32598252505342,24.435138486125872,4672739802793,14799,25.40495
0.5654082936813456,41.533285471146584,27.927174164619803,82464195047484,31624,54.287866666666666
0.04144384715222734,32.19397957929654,25.106643793049454,81002401849429,6905,11.853583333333331
0.06991801363842963,0.9039086549107482,0.822350720565793,71844271657995,15661,26.884716666666666
0.021832076993078778,1.6013289247637246,1.5772974395925035,29428254756407,4408,7.567066666666666
-0.02036584130533417,13.007537250745107,9.429295343475145,49709782646768,4662,8.0031
0.013729231936436721,31.802005765457974,22.915958577547304,32690491634539,49027,84.16301666666666
-0.0021660830283157227,33.21472035567589,26.984440017634057,41490914592393,11766,20.1983
0.47852741347227057,41.0081550990701,26.201842634851786,85541186841186,25172,43.211933333333334
0.029253402321776173,31.01448053431373,25.228847136275533,33839842130236,4361,7.486383333333333
0.8853909708495431,6.124756681436845,4.905463154608082,75324639595520,3036,5.211799999999999
0.4769469049962399,41.02636906010575,25.637886097307636,73987555939169,25396,43.596466666666664
0.4500990348381958,42.191617283505586,26.82401718944714,45567530153933,24033,41.25665
0.07428848087533223,0.2480035930527742,0.1891687076781741,8001974245232,5781,9.92405
0.039601760497639596,2.1380708821711454,1.7453839037098324,3594783673948,21142,36.29376666666666
0.03306722620649385,21.319271965567385,18.079758894231027,11178435684473,10996,18.876466666666666
0.04851957519286243,26.06757236437213,21.477358909998475,90318028891733,3371,5.786883333333333
0.08789982722561845,56.17112778345556,46.15641333913683,50941640097645,49492,84.96126666666666
-0.0019199232223245243,484.92246048039704,420.0963941742998,44605095617158,3704,6.358533333333333
0.05556134011069425,39.00304075436374,25.743010867257635,12768554294518,8520,14.626
0.4502746550174053,32.338530525390944,21.249331580276806,52478048764616,24100,41.37166666666666
0.009443016281693351,55.18728944180978,35.43777055721057,27442417239074,17295,29.68975
0.39431464149602796,4.971824314421948,3.906873735446349,61117172502601,5879,10.092283333333333
0.7693301725398601,1.2122768873808247,0.6393685613515232,36449591276358,9637,16.543516666666665
0.27759115240147086,3.0735671478039994,2.384254318856317,56271594525639,16491,28.309549999999998
0.14380673258157795,38.32888723203705,13.636427157948951,70304033272579,14977,25.710516666666663
0.07084061787154074,99.53605906053697,82.35119868657391,13498898553937,3471,5.95855
0.16028606847079313,1.1773361935030573,1.0517091388299775,62436234924898,25866,44.403299999999994
0.38941018428322377,15.161378342900218,14.711177274630002,91089940701437,2965,5.089916666666666
0.0818691059929799,29.41172227678356,23.559603930052393,20276904406848,26852,46.09593333333333
0.06686697522210158,56.601343960768766,46.077978884685606,49390387303660,57701,99.05338333333333
-0.010556773345818416,18.167005657724367,10.794594660896022,32279222484749,9067,15.565016666666667
0.5151797639140746,69.3841392694805,47.90302383569828,65306347803020,17130,29.406499999999998
0.015247651311923545,12.73203070807245,11.763125881858686,990865538676,5162,8.861433333333332
0.15324186892556677,55.221499037261694,44.22077433562026,40515725940334,23155,39.74941666666666
-0.006272852769870992,17.542220844984218,15.599845555736469,65407608262354,18439,31.653616666666665
0.01601039501432662,13.43413899013322,11.55495890775823,68624142851900,19332,33.1866
0.12221513903021575,2.915913873486751,2.874374092815417,9216452281633,3155,5.416083333333333
-0.03439314691089779,13.53254008267342,13.334980410417575,31708883202735,29606,50.823633333333326
0.3455379131494435,10.719203057610404,10.423188003434579,22681619464789,45287,77.74268333333333
-0.008593749858073195,19.151532815350237,11.609949093396029,56904521877517,17384,29.842533333333332
0.3724295232899089,10.212367891076957,6.020247773283032,547411066973,30840,52.942
0.28460274799510893,34.93123272717858,27.647512319414993,28606981423652,37198,63.856566666666666
0.013796079823153437,242081.28460930925,223021.7864239521,42311813318186,12306,21.1253
0.6746776322619361,3.3754724939547067,2.6231353967261426,18450405077965,26492,45.47793333333333
0.7250556038273817,16.165648761740695,12.295947305022242,89281512214011,11106,19.065299999999997
0.5403619117185318,4.876290761412203,3.7727086776974557,53747026028810,4176,7.1688
0.442599014377486,11.363294179992245,10.619661356937977,12238568282513,31837,54.65351666666666
0.09378578064104656,48.7339743106328,30.644925025605144,53384128031743,8386,14.395966666666665
0.6035279307231253,11.985275783191742,11.931903225347348,86419884555044,37248,63.9424
0.6298416348096806,4.1664772426078365,3.9883399275758173,84999079182415,57657,98.97784999999999
0.042690199614921015,13.08290949834319,12.720340235021222,5488407090669,56849,97.59078333333333
0.06907268518896408,12.577152995037565,7.378820278734531,84691846686500,3392,5.822933333333333
0.006578044848106281,2.2689344253530095,2.0003492595026096,27043870720887,3971,6.816883333333333
0.1932822151057228,2.5010740369790083,1.8515906207462238,42896084201137,12707,21.813683333333334
0.0726095790702541,13.78695927496734,5.132902433741855,81360173956309,8632,14.818266666666666
0.47801065819648475,39.729233577707916,26.18413588079881,44490230855721,24253,41.63431666666666
0.5225536565672884,45.10822871409608,29.0466611601569,47932979493744,32473,55.74531666666666
0.25937164350647435,40.441969705315884,25.784153995952913,9406803843084,5822,9.994433333333332
0.02582950483739441,19.888433234494585,19.88245854490308,11294757723355,2923,5.017816666666666
0.1364733561534008,37.10686989422653,31.05508975619442,7934199983235,45160,77.52466666666666
0.23363465417922122,60.1720626372068,43.068533528625814,424773667686,11433,19.626649999999998
-0.0031601492710585893,12.075322840386727,10.079412542386837,57623774494638,16805,28.848583333333334
0.12718591869990653,5.214120100751133,5.02716611951879,51598945910024,31514,54.09903333333333
0.1153002643170467,51.465216651556865,42.747731224766056,32721106437006,4301,7.383383333333333
0.06404887488642237,2.9771025929834423,2.1005068044980804,22885057031006,10246,17.588966666666668
-0.01971452290341467,7.142403668813216,6.816761369414391,46519884377902,9543,16.38215
0.3437792866465418,119.19774548274289,97.16543685668307,21937924463107,37153,63.779316666666666
-0.026191419389690947,4.312431068374762,2.27693043790322,8507846318809,26661,45.768049999999995
-0.03312851934365003,7.788623773734382,7.2106967747382855,7521955728961,14606,25.07363333333333
-0.015817496873705723,0.960571744619163,0.9225398196309447,26360274898627,5162,8.861433333333332
0.5780587779118794,6.12964821231628,3.790056740304262,13630075631708,7612,13.067266666666665
0.039621233888232965,37.2616047215751,27.736366708472953,72496592772102,63268,108.61006666666665
0.046353143489638426,30.979457696491135,30.002684504396427,86182705987638,40250,69.09583333333333
-0.08176163497183746,2.6162461354808637,2.198342589038321,51144228220018,8728,14.983066666666666
0.20908684289589044,61.971581882621365,50.473738832168316,3167986040183,68535,117.65174999999999
0.30936934033764873,1.0978833253750984,1.0278396017531124,47221505182799,25489,43.756116666666664
0.0796563688372795,29.700624553625797,19.029549973826402,1775396729358,47705,81.89358333333332
0.8592902344482776,3.264016987503593,2.7824306116708244,79123040575695,20238,34.741899999999994
0.19153443993506766,38.74546865997057,27.814272980220014,78863332322566,20190,34.659499999999994
0.4283113346680955,41.22025656270978,24.229266821205652,1575793304144,27843,47.797149999999995
0.8303562360954526,9.638190262972458,9.116281041394497,6198158482441,4589,7.8777833333333325
0.14106569001681282,30.968979829779585,23.78122308100798,75027060224117,5547,9.52235
0.5081122868783892,10.116561320644562,7.7372395774276574,76531797358084,11024,18.924533333333333
0.5881286508243958,4.973615687175036,3.975516644882873,55429800493449,53555,91.93608333333333
0.008951409028101272,27.673753497475914,20.959461860904216,37521341648108,3237,5.55685
0.5412894525035835,15.841628570194047,12.35526977933229,66374350122676,8052,13.8226
0.5383908828025207,162.50384727211144,124.10118040566527,4894451900846,9729,16.70145
0.002565450040975041,81.73383179701277,62.82886993061231,51530711021657,9565,16.419916666666666
0.006936050141102588,16.112145879066244,15.013176382343802,77865543333468,21529,36.95811666666667
0.013904961433921201,3.1347623777411986,2.4741114781385094,79206684396486,20508,35.205400000000004
0.5142397976138254,45.140476229922804,28.166721896940906,24727879342475,30317,52.04418333333333
-0.05750555292832857,17.09754675696528,17.084205378089482,28177619334181,26604,45.6702
0.022153124595635003,33.37064088483414,26.654261848010304,24906307525390,10713,18.390649999999997
0.1931761132492896,73.0896325797327,52.28703350688909,15455015081986,8031,13.78655
0.0014515238649982737,17.143972576062875,10.907791639510481,62070896646664,21992,37.75293333333333
0.45549129176857933,26.86680608422345,16.65211932917341,63486865990302,23187,39.80435
0.27908558432196895,37.92813098499663,27.026745959588286,31805529445808,12246,21.022299999999998
0.03050914350414974,2.1417831121574045,2.1234441021009722,31604961690714,2938,5.043566666666666
0.006502225819468378,33.33326251622457,26.2440074128771,38710970451173,6089,10.452783333333333
0.12419445883099196,14.357920445382177,5.668274940172482,89292846961260,9110,15.638833333333332
0.11505826029938898,56.48671903729706,43.5646747533277,61492103134808,37372,64.15526666666666
0.05380767876302406,72.03480529694218,59.92601177289139,18585001157781,37181,63.82738333333332
0.3755106678919734,36.36566787938978,22.958978500786696,72530239896407,22136,38.00013333333333
0.012368846067858074,11.019453082469497,8.449228296477704,8625463470072,18418,31.617566666666665
0.4481352546039096,44.78704153889796,30.601264814084512,37344807950675,23731,40.73821666666666
-0.0005088024923834466,8.457728080591995,4.943328346664543,11603604002761,16588,28.476066666666664
0.043350698710518415,32.499877295221346,24.964771099422542,91992208250930,8561,14.696383333333332
0.03489572240701516,30.36056318222481,24.531372690453832,60430211430309,4146,7.117299999999999
0.46485065166890066,56.93565082317976,43.06356216160028,47091619905296,16266,27.923299999999998
0.40958076084274314,30.517316291792362,20.171038851700484,52549356620606,5469,9.38845
0.08972131739627422,80.19302458984332,64.3462357688173,42769896941240,3424,5.877866666666666
0.24328641051140132,69.0346927743653,50.058516412094875,36019239572530,3528,6.056399999999999
0.2176701577999493,21.623131807915183,6.972889030125123,47074732504670,18117,31.100849999999998
0.024893204692096983,29.942314514207222,20.403625427863332,6739448023961,41482,71.21076666666666
0.003965767419232867,16.85342642264573,8.772612415379488,28501048837593,24187,41.52101666666667
0.41047576773288763,33.571627624686485,19.981911007839678,969808161312,17769,30.503449999999997
0.5467058514152782,5.506480807811901,4.45640530230394,9382109142380,13400,23.00333333333333
0.5414639891046605,40.92835966029404,25.412224202630306,81181707014419,27359,46.96628333333333
0.5659412260060337,44.81732283010533,27.506552329526237,55066973609312,35143,60.32881666666666
-0.0031279043052230377,0.595074624572824,0.5107586645210704,71393208654342,15962,27.401433333333333
0.37888619659721184,71.35756072221463,44.86832833229502,87169175577201,7082,12.157433333333332
0.018555868576859126,20.79954302561132,16.194516827841984,90402740128418,18294,31.4047
0.3109481662952162,85.28471506590795,72.1164301461977,18306612409750,3496,6.0014666666666665
0.1816150001777667,67.36761933174522,50.86501346953498,10655886114092,69087,118.59934999999999
0.14021949516249102,36.62260347969009,29.27781382955943,77968604268809,58109,99.75378333333333
0.7687243604625346,17.87743800758543,13.49423537318261,3611392667046,6191,10.627883333333333
0.7870541252764793,1.4911560087644717,1.0513355426810755,78719074082850,36573,62.783649999999994
0.008849037902209462,6.720173941048346,3.9401668254550524,10975922128332,16762,28.774766666666665
0.7189745843927521,10.89342109473811,10.408659269164813,41201619932342,66456,114.08279999999999
0.7380741103318335,44.564553316647086,32.65335423721001,71109885574936,5321,9.134383333333334
0.06641789561051664,32.86307771598865,23.94286248307961,16669249353613,15099,25.919949999999996
0.08172195810273972,23.700952281933183,21.144916589143474,28042536290734,37471,64.32521666666666
-0.04267912446596464,78.24463096715844,60.151604861197384,73877202578881,8112,13.9256
0.5460547927396949,46.49564986901766,31.114465107890688,64998330847999,40647,69.77735
0.6170391701321013,64.02075874580204,45.52537058774163,68260894613559,6800,11.673333333333334
0.33827522286965483,13.299973948239098,12.681057310522931,74303670423555,2962,5.084766666666666
0.10933852666590343,27.418086918310895,10.679533138864578,19318768663409,58570,100.54516666666667
-0.14959623163999214,4.163635319679567,3.2607751307502855,55066413365382,20482,35.16076666666666
0.09646753450026521,55.4436270134796,39.03856490751696,49443565246278,42721,73.33771666666667
0.406268434765633,43.757759208507416,28.54449631594616,31803390181215,27107,46.53368333333333
0.00845742207666446,12.370968818051852,11.10987432544132,61968391136837,17924,30.76953333333333
-0.0038002128339488187,16.77818701275106,9.683025744704794,53374567965956,11099,19.053283333333333
0.15583334046110559,5.25251731339395,1.9652534028581263,8675091116514,6797,11.668183333333333
0.07224656912087381,62.769748378271274,52.342304024847365,87195106072220,20429,35.06978333333333
-0.007279327223361715,3.917439826912218,3.9100949755746885,21664954932990,5046,8.662299999999998
0.1500385883954568,2.7525357440174405,1.9839427075940823,42587798063403,19829,34.03978333333333
0.05338850427997197,4.781512013007585,4.065122665984285,4559555349878,7089,12.16945
-0.009104929063524383,1.7299890139037224,1.70405695757528,25587189399216,3302,5.668433333333334
0.004657652622540875,90.40572897634271,73.98255221418808,88092780354690,14785,25.380916666666668
0.5079646672187612,38.803048277043985,23.66767145471156,10938393947008,23692,40.67126666666666
-0.006407461832872779,757.9468621441704,756.4607777732515,57448326484141,5047,8.664016666666667
0.32121668849948876,7.7906533250420225,5.493415490028707,59146167310374,14719,25.267616666666665
0.02843554949874408,3.2856399162421748,2.312380407170403,43795399148560,7186,12.335966666666668
-0.04411500504116894,16.61631775977373,14.998343769196541,24117744960518,18600,31.93
0.2490947158979676,2.064237535231658,1.1753652813007496,3397302310456,6213,10.66565
-0.00296962902168217,10.928389620077285,10.840902261469612,17022473270138,3102,5.3251
-0.06507410538199412,1.5168750037597174,1.4124363777220958,84354251328821,62867,107.92168333333332
0.35128694566916946,38.09335409689409,24.43976028360719,13003049611650,6166,10.584966666666666
0.0007543389376795637,27.51839577823696,19.78397403660451,47974696895564,2966,5.091633333333333
-0.009598929855000379,18.496849226690905,11.205008908861224,6674634043444,9122,15.659433333333332
0.13541761987705084,50.43652604544306,38.07281041491903,43202322670554,34396,59.04646666666667
0.2661691799585383,75.60326250577077,56.48113051394991,1027826780738,14966,25.691633333333332
0.5767742863930059,3.771534124009334,3.0351447964559846,49504775945676,10493,18.012983333333334
0.3411739198926854,59.49347654479602,49.75103391340725,84753700454676,6258,10.742899999999999
-0.0031626412164378554,12.95433112128366,11.456927590107233,14472588411088,18479,31.722283333333333
0.03247622625437345,17.84543495817501,12.845836182915992,61005770354642,36790,63.156166666666664
0.3677858293284614,13.937670587345021,13.042176960098695,31271976884484,18675,32.058749999999996
-0.00524825057805831,19.141965905915054,18.180486982263997,25226987921764,21251,36.48088333333333
0.15835204443714326,58.13268603747583,46.728850772252116,73397363778727,19894,34.15136666666667
0.16884937292943972,0.8565184783205367,0.5640473966151887,92110597681652,45375,77.89375
0.1746035430827837,31.08186312833999,22.713396773491915,8665028224424,66312,113.83559999999999
0.5780123304267094,42.75254231271198,26.523048991469818,26220952893665,31837,54.65351666666666
0.5053146934871855,41.14707290078203,31.27346921816736,7587980996516,22421,38.48938333333333
0.2697970634783473,26.790854029518645,24.710762563079022,82988704785806,7606,13.056966666666666
-0.003657035813316,29.035844030994582,10.52317682242927,71814300748712,14566,25.004966666666668
0.6629039208724631,36.329503649179664,15.171432584072537,33673060625056,6797,11.668183333333333
-0.0027793983796529625,28.799068092693325,15.361640642435736,65730368826694,3785,6.497583333333333
-0.11759585318950017,8.344155455892077,8.173965006917213,26916660529515,44849,76.99078333333334
0.01124594845017486,17.86591589481441,10.810683044384326,4382251322165,10840,18.608666666666668
0.8224317072964518,40.869970882015885,25.20849977612505,77870189835783,25182,43.229099999999995
0.6002470740277094,6.974378206833117,5.941590231291266,61886900722789,23287,39.97601666666666
0.44113990320362945,32.63416882861804,26.01712549364441,36142492115617,68240,117.14533333333333
0.0049395133948426295,3.6497136745747096,3.5830924254560057,52040397900431,3236,5.555133333333333
0.33651748624626215,75.41243257506032,54.891641845472456,91911627909019,6615,11.355749999999999
-0.015875190203842354,16.033463289546894,15.8108303615691,72774050620210,14731,25.288216666666663
0.0028154113323968074,36.76329781110575,29.816779597808843,33706598382300,10518,18.0559
0.049003883136961725,39.56261304096796,30.35277044310524,49403325012604,8427,14.46635
-0.002253249720666907,12.50508327960527,10.049090290579077,9831686752914,16659,28.59795
0.019764092374487185,2.4099274329250258,2.3954128194879463,22525824830085,4004,6.873533333333333
-0.011979974208370974,3.2357209382067613,3.200042639902351,37983186248068,3310,5.682166666666666
0.0015746824280249464,8.264987805192964,6.260729986036133,54978003369766,16513,28.347316666666664
0.5203236685733266,45.050943928704385,28.084276487201482,80396863891084,29830,51.20816666666666
0.03358190927428083,89.57904384400594,67.81361317362486,5334582951207,31807,54.602016666666664
0.0801276632065648,109.25816736977552,84.8445072765306,74526987664337,10775,18.497083333333332
0.2462955207259019,5.0963955210441005,3.1478351149924944,15718273704300,3349,5.749116666666667
0.24531042863699049,12.383597463774251,8.302869663199164,66761355725333,14053,24.124316666666665
0.010182028217639215,0.30828600565738773,0.252027465689428,44580497873454,7811,13.408883333333332
0.05079802986417434,4.69789680618879,3.7484482450775123,61064829537423,12830,22.024833333333333
0.15389482151518483,102.8619339998701,63.50900620603991,44834175716473,4214,7.234033333333333
0.3336111510168263,4.235535085291703,3.9975274047480163,66292989963940,13147,22.569016666666663
0.31703442732048126,18.79126909368874,9.117939486975686,90690674956924,10939,18.778616666666665
-0.0016421119011556734,30.822507186731936,21.37952105026932,87909359877701,40872,70.1636
0.46752991862839055,45.27468752455187,35.80468907762998,67046310798149,43166,74.10163333333334
-0.002561473381641271,11.050423604768433,7.912244104047454,35020252171288,7919,13.594283333333331
-0.029807718913935077,2.028286260557531,1.8934434795775354,76201120733217,7712,13.238933333333334
0.08061847989351531,83.23766985117092,65.59986975107682,92004663248679,24808,42.587066666666665
0.046571656082028956,18.658702276996483,13.432558651181534,36259958421503,3976,6.825466666666666
-0.026442567206809563,12.588201392728966,12.521722267433027,43581450840113,65546,112.52063333333332
0.29175037290418665,1.3202797551824343,1.23691478623714,10172121592364,41424,71.1112
0.48601027171468075,37.88710996244549,22.514364777861893,23228587356762,23976,41.1588
0.3708316571124783,49.91269328592485,19.6039200263542,77609421943725,12293,21.10298333333333
0.5842481597413457,39.59920214866738,23.81751655402566,41652572853307,26739,45.90194999999999
0.131910236793373,60.528898845554586,54.378523362917576,54537944157807,33165,56.93325
-0.005193506992354651,8.894062522116363,5.883117279124672,5560015347387,19090,32.771166666666666
0.01099782563512734,35.417259439095204,27.01919126690159,31111952449562,16201,27.811716666666666
0.018075472968928186,92.80798774164924,73.27765864092726,84970765330477,36393,62.47465
0.18860019600758715,7.239915506948864,6.736741527321683,66669954405463,4370,7.501833333333333
0.023348111381372234,4.222696838839942,3.4779271834577288,37896962264741,68189,117.05778333333333
-0.0012965809355554325,2.1678973696187693,2.102204729304403,58104420575132,2935,5.0384166666666665
0.5731296833436442,29.269868731624847,17.07548637951359,45771894260152,47308,81.21206666666667
-0.05405063311073648,1.438054018328016,1.1578403119409721,60357206977532,67857,116.48785
0.44748098962625676,36.90171779572024,22.30788771151714,78687559041702,19504,33.48186666666666
0.1096538076374866,7.331998304072427,4.489333821522634,59100868246958,12612,21.650599999999997
0.310729648995657,48.6256217471512,36.16882593535133,16158897761472,55797,95.78484999999999
0.026497085605456716,34.500334157672874,27.283433855030513,29826843774069,5159,8.856283333333332
-0.08003162548116287,12.065192506856295,11.379931482390484,19888128362955,15376,26.395466666666664
-0.3150108349263332,11.953604088564886,11.807945719164547,47103913026745,66327,113.86134999999999
0.06004991076889579,63.47275057726511,42.61388197870934,64227701007155,31276,53.690466666666666
0.003113180767364,1.0883407737262498,1.0546242330160485,83179872800500,4150,7.1241666666666665
0.09599780932883459,57.47001675428454,44.1673695572685,55334017854353,31506,54.0853
0.044701478860020384,37.15878405866043,12.752165749306823,13991259551437,7322,12.569433333333333
0.5489066131830893,41.104660133644614,26.111122881444626,18483657953735,33387,57.31435
0.0424374974784209,61.991734864601085,51.27047898289051,60099952665090,52183,89.58081666666665
0.009495177931286158,8.715980763124898,6.385092550955869,75406342718753,17404,29.876866666666665
0.4667632093879328,43.271354295140945,27.328216715589303,61867654456864,25778,44.252233333333336
0.25524413226045184,8.341953012437282,6.571391722769021,73192168503764,23247,39.907349999999994
-0.0037945352751599004,15.940281859321823,13.933239883345301,26623746864194,17118,29.3859
0.4416607588550009,36.58836026970427,22.017963234890757,36163511914156,19660,33.74966666666666
0.09060487345992127,2.729425126090148,2.0781906149989524,88831854232168,69170,118.74183333333332
0.1434197140175764,49.625677673733406,40.063028942009396,90630084284258,10313,17.703983333333333
0.02089912701947301,16.336396084573067,11.165443282865645,36481599043767,43210,74.17716666666666
-0.5816691985647743,2.8391567292998223,2.534641929294752,1164404144123,10350,17.7675
0.47055921826581315,14.248206816511813,13.857811494703668,40771036950175,3935,6.755083333333332
0.5582856535230075,40.57125719553731,21.530539597084918,31328677838070,39818,68.35423333333333
0.47506239869059336,42.50447374556998,27.15973434632472,50463021513207,23398,40.16656666666666
0.06934311786482986,51.22950937277551,43.12703897919723,57140235905006,48599,83.42828333333334
0.015753693109574543,40.424140746438034,31.108405624886164,51722649240699,27505,47.21691666666666
0.735054746787711,39.92286540319459,24.737109370733418,41500967716737,12249,21.027449999999998
0.05676158367170821,3.8957624079752713,3.797108416621676,79408466098671,21855,37.51775
0.027674107921080625,19.289579327086763,19.288616978055355,63408211598899,4101,7.040049999999999
0.10067492058408672,80.86433968569051,71.33101392532014,2285667452785,65558,112.54123333333332
0.5262343774823822,43.919703961669725,27.50844094820159,23592432709998,30331,52.068216666666665
0.49217057731321606,40.25637812962179,23.505347438827105,78588695736946,26202,44.9801
0.3796291139101687,2.8560693389634917,2.1724837944017503,17037888306997,25316,43.45913333333333
-0.10870220919706483,11.09711761921246,10.550277843278396,39493201431482,10072,17.290266666666664
0.5257922155035648,44.385604457115804,28.19057215195889,9843134983953,32790,56.2895
0.9052289028890874,1.9735760394874553,1.3663184377597943,18940902581226,24229,41.59311666666667
-0.004772312784613716,13.163787869796822,9.40990450821283,53484831826620,15471,26.55855
0.6801192598127657,46.86750665180247,30.82355306567402,21317300702316,7667,13.161683333333333
0.6220824556787258,45.721355764722034,30.3348023384792,84760149955480,11929,20.478116666666665
0.4704800432889372,42.60058830398953,26.738295426317457,3649922536301,23909,41.04378333333333
0.012016630377378015,18.941723393148685,10.48858864856201,3353397651819,18872,32.39693333333333
0.6555529716860006,33.36343870040115,28.502977210484193,33011413355237,53222,91.36443333333334
0.132267991772864,68.3590533573979,55.69786653221945,61514674404361,5078,8.717233333333333
0.0027499494653333103,0.9968763273733496,0.9120017429198851,69693865322982,3317,5.694183333333332
0.725160762616579,2.95640061977783,2.232161695561391,51289292623925,15674,26.90703333333333
0.03342603525160372,6.982561126874251,6.064213032988315,20010214478510,61954,106.35436666666666
0.018500473976654587,65.8289316417284,30.83705953207135,35388899789044,15473,26.56198333333333
0.15885622139040684,5.1336869955674205,4.561077621470198,47812106987194,2981,5.117383333333334
0.20338462035318505,73.05225404061228,54.901908050649894,79676993421772,36123,62.01115
0.11810476747276871,75.88441444568905,53.75051981843978,49832250660900,9864,16.9332
-0.07300525363099414,65.19365788096457,37.194527533247665,80142936764491,3330,5.7165
0.5330593621796686,43.04664575477322,27.955991821606073,80279365944379,28158,48.3379
0.5472979421619174,27.48452658696183,17.750413524680614,76781608485891,10883,18.68248333333333
0.10676943623397686,1.214460691700003,1.1232383960895207,20657937005867,27275,46.82208333333333
0.3612761225894348,2.55539564915733,2.534620975723246,42388337144334,7434,12.7617
0.5175550219347751,33.889133276710396,23.093984572346724,65784585695195,10887,18.689349999999997
0.012926463936831972,82.81853371422142,62.7734350107066,42988948627332,4641,7.9670499999999995
0.17194574713785293,15.05582118034074,14.518061372330907,77694326811989,42852,73.56259999999999
0.022562753079152845,31.399388704873253,23.332961735996026,84874715335187,11083,19.025816666666667
0.24042969567573685,26.108273737807675,17.349240910021187,58728594266476,15927,27.34135
-0.017062274354944625,14.432027571578407,12.874436451814747,35302733980555,18479,31.722283333333333
0.5089029188924229,44.70516393557667,28.422689246727973,11864157438032,24588,42.209399999999995
0.5586365933548063,217.24994922511775,163.12493738205958,62104276337206,8956,15.374466666666667
0.108789947129733,13.162136939524997,13.078438074022975,9480318469344,3902,6.698433333333333
0.06085581590141641,9.642349681773894,5.656908221063876,79804251237774,7669,13.165116666666666
0.42421651040650277,35.21112391641562,21.43078306763216,85147899261799,20633,35.419983333333334
0.7323003784132148,51.640365174452285,28.368550736093002,61586458255253,5617,9.642516666666666
0.027106591208040313,78.65669108203606,63.942944700948715,17214578073807,34442,59.12543333333333
0.25612790692019105,50.580752768608505,36.042499385166195,26162279443053,3983,6.837483333333333
0.3190370041136114,4.445289736573132,3.664408322125713,28808835121615,45156,77.5178
0.2563001158959984,38.81465822270502,22.326962096198873,8908899448779,4267,7.3250166666666665
0.30275689649933213,3.7441977163934053,2.9105116806116493,25750111114561,33626,57.72463333333333
0.37840196122880315,15.53413609163117,14.012418466707928,67200897304776,30927,53.09135
0.6548907491697337,12.169275669030142,10.889865209631843,50445674940021,5499,9.43995
0.8725230359851589,3.528277998837471,2.9884543147044904,83915655027657,20681,35.502383333333334
0.745317213694041,9.779093133196087,5.065878750944225,36921759960867,11453,19.66098333333333
-0.009320189120102636,17.547123705178944,9.836044973877655,57319593684138,21750,37.3375
0.6716136677186527,3.4564856276410407,3.1081967011284863,74584523400776,5624,9.654533333333331
0.03434384360605801,1789.7912327512513,1405.2842333490537,82814355379096,30095,51.66308333333333
0.23556854931311774,24.20366994273665,17.22813929750587,34912813524465,22310,38.29883333333333
0.13287675019069484,28.304530570139203,18.602730936000132,59519307072715,48441,83.15705
0.0873716035820519,55.31551393377692,44.22753649266229,3611766027875,48613,83.45231666666668
0.9022360672690615,1.851940715179516,1.2896006161886857,68660640665498,21938,37.66023333333333
0.010763878523623805,17.74375955817798,17.74191193202357,46937385971897,7929,13.61145
0.8036691399829041,24.233370360210994,17.236008134679647,55682530216971,5736,9.8468
-0.08854825143392937,14.364467873838883,14.355534593116374,50979353911634,3493,5.996316666666667
0.2350433425124725,21.850135213520772,17.078956199885273,67293056710254,4177,7.170516666666667
0.0069586411592388675,35.00704156397828,26.4843542406721,11731161508728,28915,49.63741666666667
0.4658021954122636,44.435737938666165,28.467812679206887,28905675494952,27922,47.932766666666666
0.008661701765941849,1.2363051362058017,1.2085653856239071,55675203316366,2931,5.031549999999999
0.5130101643181373,1.806600997407807,1.7092043109080444,4174112500957,19370,33.25183333333333
0.035460997914125034,29.789594018217045,22.027443661352276,25026396923506,8859,15.20795
0.024066010470077226,17.884511207404277,15.459428838543147,75302455874563,4219,7.242616666666666
0.7312133827704441,33.76928180935693,16.818011846874874,76282464829323,7543,12.948816666666666
0.15452457995806038,4.786611634276199,3.7050035624971023,36229722095456,33700,57.85166666666667
0.006413409938704751,95.23812961772772,75.57712761907452,1389960217550,48045,82.47724999999998
0.49643746932940425,44.883062361212204,29.715529654189595,41486124412206,29182,50.09576666666666
-0.1485003682567713,0.816665875868535,0.4153035241030833,12007177345452,8319,14.280949999999999
0.06795305277663817,2.2927275503706737,2.053192658674779,10433526414667,14206,24.386966666666662
0.5444026249722517,46.13830000496516,28.691014321808694,83997577519557,36532,62.71326666666666
0.08865366511491668,83.0966965220831,70.17740359022929,17541739826918,19248,33.0424
0.03333418244884649,54.54952658173985,38.34684380924927,28890106821575,41157,70.65284999999999
0.5913940700264986,20.92210310624806,17.47645801369003,81393740676011,28656,49.1928
0.013746460349019144,2.949356629611444,1.6701083956883387,33146790130406,24255,41.63775
-0.012286860783136561,15.92657214781068,12.227666918110124,61614679193897,20053,34.42431666666666
0.030212893012969262,2.606554324158642,2.576948485258077,9018557714401,3237,5.55685
0.1166219305356151,88.69410233020079,66.56983293191304,19333337086110,5454,9.362699999999998
0.00961812521330457,33.3455887254195,14.715960141696689,22781870041950,9573,16.433649999999997
0.5231973693486158,9.886281287479347,9.518005395276804,22752425260040,23898,41.024899999999995
0.013765622939982498,11.01875198561987,9.58553307587755,51269981916205,16679,28.63228333333333
0.04199055433502256,8.407805363866524,6.262882309331813,31074230641511,16619,28.529283333333332
0.20356176009702048,48.06304881211473,45.65753072822181,56771597642910,12330,21.1665
0.16153675641941811,10.724585329809846,8.331290600534377,90612109031985,31665,54.35825
0.5125803168010207,38.28645315896103,27.09716599028621,14571710764549,13303,22.836816666666664
0.04383559495451448,15.023319257555052,14.546272115747602,32461246644039,4507,7.7370166666666655
-0.1092330502124966,0.4415575770980473,0.34840463357880425,3798585812832,24207,41.55535
0.10151772152527692,24.975015078762937,16.759140625272803,58033382249091,8390,14.402833333333332
0.19798795231984026,4.307569573219207,1.9588512485734435,49920805904303,22098,37.9349
0.2858455227053253,7.585014026955683,6.836753779502803,48735462591440,3367,5.780016666666667
0.04905240115992848,102.06030871298316,76.19667099729334,58531133010620,3484,5.9808666666666666
0.2845825019213151,14.415661844500999,14.387068979313634,61472813245302,4813,8.262316666666667
0.7581322561782784,37.18120230766402,21.04428765429277,16953410205482,11184,19.1992
0.04278610533562086,2.8084680458818974,2.7984976008566522,86581738752120,5572,9.565266666666666
0.08268201159772558,17.789345877009456,14.794862969278062,91624603839650,36552,62.7476
-0.039100517314848496,9.373361049934953,9.097917388693979,31188989097389,14844,25.4822
0.17712100859533156,12.526140340025892,10.197054846452541,18561867443702,17892,30.7146
-0.03249409049691067,6.55497145699429,6.251276922586362,79911831221638,3043,5.223816666666666
0.05676498698327082,11.842707328226789,10.419458772077466,55927316804893,17843,30.630483333333334
0.03579900585216466,17.07619816230078,10.156508657562973,29247877196562,9135,15.68175
0.5646548489073596,64.73178786516623,49.61651442376037,3562462827323,8441,14.490383333333334
0.3559046767385221,41.039071412661684,17.572754045546596,15563123495005,10338,17.746899999999997
0.04445049679214473,13.830522687971449,10.923968095900268,45980739037109,18545,31.835583333333332
0.0012864623737693884,3.6169508666387116,3.609949840508222,50741744678298,5605,9.621916666666666
0.24021035826561385,8.637075074496464,6.695987351651019,86183232581416,32763,56.24315
0.001758891361500523,17.489644250558186,10.588482077243864,37428303406759,8980,15.415666666666665
0.5278478831778074,35.35461562786838,25.658279084855582,2445409797895,3454,5.929366666666667
-0.028562274301794144,38.34605893799992,30.679948882264377,65372791019748,54794,94.06303333333332
0.04401401727905562,99.5307646092745,73.88450490666884,83117248644695,10473,17.978650000000002
0.331840938738897,80.71682278861437,66.58476803867795,91069183462379,3709,6.367116666666666
0.10001435656729486,74.6057877214965,62.42844658367642,8037717137202,6741,11.572049999999999
-0.011839082123219522,8.297747653844533,6.2105922447634505,76653838157335,19503,33.48015
0.18937320277142497,68.90993687302094,59.24597368156443,72009630684925,47619,81.74595
-0.0037577785251464895,18.848273599051574,17.290760988291705,36489782253385,17842,30.628766666666664
0.0341262026852921,12.108631171118704,11.953562809138113,11750969062092,8010,13.750499999999999
0.19817444976180384,83.70257088588197,66.07056269380733,9846200410257,55826,95.83463333333333
0.5005876320125067,44.848781447377156,28.849762076752523,56555538400752,32414,55.64403333333333
0.17013225760195044,69.82224234643293,55.213014701201786,6586954501804,26808,46.020399999999995
0.01124375359556948,19.429070844905112,10.960499857085454,2279574177471,11687,20.062683333333332
-0.6128187136876693,1.0614381344107433,0.9210643926334033,71766569521616,37055,63.61108333333333
0.4357687620840323,44.32849179441287,28.745434965342213,3341342723004,25572,43.898599999999995
0.202835239879726,62.171442569404775,41.46909739686956,26881599063194,53077,91.11551666666666
0.2960923734114299,35.675919326464594,21.366715030371804,66483145630696,8822,15.144433333333332
-0.026043930826389297,21.23491104437673,21.233718117003594,48854777216720,4797,8.23485
0.023428467266651522,33.58503382549671,25.20949461850272,20532789754022,18253,31.334316666666666
0.014332058147627459,18.43918850578403,18.43653938631816,78094105639803,4442,7.625433333333333
0.1307439820178331,5.367186333579454,4.965452543343431,65992447326731,61903,106.26681666666667
0.09848136133244347,15.82844099883165,13.98007543414584,29553550076716,16638,28.561899999999998
0.6883806114918929,44.49429965570926,28.46688624820749,5190472436701,8171,14.026883333333332
0.7923445648022169,41.68616697809166,28.971708463006383,43940387881748,8586,14.739299999999998
0.4677806320880426,20.09155325462552,12.067453851429407,31175156139803,41085,70.52925
0.6369570173215652,7.6010389898995525,7.2258081835201,28601929186425,4732,8.123266666666666
0.7022929050613486,42.64700545816729,36.14946954908083,58757960211013,48456,83.1828
0.3657926816958057,5.17615081480798,4.917687914551807,29126475062105,33320,57.199333333333335
-0.0025420883991071454,1.1303437153425278,1.116287472172452,77170924773171,5990,10.282833333333333
0.011195000774569046,11.36296347631867,5.150082185669485,21297746608452,21477,36.868849999999995
0.1758423131099322,12.406973058440123,11.35634915011504,76768059096697,47389,81.35111666666667
0.028132863805373602,6.747505886564431,6.690987467571045,59141335362320,50190,86.1595
0.22856339490598307,76.92983058796261,59.645589672422155,13248453673137,3923,6.7344833333333325
0.07674497837756458,40.148163528645725,21.23906328423611,37245169428488,60991,104.70121666666665
0.0981230086418466,5.004190214860516,4.318362795415446,72659669278154,59995,102.99141666666667
0.7435199905976221,49.1425936462506,38.82339486729071,7593454475611,12432,21.341599999999996
0.80272730933056,36.909881409804846,26.993365878762603,82558272524443,12169,20.890116666666664
0.26012224514544474,44.23389084265263,19.91177131030737,10358183194360,5899,10.126616666666667
-0.014164764587728374,36.94174089217737,14.61302610869684,90944247503618,6263,10.751483333333333
0.7574033102230366,33.43398968923521,32.86932671533642,51604039151878,16356,28.0778
-0.019676908370300936,12.315918086165562,12.155950839257406,58246452660025,14491,24.876216666666664
0.04180848308888757,38.99822823625607,12.285523771117827,16697902973017,12645,21.70725
0.14532333782163856,4.28440644248504,2.9846272509149676,8875284308046,45354,77.8577
0.03618679069018332,19.52869810573932,11.887993122749178,48578369554357,9108,15.635399999999999
0.3111804354353787,88.27207873588131,64.7317899616752,77130938667572,5401,9.271716666666666
0.3014916066435994,2.8704880866945066,1.8578412455897177,90165212520010,2976,5.1088
0.005334157639573709,24.008190660859583,8.45095912841818,88277089269193,11586,19.8893
-0.007989817042046139,29.726929548530293,21.095698629944017,21410256729380,3580,6.145666666666666
0.2202814893151721,1.3033158355242325,1.1281215660476271,42274219128254,29472,50.5936
0.6186903233714736,43.15220110124161,26.81485174417032,16672321826762,43188,74.1394
0.4468694418842234,6.951348148188274,4.506168136806321,41273323906952,44399,76.21828333333333
-0.11251346736146273,7.710939007909684,6.376391543420737,7436434201211,3064,5.2598666666666665
0.08984943973112032,54.34410747603445,36.59373495436927,12562799638590,7749,13.302449999999999
0.0028450367496670142,15.475163939501956,13.018768952015304,39620078071666,16550,28.410833333333333
0.1503643368005522,54.47079052711735,42.254518199947775,27459173214117,8581,14.730716666666666
0.03719979275901293,1.1393309419531779,1.0285080373007192,69822082722309,3193,5.481316666666666
0.10312570543875463,11.085088108938503,9.836339445183683,16760838150850,43606,74.85696666666666
0.3156279071561603,27.287905894741943,21.31808627363342,9263103563684,64113,110.06064999999998
0.5335608187650556,42.611774163835925,25.726741275165036,21743876194365,28473,48.87865
0.0024662722003777073,16.68252784214432,11.721410150745688,66764203699831,21900,37.595
0.19509020114752945,20.680218628968618,11.052527938570295,42468481686302,3584,6.152533333333333
-0.09471459669068977,280.5478835239921,251.3265745904874,52987586741648,29151,50.04255
-0.006197753084870133,17.909340714207065,16.650893310533952,39391210306479,16531,28.378216666666667
-0.010359815871759189,31.72699615666455,13.107641473681385,85152917651405,6318,10.8459
0.41554012244270966,4.153622694487523,2.502142364514584,50383068091284,45906,78.80529999999999
-0.008989150113254834,7.399270268503295,7.117556201080028,31169548414564,22461,38.558049999999994
0.04519097244317673,33.10311981651619,27.253106013480863,66616853574318,6369,10.933449999999999
-0.004015006846545749,3.0584204477512533,3.036264505063517,41992825115079,3279,5.62895
0.5831569869265169,35.046131799407256,24.1826207348391,48503400046630,5907,10.14035
0.07974141866317952,32.512264011888284,26.40637980394778,40816460236732,33393,57.32465
0.2289291686125954,38.09712026496597,19.59933169390754,74028689633226,4136,7.100133333333333
0.10448715357387318,15.501483005038557,14.50145479394968,71853618887175,21380,36.70233333333333
0.7905579110213964,40.92166235190969,30.750716629939255,32073230916284,6114,10.4957
0.47122196925096893,36.77814391460964,22.092636190573508,50752172649763,22793,39.12798333333333
0.37629323542654824,79.62005793993751,56.474977333818345,11880055053451,6698,11.498233333333333
-0.00440615808248876,33.58168581261884,23.78551894365832,17567257145976,19207,32.97201666666667
0.006120122030030961,14.018370710975683,13.703850447656245,21297388930890,5016,8.610800000000001
0.1988458000379159,121.97824191451392,107.75417095172827,82559503380475,3649,6.264116666666666
0.6752584332372208,11.557063820656136,10.883275132335507,24623362060883,5829,10.00645
0.12358068996307488,348.05397581695655,276.56607569406793,71159090806043,59522,102.17943333333332
0.1899341147351832,90.12340562562221,55.59475211671128,50408569859579,3492,5.9946
0.04255831575053653,40.79487642544558,31.499172483315803,2896154931113,5674,9.740366666666665
0.6564227534061241,67.55914460750974,38.11399129986797,2745108434522,21018,36.0809
0.42558191978567217,27.91159794619098,17.783591123097338,65623054413121,13268,22.77673333333333
0.17687117086651005,0.5177743173588433,0.3611375277153732,54374199489063,42312,72.6356
0.030383506420054794,8.94980860005021,4.1213722095667285,74388002394058,3004,5.156866666666667
0.019510796800938656,72.3402352270829,56.6059900987993,47875502397960,44665,76.67491666666666
0.21172014042968804,31.320915607815195,18.69550480909287,2349612178045,10438,17.918566666666667
0.016042245324093714,6.914717887096644,0.8936850045912624,86998318127426,47549,81.62578333333333
0.5067341797879087,40.413779429140845,25.74771352591527,70746021977350,25245,43.33725
0.17984375537860522,40.53631230383983,16.898729374651737,88492757333995,14520,24.926
0.08091096282913884,56.745552589558535,50.32063859680882,20924628006079,64676,111.02713333333332
0.17612808046414796,13.390113275501438,10.572331330612293,11685972146251,20697,35.529849999999996
0.36743634398166086,29.054841025038268,11.874158528542168,81674715582593,6869,11.791783333333333
0.42284455344076677,34.27720063143198,20.340059864412574,46242656931304,23962,41.134766666666664
0.6564429771703415,52.091678659394724,37.94082544559945,51875280604002,12475,21.415416666666665
0.065198813713281,42.291229676913304,37.846237503894415,31854532741048,18778,32.235566666666664
0.3916253051475522,40.72507857877266,29.13900722362994,48099213408298,12366,21.228299999999997
-0.013716665931707315,2.3925747338558145,2.37941681048192,53292703910183,4905,8.42025
-0.3740506442269817,9.375511596027676,9.256107459938349,16290994429063,69795,119.81474999999999
0.37166858644187145,7.630502465554237,7.063740134115293,46935501034441,60613,104.05231666666666
-0.3291575059818261,0.7423856485983489,0.6608948194593298,55724236186518,22160,38.041333333333334
0.2656124437070624,65.81710638959237,51.990590779008286,42948421968361,43267,74.27501666666667
0.007325357970691111,14.18664648973383,12.761970744401175,31527027346971,18225,31.28625
0.003225639765161196,23.307908067190553,21.362924551429174,248140497023,21361,36.669716666666666
0.18134956986905196,4.2254280356464164,4.070978181958507,72117047586521,3862,6.629766666666667
0.09546530933285068,16.783572232740003,14.61598310903548,8822748059580,31586,54.22263333333333
0.027969596231855177,8.544681753765703,7.4119091884294015,87681537524769,7043,12.090483333333333
-0.029557717508379103,17.010713846060938,17.00838538194233,22394559841328,3013,5.172316666666666
-0.004436132289920734,10.306699814517609,8.17825035874564,25216296843375,16877,28.97218333333333
0.0153360031014793,13.230017776750831,5.162018892396709,22619722127544,46514,79.84903333333334
-0.018205152706688963,12.503661012560086,12.405795187845717,62642702727819,3562,6.114766666666666
0.02131538751282828,33.51719221642623,26.652801707153124,5206986944737,6181,10.610716666666665
0.14413729746860207,69.68458596799367,61.78704253357382,71057694642694,31614,54.2707
-0.008162665829378819,1.0749307719182883,0.41298502016665384,78361410530843,8454,14.512699999999999
0.4093187604276691,36.83633313619235,27.04731272619981,82985114767671,14428,24.768066666666662
0.09452610562521475,54.889364481628625,43.07186311179607,50306993448934,27921,47.93105
0.152297631917052,1.2483456240749309,1.2024415656502028,90921211293221,34763,59.67648333333333
-0.01465476885120011,17.205280796487997,15.226042969275893,15242952619931,17351,29.78588333333333
0.1084126339294683,60.75334953914071,41.606062051377705,47128768305712,7468,12.820066666666666
0.10162014835807422,33.82519114057738,20.53320222144149,20307884380052,42702,73.3051
0.05705485051500479,98.59628644169418,76.33631259060544,70782404126720,55121,94.62438333333333
0.8897634244166798,2.169176831923082,1.5853091777397395,7456793311244,21777,37.38385
-0.056176086194137664,16.385739658207466,16.373147692403535,64945887645132,28301,48.58338333333333
-0.009946241746685498,34.691555303885224,10.515538675070985,4741821956720,12357,21.21285
-0.5942642839450566,14.638167985044054,14.30069976180069,58660999137285,12493,21.446316666666668
0.05950745868580464,69.07956398263603,54.00768994874507,68012630792166,63303,108.67014999999999
0.18249469462197268,4.9643066387338175,3.476013552123001,66418387433532,11821,20.292716666666664
0.20956792890717088,61.958025659195926,48.335628324169626,89385785704408,37169,63.80678333333333
0.046853945924727,45.79194584207567,38.43259102420386,68278538787806,23687,40.662683333333334
0.27247143318291567,16.16320500004181,16.057315315005262,5266996930169,4110,7.055499999999999
0.04045833917251712,58.35121178902313,45.69006223653473,73379344287366,55438,95.16856666666666
0.793778885743238,33.95368222287566,20.363369451463097,44183191659330,11911,20.447216666666666
0.6267091788696796,2.2479195898421005,1.3525405035137785,54153635529942,11714,20.109033333333333
0.6674754072792026,49.91941503630922,49.331324677394605,47620712184947,16126,27.682966666666665
0.020739854811656012,20.387221964512673,13.911542448855165,21669076996356,62079,106.56895
0.1639909113529045,72.58603216817995,44.86844631705697,72184322026965,5715,9.81075
0.044701436756883914,86.56136257621958,68.2497437939946,79481216650842,5176,8.885466666666666
0.055762077316315446,11.236151001480776,8.993446192806962,47952658148835,52725,90.51124999999999
0.043287918065483114,2.137611179589588,2.1182474545766383,41084198922898,3522,6.046099999999999
0.5964508171668382,6.632401793960581,3.452298344171332,75371676500591,14273,24.50198333333333
0.004276945390538712,17.665948137252002,9.497555666662324,28168279887806,23371,40.120216666666664
0.4016258463544102,39.85605005036772,25.02349389647257,18770096413807,16803,28.845149999999997
0.4589863199294041,4.999777019559969,3.87549714955984,65469712173037,49051,84.20421666666667
0.45789252149748955,67.50627313365032,49.4433961292037,65694792980418,28578,49.058899999999994
0.08912036650845725,13.460258688751425,7.035667866181628,57920351911099,30966,53.158300000000004
0.20780824714854457,23.46061663863741,16.42048198273522,6306348054831,16138,27.703566666666667
0.5285975241247413,45.132262588355,28.973706256404917,42774644105683,35342,60.67043333333333
0.9053338393671756,2.2528819669717532,1.733447567185641,75831715684874,22117,37.96751666666667
0.24500856828210488,8.016317215154162,7.550961181373454,9948753078703,13193,22.647983333333332
0.3244901368797408,59.26636181036569,43.95830791380494,71801811028718,6365,10.926583333333332
0.5026408411493121,6.56963036422212,5.716303134053675,86935722972337,56170,96.42516666666666
0.346172592351706,1.4135197706589806,1.325353577525069,82190751671187,11679,20.048949999999998
0.7398306977003577,42.93675879285719,28.516891690475312,37884288959757,11219,19.259283333333332
0.800269684315903,37.604266990222676,29.406562574229767,21088331995324,17963,30.83648333333333
0.00916307395632557,30.681631704687184,23.037829589718594,18804788610174,15240,26.162
0.0387606806278609,0.9927965965124549,0.7205733617100484,92182864863100,27448,47.11906666666666
0.09173206860231933,18.82721493235716,16.567200067278737,66760056905055,28760,49.37133333333333
0.6504289837057458,70.07069025162679,37.86375675105998,69987981913941,22788,39.1194
-0.10711320772433126,0.9180223249247977,0.48189465773350065,61054425344001,8388,14.399399999999998
0.12784998856507787,16.07234349618952,12.700284397198262,28686376235814,32443,55.69381666666666
0.04629336521185921,6.611592458880452,4.405375488545713,87817130875083,25733,44.17498333333333
0.047508704747085365,2.5887199405038324,1.948610664832815,37809908755866,12351,21.20255
-0.0033312049148856468,14.656944225742894,7.749119399261177,51445013985091,25690,44.101166666666664
0.4187249066047687,12.60312140862459,4.144680193350486,83180791649847,7443,12.777149999999999
0.427625253292567,57.83724130392938,52.075237471197234,54931694935642,42982,73.78576666666666
0.06855903546822119,1.46873515461223,0.7403173719917413,78456061736045,9039,15.51695
0.5337079948110647,8.318042645934913,7.599318734924171,59021190808848,29757,51.08285
0.05514707883131177,7.629399726119725,7.397010017665982,50649543253446,30916,53.072466666666664
0.09797879169354974,75.45447039097553,57.35946219892817,667196338593,16448,28.235733333333332
0.7105989630256705,4.553522817760122,4.42013180171967,53951744659607,18466,31.699966666666665
0.11219312946880614,9.745309054867722,7.062156257944908,74942887479495,25269,43.37845
0.20504706974217596,41.539580003128606,22.607391463204305,20835524054040,2921,5.014383333333333
-0.011178144136194567,6.088477034222907,5.695083798091766,6297691566459,3318,5.695899999999999
0.29703899592170635,30.669329512472274,22.463354158972614,78919626837701,31977,54.89385
0.0012950592672617736,10.052340983171243,8.106271823147344,3992525425855,16701,28.67005
-0.3001378599413739,0.9197182528464294,0.8110147853140871,61678156768984,63225,108.53624999999998
0.5846751007364703,46.880774746465754,31.013988810871904,57252734248546,20492,35.177933333333335
0.537808528253861,44.16053197916651,28.65221484843191,16068210064760,32252,55.36593333333333
0.03308341830916973,5.864128535813363,3.1913100685760987,44684761201252,3878,6.657233333333333
-0.024359848553521465,1.563846414967273,1.523974071998356,59315647982532,3494,5.998033333333334
0.24813118068280068,40.26859372942476,18.853987526845156,71099668159030,7872,13.513599999999999
0.3218163750685963,20.99881187130829,13.920477594573356,75312578955066,3646,6.258966666666666
0.05467974533190954,91.29179920662472,68.39910360363086,90832980052599,35965,61.739916666666666
0.01995555072326066,57.06259292471677,42.54785647380633,76605443511154,55712,95.63893333333333
0.048215521880924,45.1567017740737,37.44355438249382,16349562650250,51281,88.03238333333333
0.2044974468055132,80.58548214669432,57.89303217049038,63104814396237,54978,94.37889999999999
0.0037086621102690328,21.003367446540224,20.99897071701962,1084260228205,5369,9.216783333333332
0.050691839490872546,6.5648460574968714,6.071203956654355,16775962712304,53791,92.34121666666667
-0.007371942505747274,22.547340167148775,14.48613762536985,22015561826298,36001,61.80171666666666
0.030405388458596787,98.41294551995723,73.29270477561975,29347349158364,18284,31.387533333333334
0.09304130918117755,21.374184821609855,7.7580902824869025,68777773256523,14943,25.65215
0.039060439128775284,99.29463870573224,77.34625660307059,10428569910001,9829,16.873116666666665
-0.08264826210449139,7.90452872869973,7.460168742038863,34147557781839,8799,15.104949999999999
0.02221501024106212,55.090514301574395,36.33974555890445,92198754927384,4212,7.230599999999999
0.47104935940318793,39.492784532226864,25.26666371240773,56683553131975,25429,43.65311666666666
0.744960699760963,3.775552438889266,3.643059011805794,29331055062299,7493,12.862983333333334
0.559880667979511,44.73813467207147,27.69634818899787,50402012785637,32038,54.99856666666666
0.24356932315671226,83.51195457637814,69.67830078536795,8655639918189,3409,5.8521166666666655
0.009318523877083557,0.7897692007692424,0.28945656256937147,51127991839529,6238,10.708566666666666
0.8615061663870317,11.153834379755851,4.834548796651474,33854427824137,18037,30.963516666666667
0.03737454919729234,5.147109575375119,4.2219936398139595,86564243770299,25860,44.393
0.07132291774506017,62.548662248231864,41.656967977095974,26907961146246,31185,53.53425
0.03808832334783324,2.5607358294356204,1.9335627517067402,73989380822158,49553,85.06598333333334
0.14050650743409948,68.35609002241927,47.66795718812414,52922311655922,54702,93.90509999999999
0.4078135499875394,34.84322765422901,20.231989538026625,10897974652875,25753,44.20931666666666
0.43159574941704065,3.1573390791765736,2.5200769889763337,30597733088918,62751,107.72255
0.31213052126808155,28.243474548869333,20.175011996663052,24925218797329,29572,50.76526666666666
0.5093620720655823,111.53455430553407,87.90731809767634,19518874328692,44756,76.83113333333333
0.027911249020284547,20.84920720998971,9.27105677039043,69766885136223,30878,53.00723333333333
0.0003445949133904683,0.38024753044210857,0.303637598709,75052435414493,3009,5.165449999999999
0.02005488213062933,2.8045605803709703,2.788358798383413,43238731643286,3519,6.04095
0.0050886208827113635,120.45890167054924,92.71994107038249,48960304660296,67731,116.27154999999999
0.7309568900206682,4.3376579594442815,3.321593957075352,66727893722294,10615,18.222416666666668
-0.005471266984747701,13.433445975921842,5.78701195980684,77512504840163,12959,22.24628333333333
0.7196960058430387,7.623417743236619,7.296416013650577,12211631787885,8076,13.8638
0.02510806470983934,22.192599846682853,19.77558696306261,61517731801346,15118,25.952566666666666
0.07757613866830142,96.9882865530523,72.21537486110898,90381951681776,8724,14.9762
0.08294139360302019,1.9955112558614387,1.470755305785885,64357119644201,17249,29.610783333333334
-0.014792429540004837,7.078813510634239,4.649535109314118,85094922169248,18384,31.559199999999997
0.5208475435602061,10.193229555957295,9.753584703539941,37389288088030,30253,51.93431666666666
0.4534655213659207,5.971671394868449,5.7754319607295255,44390782369082,55294,94.92136666666666
-0.013554756919290104,2.780750503250582,2.645511341565666,15484084517489,8307,14.260349999999999
0.7496854309801431,2.6685160033934228,2.0979963828304493,6368444261566,17383,29.840816666666665
0.2678793767304821,3.7466212362734304,3.2121870512386095,69568519780025,4907,8.423683333333333
0.05029135387069923,9.666853551234597,7.870271307674576,55205198232447,6194,10.633033333333334
0.5120831723949708,45.31552376515267,28.429734542337304,44555026618712,25792,44.276266666666665
-0.07367302216824294,1.5257969502082818,1.3972043738962618,75036291503746,28142,48.31043333333333
0.08915847773265405,75.0942769921815,58.26664447043401,26324184737195,33976,58.325466666666664
-0.023831673466095066,17.476097175301152,17.469430354265043,48861148030966,3361,5.769716666666667
0.020430958864610115,51.191909145245006,28.815713102532573,78011746764085,44385,76.19425
0.6890427552121815,10.073869025139032,7.632804230569863,38315542625259,11661,20.01805
0.004681719736899777,7.715950810065095,7.426410886234014,19649411709954,21694,37.241366666666664
0.4471871490467026,43.17121963423182,28.11316544300801,80037833235739,25308,43.44539999999999
0.20338507751093274,35.7267964584592,26.232936275488804,59919125780672,16693,28.656316666666665
-0.003837487867326204,6.93048965036145,4.176099406765219,43943252192658,16903,29.016816666666667
0.03193810357060358,2.6804479384978266,1.412039253582208,61104494155306,12520,21.492666666666665
0.6057971132672051,43.02005045895091,26.796046263336365,28099091927967,39552,67.8976
0.016334477198634328,17.53465268327106,10.188657251699576,84766196914510,11236,19.288466666666668
0.5238217393647127,11.809072789291998,9.445349438835592,12807400675156,42500,72.95833333333333
0.0017182443154985369,0.9109367411343572,0.7229527708049052,60636013752344,31525,54.117916666666666
0.6487686158648738,23.486063295167813,16.89541589740761,11529171765518,27445,47.11391666666667
0.008263432302516322,18.32490696935926,10.835461765279566,35397137191,9007,15.462016666666667
0.5180708892804404,40.52386899723272,25.32711520854507,194034024202,23108,39.66873333333333
0.04432504870828783,278.6916388442669,217.05448490266386,38039550232409,19357,33.22951666666667
0.04829104461112162,31.61752744596247,24.26196275499361,63525216846349,7397,12.698183333333333
0.43607629197568876,5.172017824793741,4.435947000389477,5117044414615,9381,16.104049999999997
0.012793897420144137,26.53016580692481,18.175679776748524,73622636913159,8526,14.6363
-0.0038472237593673124,3.6075649376597716,3.5974932841765574,67912594233950,3510,6.025499999999999
-0.0028504850266441563,3.254699413563527,3.1912679765234055,31794844163174,67070,115.13683333333333
0.10132456637782342,1.0378782497015497,0.9872594091413174,42191611275926,47005,80.69191666666666
0.4086627309228337,83.30165222532813,48.33092764963465,46527313231055,17117,29.384183333333333
0.578452573354774,93.60318632755963,67.32908961868917,55874280108219,3626,6.224633333333332
0.22004993758815955,2.4182773510326117,1.4132501719040593,59265087602029,3411,5.855549999999999
-0.001977057878623698,13.356527316322058,12.102339013775534,1890000793228,16251,27.89755
0.06111350365140927,37.90256646843553,25.745969718344725,43884100063243,8584,14.735866666666665
0.015643379862334793,84.63141235373023,68.06344056097453,100033632243,4470,7.6735
0.22857288573532644,16.318708008955426,13.23589524203811,66280935171463,19280,33.09733333333333
0.4578865552916139,47.37650062085328,36.455920270564995,73805409830221,31588,54.22606666666666
0.5070747746196496,43.03658568402451,27.655960850996177,55272676066177,35813,61.478983333333325
0.6617547703670089,14.466451349367171,7.457031204468093,35034794949048,15667,26.895016666666667
0.11365733402284725,53.84532426525815,39.141338680958036,79029291301326,34176,58.6688
0.42714504266068454,36.936016608808686,23.804748009570545,38007262425099,21226,36.43796666666666
0.5323334836955081,35.027114876061496,24.062465101128865,2587286014326,67128,115.23639999999999
-0.032310778013310865,17.861071333138792,7.113504257248286,1634827851023,13229,22.709783333333334
0.16956509147536353,13.820488939206184,12.59304469690438,51605965220228,23279,39.96228333333333
0.2434890074900951,75.47634871667914,31.24067594999558,23900097601899,6094,10.461366666666667
0.5389536206175126,43.00778368828639,26.939587733117374,49257227219764,29474,50.59703333333333
0.028156580984573285,23.012400721141283,13.60000772338088,59323100453723,5248,9.009066666666666
0.3042310487255565,4.983068709261089,4.059676440014923,50745560898774,61857,106.18785
0.5187597183401318,38.317960406414976,23.072522237506636,58561717614717,23290,39.98116666666667
-0.0004860284062233933,18.414508912440226,11.178269822327188,45769470593304,17834,30.61503333333333
0.5957596451839817,8.180055262968558,6.149303676237671,51324438568572,45832,78.67826666666666
-0.03432311019211835,1.4946321263558264,0.8899689490385178,68123242645930,45374,77.89203333333333
0.030216701076812968,17.37732319558199,8.333515291786645,42103614570607,9709,16.667116666666665
0.4666656346779088,43.85406177885076,27.591846625772213,73923966876376,23778,40.8189
0.5187890203242268,38.05879141571614,23.63102929117355,67904650415052,23150,39.74083333333333
0.02543533246400096,8.277006821772051,6.323724838007788,8321656834322,27387,47.01435
0.5105731836057997,1.3530419503166284,1.1670945889212245,50812727792179,61881,106.22904999999999
0.04851496354335161,13.151976048122945,8.389012607547409,74141723049327,38775,66.56375
0.5061998163004695,43.710592700902005,27.552041015682494,5618388565223,26540,45.56033333333333
-0.023952293645476654,1.120137734398524,1.0314082259766792,41729034723799,3135,5.381749999999999
0.4060588392737721,32.058277881546516,19.463069215686662,2577694560317,18450,31.6725
0.4905594585140249,66.75801564737178,45.64631432298903,13031149295866,17628,30.2614
0.035159878324349726,20.07157666136918,11.730209406700046,12524589987748,10775,18.497083333333332
0.03524297973606069,0.8363928957370277,0.8145083556415155,9990420285063,6499,11.156616666666666
0.35576965020136775,11.084946452728156,4.019406627799573,86816707095486,15175,26.050416666666663
0.4948715873046207,39.48809754122342,24.12790825047994,70590457370635,26437,45.383516666666665
0.2473531061954464,74.43117856479104,59.528454903916206,77857596431827,13052,22.405933333333333
0.07963641488177316,1.3717618703468433,1.277366805053081,67742506779438,13179,22.623949999999997
-0.010201049308774494,24.98455629369585,24.24915342092514,16616576878414,17600,30.21333333333333
-3.0421242569380142e-05,23.437136117730418,20.71439366678897,52593304611513,4370,7.501833333333333
0.1814195234231823,14.415444571359087,4.145982348659307,46251765037887,33980,58.332333333333324
0.008773281396146212,1.4795838531964691,1.4628868672933923,85732712020053,4150,7.1241666666666665
0.004795804141068476,9.988269869316769,8.339015428110738,47498089178047,15414,26.460699999999996
-0.003091455376345608,19.73249280475852,11.934974902065848,39304697629707,8884,15.250866666666665
-0.011217043173304853,18.818560659150442,11.007277522039999,81669628077385,18426,31.6313
0.10899088228531004,6.468704286868161,1.5275603695021571,20723672988348,23977,41.160516666666666
-0.08974989636387416,13.511841110303973,13.40189929909826,75141431272481,8237,14.140183333333333
0.517313734857979,45.69620964824252,29.28875079632837,16962981570855,31901,54.76338333333333
0.5123177929443358,6.940297304469075,5.100846202235935,45344104672799,13622,23.384433333333334
0.3884297240851657,41.27473294512784,23.116482284043855,82485732961122,42186,72.41929999999999
0.23442417012973063,10.724992277575513,10.262574929744005,88744509644577,3072,5.2736
0.8761619242654081,2.8619962270901014,1.931864769642533,5903312875378,20188,34.65606666666667
0.004897532070394187,17.835841751221956,17.83424255326445,26570232823745,6835,11.733416666666667
0.43773804118044507,5.645042919741735,4.825176370701886,55743909711419,38049,65.31745
0.366669747870048,15.388233119698352,9.533745475287107,39833729714908,34226,58.75463333333333
-0.009328995885587325,1.12287109196156,0.9607043979886776,40393820899577,41804,71.76353333333333
0.17206200032167723,2.900307189096875,2.882742804530766,37386815268805,63793,109.51131666666667
0.01819096832956236,8.71514601579032,6.8918151645811525,92001783975506,17922,30.766099999999998
0.023876649730833185,18.095665140007387,18.093753449523717,57881552846977,3839,6.590283333333333
0.11053938342187632,47.205372903461196,31.54830063902109,86468864029003,29843,51.23048333333333
0.37169191326536083,30.964384967200715,18.435967027346056,18001004361511,20019,34.36595
0.7093923659923154,4.802597956812925,3.880915412629904,55345376425036,9085,15.595916666666666
0.09063616238552623,5.815442895753024,4.243588498017353,32684352073305,15861,27.22805
0.5198873110638969,40.20009717768769,24.540992175010356,91161198237528,26780,45.97233333333333
0.4624537301437384,37.59753087381123,23.713132944705144,80162009533760,24827,42.619683333333334
0.3236540464258617,16.636416383541636,16.599226354696334,75746577709032,10719,18.40095
0.29887957254415765,70.506096540684,43.254141316357234,76086509920573,60527,103.90468333333334
0.21174029023986496,49.09095285683034,22.388473890933493,51939040863466,6863,11.781483333333334
0.5903876032989983,1.6374013498322892,1.147525292689782,33385971694588,25117,43.11751666666667
0.1874365871268242,54.378950228368744,43.81050773990969,69527709228825,31703,54.42348333333333
0.2854488117146352,60.77213911950369,44.068223935105195,41965914033596,11670,20.0335
0.0393923918474675,3.256717506973975,3.1510409950478224,80935607772702,64508,110.73873333333333
0.41772166522214316,66.27006331129945,49.839376914964696,51929844610918,4578,7.8589
-0.037130087292280164,6.492538437375892,6.252729675542066,7387146870804,22236,38.1718
0.023197537040954806,4.050525685523223,3.989220016248881,22936585660264,6352,10.904266666666667
0.43507712375743,36.594486596068094,22.783152501966015,59502569682319,24227,41.58968333333333
-0.0312119428028602,2.9278400951515495,2.9070821641958866,68541117527350,4811,8.258883333333333
0.7772082875943501,2.978684975809518,1.6629724100723235,61866176542370,9588,16.4594
0.002056406185327018,15.261635667636352,12.960300495774273,83405400076369,16560,28.427999999999997
0.5179651895998728,40.448532348126214,24.1136242095182,58868546760136,25084,43.06086666666667
0.45716315497823,72.95181203006787,57.37476102628002,25153294425553,47651,81.80088333333333
-0.0020658088428145423,20.981871733313422,11.749831542603207,68038871305972,21915,37.62075
0.017323304412465157,22.11044012647728,17.867935166555874,38886514922312,38936,66.84013333333333
0.4284709764061386,103.58616293037316,80.32658191831827,13089730130856,15722,26.989433333333334
-0.010138092730785902,8.889977043150898,7.055927089950622,70040489275425,17790,30.539499999999997
0.09769306050779876,4.191116720770245,3.2259749600463383,72395895969420,17660,30.31633333333333
0.011589160384552478,16.91127262803262,14.87374720216516,81692803381414,20401,35.02171666666666
0.02179646967727656,78.20655445126627,68.99919814826346,26065288414915,32013,54.95565
0.29909549291150955,16.425704786469765,12.237063478087542,13158237443910,40082,68.80743333333334
-0.03488482599075568,24.772229038075665,12.110996177556553,7084440370477,3397,5.8315166666666665
0.09348376970934051,20.19241889900349,15.27081865266972,3235506939755,67220,115.39433333333334
0.06230388322952269,33.38746051262573,28.88176316101679,31216626272133,28363,48.68981666666666
0.5532757337572113,43.91101839115909,27.42971116730994,26700209769600,36104,61.97853333333333
-0.0018169066796665863,17.326319014658644,16.322175339735704,46689994820263,18007,30.912016666666666
0.0020135329052969092,1.2352832352862388,0.9589191614459528,8388298317664,18806,32.28363333333333
0.4317130081987476,22.190069157855934,17.84423562641776,72609113000218,28186,48.38596666666667
-9.816968738299035e-05,5.0903971608507055,4.954898703596534,71434986523428,18806,32.28363333333333
0.026709158799368717,17.54729794503955,17.54454905440919,17951264299257,3219,5.525949999999999
0.03684312505125231,33.07063773355942,17.52249230670738,57756857668326,65924,113.16953333333332
-0.3614823559201285,7.543972938167369,6.387977635210697,45641167902677,27649,47.46411666666666
0.20074520258418097,1.0992671643469853,0.990076330528898,51895480459773,23351,40.08588333333333
0.013298680974101683,20.069187535919887,16.997234315066812,55662498819330,9402,16.1401
0.08308728736962548,62.03574840654972,34.83148536131576,61598474744108,3603,6.185149999999999
-0.07400181887171678,2.006848341215281,1.8334939279320785,16574506496223,8383,14.390816666666666
-0.00809695699202389,18.182668897490533,16.12778698461745,41217946314056,19289,33.11278333333333
0.2823992601922926,50.49776836124071,30.365912342887157,9437123259778,3157,5.4195166666666665
0.6741466538999392,3.6219450435811824,3.357891831726011,61312524444138,5786,9.932633333333333
0.00741361794391622,18.18270799571675,10.575853750330142,13840909459548,18384,31.559199999999997
0.10836613990875607,15.510250378357082,13.04250136648396,73765842529196,5279,9.062283333333333
0.02034674573994185,32.04763484801213,24.564649298260065,4251963372467,16172,27.76193333333333
0.4171461400748902,70.98671056674625,53.57338305181308,66470866382899,15826,27.167966666666665
0.3405440366128004,4.694137809006121,3.433302777154105,58013597941452,4424,7.594533333333333
0.40134452009379573,35.5960900413633,21.368883961857083,5865619991606,18454,31.679366666666667
0.030784358328508846,0.7083467315424314,0.5056163343771151,60131015807060,41242,70.79876666666665
0.353916249045313,3.5512443038428003,3.230605121786726,43481751559700,20171,34.62688333333333
0.03445795169591812,2.1081862337351485,2.0855691224296904,41938500452847,4502,7.728433333333332
-0.0006114578799918525,66.27386869292285,52.30203720838852,39498444222007,43665,74.95824999999999
-0.05292826711779269,3.471232429052938,3.3396456294981722,34510255113794,32966,56.59163333333333
0.19549565976588587,58.26518669164031,36.07636183079863,39828650449795,23846,40.935633333333335
0.35684141347524084,63.61528230721633,23.725518719694367,4900526028763,6609,11.34545
0.2110429654169153,6876.046996444351,6622.241952508034,21388716712464,15688,26.931066666666663
0.2076412682662943,18.193360077984522,13.429724077027519,13217406393282,52884,90.7842
0.01220183193211239,9.914096045896773,9.621613523857553,88655343253832,3394,5.826366666666667
0.6904536186901408,18.55490067569156,14.685842618516403,88200795502896,22327,38.32801666666667
0.062082007919788365,5.767091053071136,4.971329970641535,68256413406297,16282,27.950766666666663
-0.46204103605825597,1.756747371233313,1.574342573577854,27396119641491,44489,76.37278333333333
0.7960754795575866,36.74075927271299,23.045905186460416,91765824172364,12292,21.101266666666668
-0.005117086540452539,14.537712337238386,12.895497808391156,55041716723611,17973,30.85365
0.022983621740112616,22.02065770847183,13.261631832847112,3793662468697,11139,19.121950000000002
0.04916584946369147,54.66288678677307,40.34360075832165,36864822536146,9991,17.151216666666663
-0.006738393180460262,6.2663627005075115,6.229720851423193,64844193907029,3116,5.349133333333333
0.03965681764035642,41.68414534914456,33.00460812021022,34672868927878,3805,6.531916666666666
0.2199374552927049,85.31759053102826,68.7679773658598,49048780699,3903,6.700149999999999
0.16271706635344532,12.093940093538178,6.882755111334421,19153128444352,17043,29.25715
0.08288749094267732,47.49201328211915,33.73846725153726,81566035230073,19729,33.868116666666666
0.07472202281053593,31.476211668182895,23.420014254264476,12224409945338,15429,26.486449999999998
0.7973033422780728,13.205019555298938,10.048038718863136,15408565595122,31017,53.24585
0.0005565630482439353,3.2382082074542287,3.2248510135214,42179564550038,4246,7.288966666666666
0.018425679546576416,9.847158812767097,7.45768141109128,49094597228016,45410,77.95383333333332
-0.18550474535768935,1.1696160772904278,1.125603922607469,12481856385761,10369,17.800116666666664
0.054394056865375934,1.2384981023243018,0.910148570978108,34804429849054,17026,29.227966666666664
0.15144956499840614,5.614214075105862,5.000114403576628,69581295648580,25948,44.544066666666666
0.015858029115356158,9.155928574588554,7.163942559129726,19872886823141,7755,13.31275
0.7658612951504041,31.900816603599907,26.811941739361195,81249397239682,32838,56.3719
-0.005841673264068239,19.138031206048673,11.435679761851159,31798405497725,17923,30.767816666666665
-0.1744805490337018,1.8668979072921357,1.2382444259120746,87244499161299,7997,13.728183333333332
0.05240568485539459,85.7588454523221,67.466188811434,49298802709713,30170,51.79183333333333
0.009651797936149493,10.287757449294432,8.941183926838033,24877392060084,17746,30.463966666666668
0.5302852740659336,39.74595739966408,23.27026606630793,48720083753005,25547,43.85568333333333
0.22525297395043317,38.08932475191663,29.114289365722303,28087345448516,29854,51.24936666666667
0.2280540306260889,76.99735543452606,59.45999514092073,25958507742262,3819,6.555949999999999
-0.050441224181012975,1.6412425219483122,1.3282158278527445,13779090572310,12409,21.302116666666667
0.569731508603715,10.04097586608645,8.322061402279532,32665880221138,6138,10.5369
0.00036760848930560554,14.96152781634431,13.578175081825606,11421172899393,17979,30.86395
0.051031711394442784,90.48976724728097,67.8019126779691,34434435778338,4446,7.6323
0.5770998914530445,45.16594003530201,27.77553574298055,85522505429646,35699,61.28328333333333
0.0728493313275383,9.396884688153046,6.563290986444098,10915996582941,16678,28.630566666666663
0.015138263357468429,6.309032731058048,4.937362426563825,32605980103554,19586,33.62263333333333
0.0424491834643552,46.95857472265132,31.494154028927408,79944395416589,25692,44.1046
0.37416642307935744,8.49634823218719,3.587247096397642,86417965376911,2995,5.141416666666666
0.4631521051060787,43.18485335270947,26.8805373497061,16289880063130,24349,41.79911666666666
0.014529941142060613,13.46018941059831,13.458226426931951,5796778755368,6949,11.929116666666665
0.3870086308881272,17.846244683290983,9.485201581025658,28366984191760,17762,30.49143333333333
0.3418343067746866,305.1296287693556,234.5064673901199,24485170877372,17638,30.278566666666666
0.1560787561711979,6.735818441792097,5.807642577975486,7650267666366,9185,15.767583333333333
0.07364764170638924,16.34820310261325,10.363985160114245,68806717477093,31089,53.36945
0.006512761982610025,7.752703526294502,6.20688517437134,8107201216436,16097,27.63318333333333
0.5915484412135514,11.812747296594475,9.404057485358411,44692243628939,54901,94.24671666666667
-0.06545237449559431,12.770679049042544,12.317547784787973,76938001135136,8917,15.307516666666665
0.014419866653297907,19.046746103592405,11.509959808929798,14987858531350,8863,15.214816666666666
0.06216338306409204,35.75582272222973,22.062815599451525,24006703909700,8587,14.741016666666665
-0.0017379102954098403,10.486089756338526,7.525235904871255,35256790654614,17887,30.706016666666663
0.054149289980098304,31.73725169728051,21.833539173449584,68476716757872,15690,26.9345
0.017782374648817174,14.52346195638944,14.223913094059222,90468416628763,6803,11.678483333333332
0.003166549723033835,5.071188183077984,3.3979053472473724,74482811093546,59123,101.49448333333333
0.021710284990098,61.06034325277933,45.631163461265814,80625128622782,4107,7.050349999999999
0.7203049714284008,6.625175787863651,5.556459062127953,40134650063861,3012,5.170599999999999
-0.15228888329546206,11.862502779719854,11.827607933959646,19153106877109,63822,109.56109999999998
0.6909694770116995,1.86865923378322,0.9801832700590947,89377447032005,15529,26.658116666666665
0.23797535656964242,41.93883127217917,28.62816478280943,80365789115974,52944,90.88719999999999
0.12563395666327576,58.069114359206914,54.412183464045356,33741954053698,52544,90.20053333333334
0.03263734264143873,1.1144710127600004,0.7103712778878511,84351906113077,17145,29.43225
0.18497523667915955,35.36859186830359,23.555991211197775,8476542133703,34589,59.37778333333333
-0.08700595502848085,0.672262184994042,0.484717607164838,40840070606586,16451,28.240883333333333
0.5252301180860146,6.079120574705226,3.4801897989880195,33435915702657,69219,118.82594999999999
0.7381780522520083,52.06324931347039,43.12361589837169,10109348717529,11315,19.424083333333332
0.24075242373639577,52.802362653129805,39.15020339388936,25244591837154,29836,51.218466666666664
0.7028911174498043,40.78748755132341,23.905715563789776,12017372514612,11139,19.121950000000002
0.7488130209942567,8.9008966431507,8.834212159829855,73553243720127,4418,7.584233333333333
0.08894887360667185,1.3893193048782373,1.3406131945043513,36345009026524,5247,9.007349999999999
0.6151774441890961,4.962396228342293,3.109297205897023,45421699128638,35876,61.58713333333333
0.19634204699223548,43.27734259296844,20.644527849816928,30603783807777,11117,19.084183333333332
0.4249247925270949,40.68521466251726,33.34954054709946,91398054656567,10719,18.40095
0.009625464032417198,49.58268194787624,32.32403716377816,35621812694623,60223,103.38281666666667
-0.009031149842640467,3.591917908963879,3.574314319960081,87683416788010,3089,5.302783333333333
0.0039000314454025625,9.740834108536873,7.914997257485513,29354197137901,19432,33.358266666666665
-0.024957867595531924,8.230116634723002,6.5234073137044355,5432763739512,6457,11.084516666666666
0.10269807793363357,0.8777036567305768,0.57890058815747,32226883551674,24490,42.04116666666666
0.018230899875493506,17.813232080710204,10.33813025949073,77249834656097,20620,35.39766666666666
0.20056963791535282,26.371100615364057,13.438499015440744,69803598840597,5732,9.839933333333333
0.20597703703856513,33.6235220880638,28.126254480878433,20679393174881,19912,34.18226666666666
0.015444062658279715,33.58183705689143,25.731767346696188,43340696789961,8597,14.758183333333333
0.010744181618940456,35.25925115187143,24.016868611591168,17423361559031,43634,74.90503333333332
0.014484227427643865,28.454476671446535,20.466228533020526,48030470611779,57165,98.13325
0.018712729845940013,28.623789499662955,12.727096398074204,90282753397205,38854,66.69936666666666
-0.010693440948246362,2.6367882697827603,2.4702758144991406,84392382617585,17413,29.892316666666666
0.048810954238396646,9.258660313092557,8.987180860833679,60102231177748,35104,60.26186666666667
0.38974944283007273,42.02986457674773,32.005552565649104,24712389504894,17598,30.209899999999998
0.21726550937644362,61.15561693883647,55.63270588229264,65527332364156,27299,46.863283333333335
0.028209605447810027,31.46276287368095,19.60190476139014,63034016361838,19527,33.52135
0.6204949581688757,27.486674341204996,21.326261652802195,34885488429316,17285,29.67258333333333
0.0006763823327426456,7.612744763443019,7.464915813709622,69793257813836,24488,42.03773333333333
0.0511982374697016,64.40628737044376,41.69990939560416,8647365234790,39464,67.74653333333333
0.4959117006248448,272.778953050145,199.99715611065156,53325291328644,11138,19.12023333333333
0.006875118215044967,19.56943181394025,18.118393957719967,83939317739289,15317,26.29418333333333
0.21481536376349417,3.0786379909447543,1.7141252442304287,33002494082600,27271,46.815216666666664
0.38917072947530224,47.06075062308577,23.306847841742336,18207051353033,5338,9.163566666666666
0.017941246165910463,19.24446349208695,11.401571470547916,78951296287743,9268,15.910066666666665
0.8846504661609891,30.58209745659353,21.72610194814593,27988654348057,12726,21.8463
0.23068977207036917,54.86897048824192,43.557097135624495,17498708457919,29011,49.802216666666666
0.12934609948807393,64.8179069161631,52.45985801699565,11064757826183,16419,28.18595
0.5947970554515088,11.86214231156198,9.31482986149168,28148777749501,56645,97.24058333333332
0.7404882362050887,40.637720625958295,26.78613668019306,9606756002913,11445,19.64725
0.011357735336219994,333.31273157611844,242.87155994293568,87954660953855,41339,70.96528333333332
0.0308885186402139,347.15335746792925,284.18006050678804,59771723749241,23427,40.21635
0.5085451238425779,38.61517789732226,23.114500751199653,70959670271472,22769,39.08678333333333
-0.014848676503371988,7.041680147727426,4.88493983562176,86673988205239,4160,7.141333333333333
-0.002920795087917861,22.68556435102344,13.433161056388071,53994426654638,9706,16.661966666666665
0.5498617624274426,48.397214378634686,30.282117863045038,24075117082705,33693,57.83965
-0.027648901240478637,13.406673192900534,13.346744728878171,69381056309591,14490,24.8745
0.02452383984902908,14.575922683904428,4.193813459558747,7705156327512,24126,41.4163
0.2924677168786495,20.972188217608434,11.590446747095955,69762973154995,13348,22.914066666666663
0.007253512431664924,35.72942024737902,13.640003960174921,4936513345864,16900,29.011666666666663
0.08412014177956346,23.802149357378884,22.083315791606193,70593865965831,28198,48.40656666666666
0.3884110106801327,3.811415166791741,2.6878048797725707,29183120333778,19350,33.2175
0.015362110220959341,26.16102868976344,8.405155591594907,89851585590420,4255,7.304416666666667
0.31799854036711067,72.60802023949564,58.87209635657051,29492501641219,3396,5.8298
0.02055510134640169,76.44203948991107,57.80302087326401,31852748596025,5867,10.071683333333333
0.380682589077218,32.43033267272475,20.335083135842492,56568650181261,17907,30.740349999999996
0.6806537385498453,30.953184104525967,24.59125583037091,31439704350433,29671,50.93521666666666
-0.3082098863746662,3.144577649317179,3.1080388257270504,68722694705955,69088,118.60106666666665
0.07618736207216162,41.89252352371505,19.838853610293388,70938995366001,4824,8.2812
0.4109485476302175,3.962868732777045,3.8530875465769467,66129259786205,18587,31.90768333333333
0.6094127002349715,7.650395591240155,4.7233669931785265,142520886858,3646,6.258966666666666
0.2884202739921627,220.6578082607972,213.87760777935708,49349281250888,28326,48.6263
0.09833634050893256,19.45772476380404,13.113734850452763,30308378676317,61398,105.39989999999999
-0.02281779952481925,23.14268946451303,16.37758498811057,61698610059782,5452,9.359266666666665
0.12759319842545652,39.145085814397525,17.95864025038116,15208632864874,3675,6.30875
-0.2836978506156707,2.012676681166164,1.548149935768752,77863947763715,10297,17.676516666666664
0.47949625871863066,55.16804076344951,23.415121394647645,50844019960442,9894,16.9847
-0.0022862036857427045,10.136138113403556,8.716661166163385,42720050040619,17686,30.360966666666666
0.24528355714038333,0.8531215724427329,0.7968187647352434,68822901091205,29046,49.8623
0.2283494950517962,62.466581073051344,40.946045371617494,56706613235473,6582,11.2991
-0.381872988739921,1.3032269482081824,0.8193083169251149,18735243737812,19402,33.30676666666667
-0.01664625187221607,2.1180847690254048,0.8972803845190607,63550070567667,4281,7.34905
-0.01726292433981349,18.205385695522036,16.299890499659625,2650058603413,3397,5.8315166666666665
0.07501557352508036,3.2226062709828738,3.1572109062638836,9554412729025,17286,29.6743
0.005931030380219989,21.637179662282637,11.972194274067139,70932124690861,36265,62.25491666666666
0.31551204788927384,17.59313265595425,9.27680751606015,60713871184267,22160,38.041333333333334
0.00823151597062389,37.9036472488476,29.50720711716992,48738001604370,14108,24.218733333333333
0.012128216559830214,62.85779493917951,44.76554955928721,45915552323810,51082,87.69076666666666
0.2761240685826867,3.1193025028473165,2.40689841590178,20714585455247,24190,41.52616666666666
0.5502375051618188,46.83453617123884,29.353930631260962,31192999147264,26690,45.817833333333326
-0.0014460688710436875,18.16896058145487,11.421055517867245,60728861680359,6101,10.473383333333334
0.0023452011504628643,18.692686261353288,10.92370635541188,24832736558739,17962,30.834766666666663
0.5308878556951047,38.516221629112785,14.18007248256657,49233921732622,19013,32.638983333333336
0.0006216288066934848,15.04293432145548,11.351955705182652,75327263733322,19030,32.668166666666664
0.016913826043010203,16.903325913412488,9.741134939438703,51020248935598,10978,18.845566666666667
0.6595281009299799,109.63737720760275,79.89643182188249,2315133061594,3823,6.5628166666666665
0.4022424701295348,264.26196429812626,208.26131292965908,7671050391745,19540,33.54366666666667
0.011308550076287211,10.297315450440742,6.417654363590895,15280376762705,23734,40.74336666666667
0.149338697405807,29.063928358693655,23.488189737511497,30179268486953,11232,19.2816
0.7986569304438759,3.0032988971083276,2.277106738357478,62414016273327,17415,29.89575
0.23154248471739905,50.78441536755396,35.22784811803341,53994748189430,7535,12.935083333333331
0.3009724975649529,47.33074855667222,36.160615158507646,58724996675990,54548,93.64073333333333
-0.4002380726799557,1.6793263270406538,1.1470547367595456,20029322826297,18802,32.27676666666667
-0.03540813316495544,0.5216804630517852,0.4378062841851104,27015811037677,7766,13.331633333333333
0.0032255053454523087,10.981588676382989,8.464616835776475,56809229452144,6330,10.8665
0.1285106935559841,8.844069044888316,6.141262165869825,60568592021911,21842,37.49543333333333
0.6682142887745132,41.326472779189004,23.7460653154702,85235026999647,10986,18.8593
0.46398552615419214,42.245895792085975,27.981401887079524,27809291375172,27888,47.8744
-0.0018632074912329594,2.9611769620761033,2.9246876217649596,52576578488115,3448,5.919066666666667
-0.006714277089053576,4.301799539603712,3.3598864152976584,72675544358215,8774,15.062033333333334
0.573972708013742,16.308888489339427,6.506304702452327,7737375661446,65474,112.39703333333333
0.10646947412113592,47.545683113679715,36.88010717696733,26195137059706,11140,19.123666666666665
0.052525018662202744,39.843733252578716,21.826016613212918,67365008822153,8246,14.155633333333332
0.003682702103920008,6.893523216860579,6.643847377136709,71583613023704,68295,117.23974999999999
0.39793562937520444,75.78891258778121,55.393488973623995,80020924304661,39678,68.1139
0.07730380142507652,58.51998689649757,20.151086989756273,80501810821325,35136,60.31679999999999
-0.03866225294823413,48.932542904254184,23.10284311982187,90411639051061,4954,8.504366666666666
0.5233463427528913,47.625917245952415,29.766853578296256,76521468546513,35869,61.57511666666666
0.30189425564077765,78.94094133621945,68.28651176025727,58150530148917,38155,65.49941666666666
0.1055724635752131,12.172935666539725,9.176253986730627,24159895302046,8204,14.083533333333332
0.015527410239855537,84.3704289386337,66.98630127496216,89826440886934,20440,35.08866666666666
0.0067240541621232585,25.665350156422722,21.7544520698459,33496415199584,3885,6.66925
0.11572002814235444,26.82752125022465,17.97197639162662,40296043658276,60774,104.3287
0.3015477861952414,12.603859363545382,8.899067542757994,44179530287059,8337,14.311849999999998
0.22908805121250395,56.4188594508854,33.54874784744646,63364753576958,3828,6.5714
0.07108936218752294,27.539720230012914,9.293847488328826,88261755937218,8603,14.768483333333332
0.39716179003744656,73.5298961128942,51.336444995349424,10852747117921,14297,24.54318333333333
0.006286345299881214,11.908266485208497,8.721105017574146,38497229209220,18715,32.12741666666667
0.12236208675187021,16.29551444920367,5.741417647191837,43282595521790,3042,5.222099999999999
0.08480404144146221,7.683383290845782,5.860555741207255,46815014139171,5470,9.390166666666666
-0.011033092199913611,2.0475903089714094,2.0143278676125385,59777033949674,17140,29.423666666666666
0.5029069404880729,44.132464323054315,28.348632727984157,16277894686347,27736,47.61346666666667
0.07889491496383927,71.46866554195188,60.279736044151306,10620096995667,31810,54.607166666666664
0.21505326661045482,9.933856886964918,9.337367645559464,72207553561989,3740,6.420333333333333
0.1503999229631424,7.445320879637662,4.384729756937398,22538180992122,17633,30.269983333333332
-0.2192231973241771,13.596366057525245,13.440714277836106,11832550872964,3864,6.6331999999999995
0.30112410886952296,20.59688179511255,16.056440407800235,21898330916255,45925,78.83791666666666
0.1883428769300092,40.24553063662146,27.49510441709724,401551921232,39602,67.98343333333334
0.43924569252884976,47.323689895618145,41.226917532901844,22452746002153,30081,51.63905
0.07467771374157889,10.797964397589267,9.995642669149008,26997749146203,27936,47.9568
0.5513978630947542,21.445969715338997,7.478868247751591,52605511982260,65693,112.77298333333333
0.012132836414754824,33.18761374916236,22.967409392126434,82601257689011,14729,25.284783333333333
0.2246022647151296,66.00550133035881,51.66235375509691,31985937842975,41648,71.49573333333333
0.5680826442352012,44.84212918851818,27.85625765184576,41637475912719,36038,61.86523333333333
-0.02474645417159771,1.0816022487803125,0.982969941727127,11171089561667,16035,27.52675
0.027875277407326225,17.714448140801846,9.994108640530321,78343966800217,19582,33.615766666666666
0.32523397875605886,142.87417042217197,114.25649294943148,33965558020271,55405,95.11191666666666
0.007458215593844464,10.73987469936529,9.841358340877365,19894064730169,12185,20.91758333333333
0.13910730275778055,14.71651127823399,14.693369810302627,91637110674548,34105,58.54691666666666
0.024891927482754855,8.472856155480605,7.097062567630446,81553016287883,4648,7.979066666666666
0.7772394911718041,7.218217688257322,6.953912646765526,7583801852378,5297,9.093183333333334
0.49630280548129524,27.125220534890918,15.646653132843907,29511013399347,16332,28.0366
-0.01788899528198602,8.798498631598182,2.1339467868171647,19455812206727,11204,19.233533333333334
0.3632849138916683,63.17572738464963,37.013667344743574,49364676238099,40860,70.143
0.19627832399987605,60.63162676153795,49.25600694738544,89743310494951,47793,82.04465
-0.027510328126769536,101.41548991487707,79.03506478324043,65405441123030,7676,13.177133333333332
0.6611433030530012,53.296795582905546,33.51170299500413,28401559750528,14426,24.764633333333332
0.701548447299296,19.38943257398587,9.946911376331187,48955422173737,24338,41.78023333333333
0.15556117745153786,35.81632268041163,16.009064635547563,39490483082809,9161,15.726383333333333
0.04477992567912912,72.09918868059492,56.75747777062282,3455071163050,7309,12.547116666666666
0.012902635604577611,97.6132355924998,77.08077160575523,27575843937261,60409,103.70211666666665
-4.332267222085114e-05,18.75591883533042,16.7817355146407,35003729202570,17798,30.55323333333333
0.009853825024328943,1.941301163235996,1.8972099952184174,73655022546101,3491,5.992883333333333
0.5046844354870917,37.970821210089476,23.608954610590786,61177441904810,23699,40.68328333333333
0.034244995799807186,45.683321344607855,33.65774347179152,41185571800719,17615,30.23908333333333
0.36781529909905714,37.985031878043024,28.696126115376774,47536536991840,9596,16.473133333333333
0.016459756363869215,9.578997776781975,9.566188753060823,41675186395095,4511,7.743883333333333
0.10617511459326995,11.12967122078596,11.02301003560239,35814658622862,3224,5.534533333333333
0.24701105649504498,42.14200136369071,31.701715697030732,24490513254231,10958,18.811233333333334
0.2455770396197728,45.91771745378568,34.07271442359224,29814804016233,10223,17.549483333333335
-0.016258688658879968,1.5498726326363323,1.4926800562807891,6353078744332,3236,5.555133333333333
0.029810988779850403,15.663591148938789,15.119520560461611,38492664035647,8006,13.743633333333332
0.2791484126554088,98.69305887544401,65.76527582230929,32486228621490,54727,93.94801666666666
-0.00838146179035815,12.740401704687773,7.382150510759591,7364348048544,19092,32.7746
0.3280554998532737,59.61927770875603,45.76938166520691,18877395338868,26709,45.85045
0.15460293011606663,12.08109806202332,6.396598073073662,48314252633182,50780,87.17233333333334
0.023562807352372834,16.574421779622885,6.033575416542201,33297391868148,33550,57.59416666666666
0.03197459643846144,81.86945222311529,52.401430353396584,26210090289497,26195,44.96808333333333
0.08689265182830938,30.95903490355926,22.61066947121965,22982417458408,15857,27.221183333333332
-0.0004302725934159724,10.505573666245537,7.835926033949725,32108884793596,19457,33.40118333333333
0.019566057870981316,32.141460417987616,25.98630319258796,81035961242326,4466,7.666633333333333
-0.0060506482557288015,19.21802764404433,11.177249238927901,67424192855056,21842,37.49543333333333
0.31015824703346356,20.010050871844694,11.15276159512953,10315138980509,20425,35.062916666666666
-0.07765921100940905,9.798124446865991,9.569859991352912,61202141580095,43671,74.96855
0.4681106158809257,47.66173032702748,36.15067438057657,38333462436461,4098,7.0348999999999995
0.8124842499836598,49.34844790087847,23.489673185527938,50107977443697,19666,33.759966666666664
0.8050503228211788,36.321519706740794,23.836539083259776,65076177661877,11234,19.28503333333333
0.3319504836865758,13.782452457031866,7.516340663450649,72299817142079,9768,16.7684
0.40711452633647116,10.352254271133162,6.982150657939729,85225224594678,9446,16.215633333333333
0.02483857401992381,22.641270210316026,13.510771954424813,76413435246019,8911,15.297216666666666
0.02206145969741056,14.591442054847922,11.994649180497888,71098213598309,19665,33.75825
-0.07884436608902304,4.107009522884745,3.2451367684859265,9067929025697,11850,20.342499999999998
0.00436229368716112,6.52531472623802,6.243503639057537,32860781834065,24475,42.01541666666666
0.0059418696222195535,15.578111843096442,15.56175789203174,43151313640975,47457,81.46785
0.009963986909936072,31.650190839193645,24.447739706831143,41153692685589,11865,20.36825
0.18607782704536852,87.59751830247066,70.28741308961038,40632831687796,34216,58.73746666666666
0.2522572866302597,19.994728338826373,10.265153775629946,52676246728501,47868,82.17339999999999
0.003590697818601033,3.1602523007952037,3.1473419990336797,78933220194626,7902,13.5651
0.015203531097674052,28.39877893487667,10.046968939926598,66211432611596,11261,19.331383333333335
0.49082310907021615,12.813325787235945,11.864845273906301,26523089875958,35776,61.41546666666667
0.5147955983187387,41.959197083297155,33.856470649294174,3279264040745,40708,69.88206666666666
-0.029719502062745463,3.1110906705108285,2.149293252550792,78177491447038,22134,37.9967
-0.03310791889498126,26.42252248284998,18.086451740740767,89255283188135,2966,5.091633333333333
0.3426285501662595,23.209696144702043,17.64156339564075,90504392557235,28102,48.24176666666666
0.6070012023392666,0.6600481703834086,0.5900105167486064,17572757379300,48259,82.84461666666667
0.35339601039374735,14.749793967827486,12.956601141087939,11612437379584,16998,29.179899999999996
0.00523035886461798,86.22365020305972,68.38464358141445,79161884736629,10776,18.4988
0.0070102019332049115,35.69747303624757,27.65968975223,50001240046083,18552,31.8476
0.021163436541920672,2.889123313594841,2.8429474459258937,2164050447324,4173,7.16365
-0.06906947269824239,7.371918471073588,7.148900241335744,70067264547450,3659,6.281283333333333
0.014887836273635206,18.757456356140196,10.970225830512849,7281752469402,17550,30.127499999999998
0.9215791958232616,2.439825975545279,1.8147743732718058,90398479871081,21237,36.45685
0.20746184927182593,15.67548259291816,6.253729154433397,63086258633894,34853,59.83098333333333
0.5217397912909812,3.1406657990802858,2.711090430562812,9103790396535,66142,113.54376666666666
0.5357859459854883,26.760627601745682,20.838174886000022,76589552694688,25324,43.47286666666666
0.005131879722628405,8.072601703537218,6.343427352724612,49359809152590,19426,33.347966666666665
0.3587124236477206,14.047909125154673,11.924923297282298,32141891189488,6958,11.944566666666667
-0.003979284535141901,12.641124462387365,9.224452087870914,51409303699002,17878,30.690566666666665
0.008141837208557061,7.872731035292209,5.313637690833395,63240182278180,18413,31.608983333333335
-0.007149493677555094,18.706234451087035,11.964837862251184,17943284153665,17830,30.608166666666666
0.02839155430720838,28.08870658552724,21.319841231934678,3867638573571,8567,14.706683333333332
0.09825378312307269,13.202143692178867,4.177354579240693,37692217287257,8851,15.194216666666666
0.046881740496702275,2.78456460531417,2.3024594618109377,25831653538759,5670,9.7335
-0.0005327122486379955,5.546129482351642,5.527323576344115,34546927802580,2949,5.062449999999999
0.8095359275369398,9.617122102423913,7.735456029956894,88399818026557,6228,10.691399999999998
0.4980257260233235,33.96831542490231,17.875709150260732,11363640392180,29180,50.092333333333336
0.4529848918317656,39.06791716105157,23.630558094347858,50162850454675,23287,39.97601666666666
0.7867887643483182,26.190209655026454,12.902866034914656,27703991665850,66726,114.54629999999999
0.002326579894869754,4.365763527292303,4.3521490672718395,72733089110233,4125,7.08125
0.27557604115396184,24.39193247837935,13.556462622099662,90630574315892,4991,8.567883333333333
0.46308844135677196,2.6549786583982686,1.9508173307722179,32961116943591,22679,38.93228333333333
0.6140672533299367,11.957808340099787,10.606565051715622,38232651910866,3961,6.799716666666667
-0.0038217830293396666,13.245365031938611,4.803799008004931,30628216348790,6041,10.370383333333333
0.007964782044715596,5.505692482171891,4.516300848203725,23658967852730,69501,119.31004999999999
-0.0020432859235613365,13.11428807562966,13.095182551981988,14979259037029,35824,61.49786666666667
-0.0026767502127393,18.164623497426415,10.805943629794603,25166104886197,18061,31.004716666666663
0.1502511012542031,35.55444585181337,19.63719704304244,44431985161081,31272,53.68359999999999
0.510112566528937,3.778506466920208,3.1345870098093918,66372700098073,9681,16.619049999999998
0.15310825347475743,41.34965788803545,22.69437612783345,6165637909951,17403,29.87515
0.5471701304669979,44.49584841866008,28.159727468862545,76382673251318,31717,54.44751666666666
-0.036784802905061226,3.4718702413622715,3.4595309581826337,37896074587788,4649,7.980783333333333
0.17808413909282256,38.68214246669714,27.749843819548712,37473515434977,17396,29.863133333333334
0.5621223538984583,47.456374876028256,30.156027717682274,75788290230945,32777,56.267183333333335
0.03961794008192536,46.26411701804494,36.80933341028578,62549784912102,67160,115.29133333333333
0.2718935990641558,253.73252561482258,206.99036069840582,52028360947858,42733,73.35831666666667
0.47626715819868964,44.64706344676677,28.39791902783775,66581344028216,22281,38.24905
0.0011299178768758174,9.05219537259941,6.177156455094858,45010107185123,3684,6.3242
0.029215772221932553,102.83566772184815,95.37478884501942,10468322191712,23512,40.36226666666666
-0.021749100257000522,2.106329971359405,1.6272351379960048,4098810942801,21046,36.12896666666666
0.005146904469355941,17.144566424915176,15.01886708839159,8780109813203,18008,30.91373333333333
0.3057831008793334,26.571244715885683,20.58496001940456,73072926891309,21390,36.719500000000004
0.5190208174113623,3.1951469809479023,2.849879465076361,65847958243013,22784,39.11253333333333
-0.010442302726608477,27.502589445609424,22.68880585604862,80901259557548,3256,5.589466666666667
0.004289925363203236,3.104467728943015,3.094024875704096,25236375909340,4525,7.767916666666666
0.09285873822567162,11.176334265182057,10.705247125942329,1928275020394,10027,17.213016666666665
0.628134132275194,10.558494432412246,8.248236502193912,77931450848774,53649,92.09745
0.01652853892877062,22.68554768123085,16.136825591055263,48639637403972,3746,6.430633333333333
0.0011432938807500387,15.678017361531488,15.676689311222582,46184397395836,4591,7.881216666666666
0.16896929449608566,12.719861077280157,12.425144003131807,19835011769204,31263,53.66815
0.5250892923772988,42.981000212710285,26.54103626664079,56411831517450,26980,46.315666666666665
0.027132012080999086,74.22981139686308,44.90389285907308,36002697348792,67123,115.22781666666667
0.014569404865168353,74.99520039582053,42.17830992978904,32876807067938,3478,5.970566666666667
0.028502263458430703,24.87898949083334,20.859357212031068,57687090533201,20370,34.96849999999999
0.02156048702391569,21.156417638726705,10.715561903018564,91868469427040,24803,42.57848333333333
0.061258187324765664,3.018737928064429,2.489164604528916,26062643122263,60539,103.92528333333333
0.12244037435059751,22.35816103371069,17.459936191581193,5612159383207,54091,92.85621666666665
0.008583876927434017,64.5073250475032,48.08971701289211,52258923296049,67815,116.41574999999999
0.38811685949689295,3.9656642724488735,2.7362064869090306,657851828368,3901,6.696716666666666
0.038369447423779915,19.58234397383334,15.757319964614569,30844419521482,8568,14.7084
0.078330680927722,14.387214974972451,11.059227646541782,47128940429118,15310,26.282166666666665
0.000723104845754838,49.30634580293216,37.532832374251456,47828230443263,10448,17.935733333333335
0.004674583647605705,32.284531584222634,24.571330509499877,66474315710777,8016,13.760799999999998
0.0671385404513465,27.165340119527393,19.12462417936895,22247457368501,5020,8.617666666666667
0.44216230691121694,51.39228921756239,47.816180338822164,29186170915724,19511,33.49388333333333
0.09946703517111856,60.057831553997936,30.0350987172856,62023577827465,19290,33.1145
0.0023643457806982173,7.4593149535181995,6.970668544318571,8379512058157,3724,6.3928666666666665
0.04568153584327513,8.925304298942356,7.53840743412791,68202957061199,61928,106.30973333333333
0.6490249534566831,13.545521282935761,10.945472519593189,78527983126431,33228,57.041399999999996
0.048363366303052414,20.28956257695121,18.36494745310169,17654509838725,3393,5.82465
-0.012933590730176124,4.298190894985212,2.26342054123425,3557956745966,13606,23.356966666666665
0.005032659760882857,74.56039564697443,52.90205375523123,39848664750687,27736,47.61346666666667
-0.006554223900073881,13.204842965647716,11.70243175054124,11335235422195,17806,30.566966666666662
0.32060261341349106,37.302611465328766,18.283619346254632,57206150097523,3039,5.21695
0.5265286588657642,44.8638782547596,27.89348092535435,88725300833418,30746,52.78063333333333
0.6071565098063392,34.6339094661058,20.551775976987003,23231372281871,4184,7.182533333333334
0.026925584961478316,111.52709165472467,86.62610638731563,48147123267941,7699,13.216616666666665
0.543875180971932,43.244840433816904,26.894019938855767,71814442622976,27390,47.019499999999994
0.5010890116103983,59.989824781682145,43.4301904080849,79857460930643,8801,15.108383333333332
0.4917972573629906,6.428855490125472,4.906016689116878,79941662214016,30969,53.16345
0.05729727770614383,25.062098518813606,17.882981839853684,15668292093050,8713,14.957316666666665
0.7384586247399118,42.47499192334083,31.014367909421143,71873334586896,11096,19.048133333333332
0.20318471292853563,6.481011556483465,6.028283942894444,3049817750884,60721,104.23771666666667
0.39495972136718294,18.641464415101616,15.676058433601769,91752640747529,67727,116.26468333333332
0.3773330536248268,28.688978619082175,20.802089309996543,13900096706948,27592,47.36626666666666
0.005821220138196246,18.10749716225088,11.22660510539457,19906328350419,17292,29.684599999999996
0.5413898078163362,46.07838503820903,28.925975306234292,84840254335854,33285,57.13925
0.2434922415576354,23.262440158992,17.18475577937276,41881508064590,3621,6.216049999999999
-0.12621200902186702,0.5850400931917905,0.4788033171292764,34792134505501,46357,79.57951666666666
0.026619044804862334,27.94605840493381,20.585928731268062,71961645968502,8424,14.461199999999998
0.052460854636246466,30.28431857053759,24.17577770346814,33563481885078,3222,5.5310999999999995
0.6905892331538601,14.545021648351184,13.934923490856333,85652289800417,32846,56.38563333333333
0.5765938272621455,5.693631461725073,4.3562504004808025,57211415613028,11919,20.46095
-0.14155280874517573,8.66789121413293,7.922935711580296,10453436137023,10249,17.594116666666665
0.10517094123666099,42.879081028564514,34.22107413218195,69219505101110,22582,38.765766666666664
0.09683454025274155,25.465540598796217,19.889899583978018,68662476673470,52145,89.51558333333332
0.01595257583358236,384.77180735039934,291.45771799898995,51220979253941,22118,37.969233333333335
-0.046158266460924795,10.93658854866927,8.590764276558224,67892718461720,3871,6.645216666666666
-0.12421662013618606,20.056539809714344,20.022653566745575,51657873247132,2942,5.050433333333333
0.002716999043474421,20.29391521825669,17.286630903634304,59909151674919,3289,5.646116666666667
0.27840655586003277,16.173292883351735,15.631189413735214,62062359333104,10835,18.60008333333333
0.2687861648519945,5.230694026053934,4.61488604992017,25055748232747,33646,57.758966666666666
0.3469584980699682,91.15413598041641,62.26432666968976,134950506286,10618,18.227566666666668
0.5354903329707144,7.9775278373049465,5.203689522671944,59812972963809,7626,13.091299999999999
0.458517541521906,42.14756336947532,25.70417553530712,47001766514017,25518,43.805899999999994
0.231719594231582,1.9548639100059266,1.640120794882524,73612961192202,10938,18.7769
0.06503739077212814,122.2382172543416,94.58396832619621,73073563767826,65684,112.75753333333333
0.541364082685609,42.50667932487575,26.68066424581111,34210095488964,30497,52.35318333333333
0.42769238328741604,92.62252914798621,65.50866091860838,64575807215275,4753,8.159316666666665
0.014604838102348758,17.925872690468477,10.427102270552354,32344632665539,11305,19.406916666666667
0.77688292869569,35.698761755432116,20.7402342458558,10806599358807,12347,21.19568333333333
0.7115178704609442,11.92637732848665,9.285907130242634,11708336908661,49997,85.82818333333333
0.02622659848050136,19.368736690372764,12.220682754847504,83890623840725,8992,15.436266666666665
0.12966815741708318,13.7226933108821,13.560897530436852,71563049812836,13133,22.54498333333333
-0.1781956491727706,2.560181810215805,2.434562004190729,60335375810369,9257,15.891183333333334
0.32911472190275437,48.121354556552475,21.16860252191349,15889189411997,8799,15.104949999999999
0.594766337735466,4.149177096370404,3.3132141090591603,69876268409983,20175,34.63375
-0.0052754370816886186,3.031430889442238,3.0217604691571855,53291901407019,4293,7.369649999999999
0.10680469278088352,55.40907243862043,50.33123426993924,24788856718071,55605,95.45524999999999
0.08387518581454484,3.3146508254886258,2.0874408905977297,27763062236642,15130,25.973166666666664
0.6382608103342379,16.467145041941794,13.351848703557105,29244583880354,11066,18.99663333333333
0.08582233140780017,5.984319289884572,5.664293683665856,11343262874497,47055,80.77775
0.3145603523526319,73.41981722360676,57.7602979880183,48330353393042,54392,93.37293333333332
0.0017233877105030959,21.217151567520897,19.823209959470983,35513342678038,16991,29.167883333333332
-0.005470821157035052,1.8204603454015194,1.7635805174509684,40683510153637,3000,5.15
0.18655701391145055,85.88197454960482,64.62669460076928,56564873830158,5261,9.031383333333332
0.008317317859754068,35.64707485612546,23.24776355179268,83610224378121,25851,44.37755
0.0027500289484513806,34.94922496308263,13.837270370819283,8114915900031,4452,7.6426
0.010808282164368549,13.04465074019293,10.791467294495051,72021853699886,18790,32.256166666666665
0.4920825063250975,40.383704209275024,26.036533097649468,44301331738055,33533,57.56498333333333
-0.001460326026245307,28.760757395436084,11.270604613591738,20423689601505,25291,43.416216666666664
0.0046943659330119375,27.208857859677376,19.63368587409687,74688803264690,4077,6.99885
0.6361305857683928,48.39256115485402,32.301859472398085,5516868605487,12081,20.73905
-0.0033241785146235297,16.86059010595822,9.246974522902736,12490220373605,10536,18.086799999999997
0.518689320921212,37.90728707837788,20.905450669293746,81641503113700,42731,73.35488333333333
0.0269410783112991,5.585539537177537,3.5043986194841525,80198743495092,3089,5.302783333333333
0.15897424370338173,38.00512051284753,16.509403819199232,56161911536990,3912,6.715599999999999
0.49944063652594856,29.852587774205116,20.055940480404807,55212636718415,13125,22.53125
0.01902487208737334,172.8597021048695,145.91730839523822,65244199926066,44373,76.17365
0.08638165014552181,48.904073759523015,34.49024943443325,29548511817458,33209,57.00878333333333
-0.42988770487864253,7.010194471854878,6.814023767763829,13611238168180,37858,64.98956666666666
0.03917765390291635,22.335793261815322,20.033421908864355,14432402383824,17968,30.845066666666664
0.04892458716669541,10.973079887819484,3.5969152696957982,12295274962463,27016,46.37746666666666
-0.022038503917123985,3.100128842648868,2.7563399524223513,23942237187677,6560,11.261333333333333
0.0023368236262349155,14.220870090562554,12.925016981997278,64028955166759,18164,31.18153333333333
0.07495980054431033,81.20418097435801,58.70127640242105,11948917034552,32760,56.23799999999999
-0.004180377587129873,17.956663135723094,14.945589123144188,78053067840211,19639,33.71361666666666
0.26761226188876264,35.32570473616025,26.554439582097523,34388039201388,12590,21.612833333333334
0.03595710592891412,4.590192349086082,3.228251327250781,569534386126,13069,22.435116666666666
0.09670736626690005,56.228050784664696,36.48548962964579,43648936692790,10389,17.83445
0.5999064487637016,42.08690241638699,25.504398230553303,50933357111747,39306,67.47529999999999
0.04452730015039391,10.947433644129285,8.75107995200994,44190448113443,49597,85.14151666666666
0.7522132122212718,47.70184330004288,27.810039397515393,45647935366643,10038,17.2319
0.4692101914600991,40.501768676286765,31.03634660955061,87939820620228,3990,6.8495
0.05487426911132214,10.070509073717597,7.770549476351417,80531459981233,3785,6.497583333333333
0.03400444086204541,2.7355009840113294,2.4981369034480068,14966464412723,6707,11.513683333333331
0.5783900037834312,49.10479490570837,29.528698580747548,4828829853672,12961,22.249716666666664
0.4976192193682868,12.56469280103586,10.206702890589463,58661190372797,50065,85.94491666666666
0.4895969221322553,42.265826459669,26.15818470863634,43578814009488,25801,44.29171666666666
0.5034096661462758,45.868883445206706,29.10604677857714,24875721482841,35063,60.19148333333332
-0.4898595960532352,0.5838035727079096,0.4793347547864127,45391532306079,15992,27.45293333333333
0.3046260757409106,74.53311022779849,62.42426807740685,13513791520674,26467,45.43501666666666
-0.3692103004129944,9.951805202996685,9.858717347949028,75644640779895,23223,39.86615
0.12466357382660513,11.732938445427662,8.397400282880666,39554906721710,22901,39.313383333333334
-0.0006073259117390426,18.23220469770838,18.22820459168132,25026299950927,3280,5.6306666666666665
0.7476251168835458,83.48818713181474,68.12397982468528,84912777344335,3968,6.811733333333333
0.7004315155187906,33.16687919849971,13.476258721771739,41764413510265,6742,11.573766666666666
0.7266741086066751,50.98562940986039,32.821690232540135,22574243576629,9442,16.208766666666666
0.062345278830685684,52.772069957530846,29.111417592354396,28984795628418,12567,21.573349999999998
0.05688877402829982,4.664049634378466,2.985052574380875,42290522671426,22735,39.028416666666665
0.5045996076217182,56.1877316956494,40.03439370009716,32522003410679,16995,29.17475
0.1801822035551013,41.74767592504266,31.13618989248874,54954562742003,52988,90.96273333333333
0.08199416170453656,16.615202972732206,15.343920372289354,61739410650733,18578,31.89223333333333
0.49798001822577537,43.92666190603065,27.761853779189007,10146078307392,23691,40.669549999999994
0.052416539419713956,45.93364908989907,34.468226153009,55130092714121,8961,15.383049999999999
-0.24284918608118458,1.9889565336981843,1.848029163358386,25510678167934,20716,35.562466666666666
0.2922204259118085,4.6920713748769085,4.259222952661701,46302460681591,63634,109.23836666666666
-0.011116962767715136,11.942129087889208,8.634439352043808,88786401659619,17034,29.241699999999998
0.5086269061420581,43.86783835137092,27.777058813838426,77698936872012,29711,51.00388333333333
0.5568806657868158,42.38424651572463,26.049768677307505,77230038933116,32339,55.51528333333333
0.2954520014851871,5.022726018581674,3.212387333071873,62190531477228,56995,97.84141666666666
0.08943778185554117,71.45206560265868,53.93731924612424,78218932599236,4272,7.3336
0.031384508602354755,58.567241022104646,49.10326661341286,6659873823597,67098,115.1849
0.03486184314207096,285725.4930370955,235972.52683600882,25664193915111,6772,11.625266666666667
0.34004421141290875,51.77051877319053,30.967067494952385,89191375681229,60338,103.58023333333333
0.4542849321798343,69.12200939322744,51.624608190015735,90682273520669,15522,26.646099999999997
0.3553615686400824,55.207031375067196,40.52890913258153,88305347500848,68823,118.14614999999999
-0.0035196247675049466,2.3224714962856243,2.2499610016489817,36317368754453,10227,17.55635
0.6289468020477907,10.656061494111768,9.895678906512675,31885402777277,11467,19.685016666666666
0.028080707146833812,61.087065885652564,48.6631278232393,80239510510008,61317,105.26084999999999
-0.11022453767328043,3.974934762484029,3.7783253584710956,8379232789407,22533,38.68165
0.020445706782090477,29.847538561982613,14.689477709002961,41518776176816,6384,10.9592
0.36818388351134756,3.339460452015654,3.216473905420759,44471764147179,64967,111.52668333333332
0.00850112402147572,7.666295372907574,6.954562597298717,24479807393678,14741,25.30538333333333
0.2213593135211073,36.100742681576975,19.344600738422628,12526636198853,5791,9.941216666666666
0.7024660991606292,18.825752303123778,5.325751989659064,64819131561424,50495,86.68308333333333
0.3588098488651203,44.44218209252719,17.771340542827755,16829212761081,15461,26.541383333333332
0.21974868300118788,42.27238903523054,18.481818257569543,50873378509297,8245,14.153916666666666
-0.03666913620411318,89.20614987073905,67.26020175242328,7955542973471,19076,32.74713333333333
0.03550999776019819,61.96245264849667,40.53692293317654,85708222221581,38327,65.79468333333332
-0.0484524289286844,17.556762714014276,17.551909427191063,75096457604629,4982,8.552433333333333
0.5041900386473216,38.041707271031,23.301148824380707,25097428874210,27991,48.05121666666666
0.05248131549074951,56.25237038852401,37.63792850014536,59085007817022,3641,6.250383333333333
-0.0016514378792494204,8.494488701429493,6.892001043694285,7278979612465,19497,33.469849999999994
0.013052400814199656,18.117869346238813,10.65970964677811,46517942715187,9031,15.503216666666667
0.09929575462586247,20.10585123540186,7.309996431699392,76931604865063,27203,46.69848333333333
0.003231820292676655,3.6853975011867517,2.889116942797022,84703529821751,22304,38.28853333333333
0.07125627804922206,0.9554132430361925,0.6629685047511572,5238111841564,18161,31.17638333333333
-0.012485667726676702,28.09487594618141,20.962136990942188,24825777138256,9003,15.45515
0.20827086333131573,40.26115467869804,31.337667110725743,68427567100446,26279,45.11228333333333
0.12098346095471436,58.96981621132025,39.21766425666071,23896466473864,8113,13.927316666666666
0.043020088196490204,22.419446033669686,13.59675063572804,20375922772019,9275,15.922083333333331
0.27526242200953904,22.46956363242634,16.479230969907686,29772992367736,48876,83.9038
-0.012799915089122012,119.98111786726894,97.49498254558006,74759915283335,4471,7.675216666666667
0.4972250360186592,45.53807000941878,29.20259508196069,41747969066303,24652,42.319266666666664
0.9352926988231182,5.635863832027456,5.093601692213581,73464530452358,6049,10.384116666666666
0.10365994801862971,17.161660589116583,17.138729626988127,62687025848386,3470,5.956833333333333
0.0439906043174652,17.06191368566888,13.483093215380071,33746140188930,10990,18.86616666666667
0.5766082509805674,46.50844505274417,28.744132117487062,90725619629575,48431,83.13988333333333
0.8389203222692926,48.92698581112842,32.44618751392873,67493665185866,6826,11.717966666666666
0.025068504704588226,28.5745706712415,23.23218323772422,82044906942668,45491,78.09288333333332
0.3404218771233381,33.694291533687746,13.18683574632984,13442958538922,7186,12.335966666666668
0.12125791391528955,48.06945778944827,33.98563644536179,21295232557465,11354,19.491033333333334
0.6766861370635556,4.752465908829157,4.184971249666613,4929696798733,14820,25.440999999999995
0.008217504781765356,16.738401117069877,16.653537737233265,59944281696782,8356,14.344466666666667
0.5882262575774504,22.0855117646479,19.849296481182613,15787083481565,33137,56.88518333333333
-0.011262416987082422,6.841684410186611,6.577986070459,8543564939848,32130,55.1565
0.020264798447730905,80.0310625134255,63.66460323917521,73795735346198,15356,26.36113333333333
0.022050571811748885,104.02624228113092,98.44672625471058,55183971830416,68108,116.91873333333334
0.1177753367501125,53.03866087470802,47.110739535555204,72443325576327,12956,22.24113333333333
0.00834806170996763,9.550095371309679,7.611201775434509,39813746062347,29430,50.521499999999996
-0.002393455828960036,19.499867555039003,19.4874021657451,13923647041031,5334,9.156699999999999
0.3112642666054759,57.95913839626307,44.02836343170915,51050696310184,68827,118.15301666666666
0.6994059964254596,45.78653977809885,34.09096944144526,12467668942738,11184,19.1992
0.06946983563476425,1.6040108740110486,1.2658394617276079,11356561229344,17532,30.0966
0.018163806211035402,5.427914633791517,5.063128550961267,19537339622867,9071,15.571883333333334
0.14404083919309918,14.369504790650959,14.286088056382392,60444164578574,23378,40.13223333333333
0.8672945230398966,2.43451603189958,1.9469121629787671,70691035832848,19728,33.8664
-0.07885877828274857,9.586760187440099,9.560817973602147,32461555917094,30850,52.95916666666666
0.6100132000010464,7.421949742719251,5.509172122337517,71629688468944,7780,13.355666666666666
0.5658828848746453,410.28057759879675,297.66856615053325,12786097888600,9103,15.626816666666665
0.072933656039537,10.087400880951591,7.194107486152469,45224109145198,3179,5.457283333333333
0.21752315779420922,3.82146099061974,2.9129051114169764,28163560099078,7603,13.051816666666666
0.027618321834915173,18.195451339281117,10.47498873924731,73869584642268,9078,15.5839
0.46668896198423226,43.97697967107965,28.31123868692089,78697501176549,25114,43.11236666666666
0.6737762465839255,12.153577152305324,11.20993826318567,22262695375022,46170,79.25849999999998
0.31691838261530203,14.224337274359192,13.934265173240862,5987208866727,5118,8.7859
-0.38520397703663367,7.051674859508896,6.204431584530369,74653076157223,8725,14.977916666666665
0.9062904658257832,2.71548970714832,2.0012711574542776,88445670257125,6213,10.66565
0.3825200416308976,10.713036153636722,10.396512433766755,51185165727075,4230,7.2615
0.04609507670894009,3.72490526538995,2.7965589011947776,70303827712568,18090,31.0545
0.03513026094737439,44.666942779783376,21.569420396292067,54878324732687,11926,20.472966666666665
0.00913613282437201,8.864649322110846,6.817919693495098,47692621421681,17784,30.5292
0.745064082227632,1.7786030298611109,1.0929454564580956,38378907155956,43371,74.45354999999999
0.12660502172036095,80.42535164549831,61.223697589834806,76920465099134,7154,12.281033333333333
-0.015189810599949796,3.2899737829159275,3.2532697402754205,20992485639565,3435,5.89675
0.4781738030865429,39.02657425337796,23.757328479878854,82698665748257,24998,42.91323333333333
0.3697419400115063,226.23850275120733,172.78271590306878,67076009514588,23227,39.873016666666665
0.0008721815539095588,10.59933659671849,7.475351547236983,85058849851090,18045,30.97725
-0.12100460046711155,15.948207324181718,15.62888366541055,91014590955718,11384,19.54253333333333
0.46968057327740237,25.589020399748673,18.00083766650908,91184483548355,37328,64.07973333333332
0.01941108288294429,49.67944286055341,40.495698771780184,24935825005088,24939,42.811949999999996
0.032027466415552465,36.23952395159227,22.721601989982524,55336663456738,8390,14.402833333333332
0.5564489294114708,43.014567324662735,25.886901614392098,8683222435610,40722,69.9061
0.05813760840638369,11.166280953318342,7.062478343804661,17367863389713,29253,50.21765
-0.0033153962392937666,1913.5950773614982,1910.9831749625569,90633065508411,3831,6.576549999999999
0.2304155403888881,6.401767321761443,5.102425720680065,52187401743941,45361,77.86971666666666
-0.29355165839111397,3.026273763006764,2.6587325050620745,78052918875126,32921,56.51438333333333
0.022601705294725643,54.440884338641176,36.67583343042527,76973123135192,3672,6.303599999999999
0.40826159917396826,8.574923303336748,6.31374852704831,36463157826170,10889,18.692783333333335
0.007766938565634687,18.490782415452642,10.833548453010861,66811776574095,18729,32.15145
0.9155386366548673,1.9132632537282441,1.279498447577086,49795485244130,21946,37.673966666666665
0.005240402962588027,6.270812905973142,6.259400800472508,9469744508457,2995,5.141416666666666
0.012600064642801258,2.206748019108386,1.9335440712133485,92062359051309,3131,5.374883333333333
0.09668215071606266,10.443800361107142,8.858142115444002,61337665256522,42602,73.13343333333333
0.6456542751066496,45.78061015030391,32.74380581606623,254149389979,68776,118.06546666666667
0.170479659628714,48.11056186260234,31.92708114979104,87295703455730,42586,73.10596666666667
-0.00048813090087649745,43.21046177797475,27.31389813570404,45349484135800,8614,14.787366666666665
0.028421806965250124,17.2347242173445,13.815050874375347,70414176161601,47049,80.76745
0.36978412343308315,39.90896607889997,24.377652751340072,12316365986734,8991,15.43455
0.33693189734840173,61.750726043184926,43.238774267319855,59921771752930,31443,53.97715
-0.00445549280560928,16.631547925692868,10.05175971377696,28701626625036,11309,19.413783333333335
0.0018333634708620826,2.065483076389556,2.048941726263913,37531668261298,3446,5.915633333333333
0.3430160773530689,1.6811786677606304,0.8983529764441672,76669030126748,9635,16.54008333333333
0.9260705793139474,3.5418730733732415,2.6779761409377865,86532957096945,22239,38.17695
-0.16338852111022856,0.5432480977379107,0.463169558542162,57778349385331,47079,80.81895
0.10180193676801218,78.39126791212803,57.41433086558435,77030238625723,10871,18.661883333333332
0.525579628688731,42.12643743957507,26.688421943985542,45572174865062,25123,43.12781666666667
0.23827834914981855,1.8360848683932853,1.4023137234528003,56118547316495,15588,26.759399999999996
-0.08051581090505365,1.9327073776140304,1.8832577744422097,53001658086322,22157,38.036183333333334
0.2467452351072453,54.26921495095977,44.17502323379954,22799114583620,28429,48.80311666666667
0.012160843601214695,54.21009436280409,33.91879579505286,37780558001551,10820,18.574333333333335
0.047886241567069915,9.875927128275627,8.757385393035337,9846596580006,51999,89.26495
0.23046416182478285,5.911703237146697,4.805122062567244,32660110449403,44514,76.4157
-0.003677239298826282,46.787193713262745,17.055825104665832,66767439312554,9515,16.334083333333332
-0.0008496752865720565,21.38959096790225,19.364280529944665,87566571154573,3329,5.714783333333333
0.19372102136789607,94.94721782993662,77.92806115485192,34057442066438,3547,6.089016666666667
0.34315088204284233,2.5802051567407056,2.0812710822662686,84942703606803,43517,74.70418333333333
0.2919986650752814,46.43098755024208,35.93574501156266,40395916616441,30860,52.97633333333333
0.04273685559593271,0.5471990048109523,0.4957252335356825,51986230429997,6347,10.895683333333332
-0.015010453112996171,2.7979903344219985,2.790963308347718,1249990266024,5422,9.307766666666668
0.8029646438440226,33.74755964287318,22.044407135482473,7565848825185,12008,20.613733333333332
0.41118825465831044,12.224233211419419,5.344781511134587,77201542417571,3412,5.857266666666666
0.17826300537087403,41.57453534643829,30.17762144140729,523724424878,9026,15.494633333333333
0.34502224763420236,0.858708703519208,0.7692204629757846,46177206586515,21328,36.61306666666667
0.5608229560745976,5.569896330409538,4.787391086258296,59379531087176,12824,22.01453333333333
0.19788593808384264,229.4793577141305,140.2281528451621,42362786274156,13445,23.080583333333333
0.009400479589282145,10.459419099462119,8.707100848103545,57340870315744,17489,30.022783333333333
0.14129335712151325,12.4458800744705,12.269971021031298,22364463872128,21395,36.72808333333333
0.6582492135830991,8.83191888646696,8.739711115189985,19105519178330,35719,61.317616666666666
0.1577162585646739,65.14738921347387,43.46393602763981,40820725434289,7430,12.754833333333332
0.737006237732369,6.915963701454947,6.349497428824825,72735174731798,3968,6.811733333333333
0.5775302149792503,54.43996162221524,37.826963205283384,44277951147261,3347,5.745683333333333
0.01257389418877616,45.68054438512333,28.955724567317326,12679759538191,65919,113.16094999999999
0.30388916380541436,87.94061053254434,73.02940978784986,77773527552730,3485,5.982583333333333
0.7797231059435313,8.190578531070818,5.398297000914821,70049129217323,10109,17.353783333333332
0.059840917044376316,17.683563569961677,8.623389851883427,5676951285178,17713,30.407316666666663
0.052881512959027856,9.989551842677379,6.729647701911206,2479243548440,25175,43.21708333333333
0.7435529438594272,37.232698794844765,20.87301786426482,75248251509250,11182,19.195766666666664
0.01433607996743652,19.061290354494904,19.05990897134218,68342624796498,3241,5.563716666666666
0.006215966576266323,16.33947276487155,9.420297406945837,35992013631727,21431,36.789883333333336
0.02034418723253516,33.553477771562484,24.324928453506963,11552271554688,21700,37.251666666666665
0.08711753836107325,74.37669605581617,64.83676217817917,34219994307093,32011,54.952216666666665
0.32611994938185973,14.847413742783928,14.715910803519476,69308938086173,10919,18.744283333333332
0.2625577356277083,27.241374869789528,20.916889938694673,64020053539416,37409,64.21878333333333
-0.02906240999817788,2.9754514456815255,2.2968425471493523,34644330006956,6489,11.13945
0.5886051986114038,4.214010242176739,3.9027024380177346,9075790675530,10784,18.512533333333334
0.4567326915759408,42.028057073511505,25.341871597836075,27980101165880,24256,41.639466666666664
0.8051474224197166,48.1464396703565,30.156374458630356,11389325923761,63585,109.15424999999999
0.1469238650695466,61.73112715828148,55.23716888289491,56645955071885,28422,48.7911
0.08976615208564354,9.480218224390164,5.606404719723971,63302199090942,19780,33.955666666666666
0.04711693404740611,11.459359586076891,5.513919572072407,57747102655316,41958,72.0279
-0.1791881374270016,8.207918558979442,8.068564736026063,4501917420940,69085,118.59591666666665
0.442956929998921,24.619239741800083,16.754441793962158,28129862074683,13972,23.985266666666668
0.019522787560100063,1.4692088608754308,1.4174365333712644,77116022252201,15061,25.854716666666665
0.21894833281222284,70.09316167609111,59.71486281589299,74636684972411,46972,80.63526666666667
0.12735627190901647,1.7797198241728407,1.4443671850300406,20343879399432,19046,32.69563333333333
0.09240759088520606,47.516337522983534,35.23669354734498,13473623972963,39451,67.72421666666666
-0.002624333535088596,22.438774079585063,11.589926430073856,17542368794583,25117,43.11751666666667
0.038278621838760886,20.991561074950283,11.435061701872732,85072848100069,5685,9.75925
0.0024188550299619133,13.639697540499824,12.395342433275239,25735877736289,17878,30.690566666666665
0.7155579673201735,43.91488041124178,37.89724464466646,23647146276738,20541,35.26205
0.6108169318508667,19.63412814468963,19.10857998997272,15603198285999,4586,7.872633333333332
0.9240688977619208,3.7570132940408065,3.300231373052399,37820016127228,23778,40.8189
-0.002136092629037716,78.9356709433038,66.24139585620985,3889164981917,32246,55.35563333333333
-0.003406847700446441,9.73909540617006,7.855445059648613,11897270129305,16580,28.462333333333333
0.009107712046401135,2.5863501386983905,2.17474786479654,85452833130611,11782,20.225766666666665
0.36887876822845506,2.777591402264321,2.1407889364014014,78228899959816,7144,12.263866666666667
0.15751018144246126,73.07910424481427,52.311816965837764,2303860122039,47348,81.28073333333333
0.03232173696301282,22.38551197055091,13.57639046384869,70380415697961,9173,15.746983333333333
0.001314486646533991,10.730302869006598,8.420487781720201,34864231640349,3531,6.0615499999999995
0.18876799493321134,80.25076316755509,59.57959800929904,37012403301170,19502,33.478433333333335
0.0842664150345296,36.23846142010501,23.36487793309973,718534799505,8720,14.969333333333333
0.14514006316946407,281.29574839747096,205.34089209727787,29204567710170,27701,47.553383333333336
0.04587592128565763,124.48000336519544,100.37779645996116,24318873827924,53484,91.8142
0.4123825276400626,20.074391069794988,14.564695616628446,34552149723696,16434,28.2117
0.2650424606403549,43.90197281948726,28.53367817549601,74468250369472,3793,6.511316666666667
0.39381318048276626,68.95617261575256,45.2859120121854,45595740646930,46641,80.06705000000001
-0.03744721869792138,3.3783012796570677,3.3377030764416693,23980790047635,3269,5.611783333333333
0.5150092776474166,148.30151001003804,116.5064170248299,73326673724141,21874,37.55036666666667
0.006919014369727646,34.503454065359826,27.998331446480854,26963481101281,10435,17.913416666666663
0.10747285369587971,26.573099320315016,16.79143545938575,32348235651630,47288,81.17773333333334
0.09211247013479015,30.049285642786277,20.600044531071745,59739921858009,14792,25.392933333333335
0.045738795629171665,26.919354936950672,18.64652105657613,81072484219522,8502,14.595099999999999
0.5237569519673765,43.44128976878776,27.52497095646334,82073105902584,28332,48.6366
-0.01927185690033051,1.395031274739438,1.2908781322148644,70590837362765,18854,32.366033333333334
0.05312702889856322,51.93224064265713,39.00454435403973,40073291443206,10489,18.006116666666667
-0.18656844085071353,7.87792876648834,7.105663236704552,56732735640472,11531,19.794883333333335
-0.003525897012122412,10.387426398079537,5.261197833035871,22295162989568,18586,31.905966666666664
0.221964198750582,34.83973524722882,27.884893945298423,76940627068216,36204,62.1502
-0.10043809484459826,0.7259422342099122,0.5136614756249868,79768133749347,26659,45.76461666666667
0.12775631192638223,71.96095134896164,37.8213302057972,12184666677491,3778,6.485566666666666
0.7844320954325807,33.00838743608741,20.53605382785999,43470252453527,13964,23.971533333333333
0.21871901927077503,13.2624440900915,12.269225256865965,58099432108260,9927,17.04135
0.5101892482355479,44.32037999554913,27.905742842446333,31243020923757,30528,52.4064
-0.004023483271177152,18.80233552255934,17.781649736894177,82995824911355,20516,35.219133333333325
0.11058263849879107,73.35576105909787,62.674634056919686,49287123321141,25696,44.11146666666666
0.5207629249990733,48.207455365989496,30.582670018952076,91276659850386,36062,61.90643333333333
0.6125950031760055,11.651560310787,8.456765109059953,63965857285402,4681,8.035716666666666
0.025767172376148416,35.38730717229167,25.826279444480427,64767505645094,18375,31.54375
0.8753515125660778,46.1104234403006,27.13458092126573,56429876652856,6424,11.027866666666664
-0.0003565070832428399,2.6286227549748133,1.9775715878060378,47644878892614,40207,69.02201666666666
-0.003041096965876962,57.20583443486525,37.38737598549898,70692091367617,17686,30.360966666666666
0.01787484774970146,9.86867893388176,8.685292602798715,87231015522720,69168,118.73839999999998
0.02358715169795187,19.704726632088533,14.195996573253911,46282412873214,24604,42.236866666666664
-0.0025817952419217196,9.072729328891251,9.064844129446168,15958101321991,6598,11.326566666666666
0.2865170916746824,46.69680830332869,28.187275611928882,44066930718022,30405,52.195249999999994
-0.010229296224406895,2.415852982136796,2.4019103982550907,39767768996813,4823,8.279483333333333
0.33937954585399027,29.54322588955904,10.324977024378224,89767481662268,4847,8.320683333333333
-0.0035384934434355923,1.9342248485137388,1.91311862697782,65893643578447,2956,5.074466666666666
0.026690468665588662,9.30633084692961,5.938372182257683,25926449058545,19531,33.528216666666665
0.35348100775345864,68.40684493598782,51.19267098738135,57724400612022,55499,95.27328333333334
0.7030921621804995,50.64846027888883,38.25406750244108,13948513550023,11236,19.288466666666668
0.5824298409899206,9.88391580357511,9.151648278169773,76130220169416,26628,45.7114
0.004077608510912433,1.2253341888624443,1.1069369290243876,25480324850365,3135,5.381749999999999
0.13861143515778898,2.2771147626006196,1.4436457995928715,9524509546088,13274,22.787033333333333
0.013556432985552577,16.884686549290052,9.63853973485396,41358617293483,10333,17.738316666666666
0.3518476961863235,63.841332572544765,49.32569694911846,81396939847323,26221,45.01271666666666
0.03339507153530367,33.20082255036296,25.839568891637605,21672855984539,19611,33.66555
-0.002165244425517347,0.9711213401995974,0.9512552229508492,1693783016072,6948,11.9274
0.02786111640981289,18.125913180811096,10.726884680679587,15899191868690,9286,15.940966666666666
0.381237872344487,7.533376564048291,6.007226277444412,23893291438655,13029,22.366449999999997
-0.007605279333833142,16.281252090182598,14.802114857007663,11062575127100,15421,26.472716666666663
-0.011375382205460355,3.982911912023412,3.975485406216252,59197087229950,4261,7.3147166666666665
0.5699075705277753,38.02731583800395,24.91581803421418,33836188275871,21079,36.18561666666666
0.23490760419789683,16.757601065056072,12.549017440002604,59137268825229,44009,75.54878333333333
0.03334135657902516,1.2910132848074993,1.1870011824307063,63693400370345,3345,5.742249999999999
0.02430153953798781,6.129357745522847,5.363595499943676,62601812448743,48766,83.71496666666667
0.4117739203452818,16.38672280368583,12.537546228406283,51656024969441,55029,94.46645
0.1595305235066254,71.94664334041676,58.679392271158044,40176657853787,40635,69.75675
0.031443452648538,18.24872334660342,10.716540559289491,75537031009737,9135,15.68175
0.7849325213280058,35.48281040457845,19.426510251579785,77195015700640,11268,19.3434
0.13196378882412385,17.869621282100166,6.051550309289362,76134560364805,9700,16.651666666666664
-0.016770657506398372,12.566353790185758,9.602178761894095,32143102503382,19703,33.82348333333333
-0.03416538961383217,4.648216668437594,4.629309540767507,48464563385885,3530,6.059833333333333
0.00400260106144059,15.409319074932881,7.9102184303169585,39584513586332,24872,42.69693333333333
0.02334517622504154,6.810349790368477,4.369328132712895,19380315368702,18822,32.311099999999996
-0.6786061256685737,10.307414344163858,10.262462489254661,16397513575299,40913,70.23398333333333
0.17788067119143872,1.0760029011472818,0.7989372208009048,8333850456160,21926,37.63963333333333
-0.005419626241800571,9.689628933230074,8.664109952347191,40579102246289,10247,17.590683333333335
0.5488000748897837,27.976553503010596,19.681640146456516,23257096086785,29622,50.851099999999995
0.024322230155466914,4.679477402505431,3.962520649512661,65691261465313,7645,13.123916666666666
0.23661348357938147,85.53022491811825,71.50421739841137,46220973341654,3410,5.853833333333332
0.13684724345534355,48.6475687142029,30.19756600411679,18036136193743,26595,45.65475
0.42529347287501323,35.14454777943588,20.889157096868978,37841109408219,20967,35.99334999999999
0.09436113881512534,10.066010401480968,6.898874433870889,16916907035454,41144,70.63053333333332
0.1580332843971009,19.362456418659836,11.823765294166693,8932840426725,8072,13.856933333333332
0.256867269130881,3.5400563926191273,2.726774139332473,8972999144326,18058,30.999566666666666
0.8179375994774726,3.93305351072406,2.463104974373663,33553572411186,5793,9.94465
-0.001523835305597525,16.598333196274826,14.722352097136952,48686203879578,15329,26.31478333333333
0.19702230897355322,42.21118584223051,34.28491056773121,65752925472700,47185,81.00091666666665
-0.011135904681117083,2.967996939369282,1.7725621647345666,38982987825255,5206,8.936966666666667
0.5472342392786951,43.37252855335449,27.475748499943915,83815915643123,27503,47.21348333333333
0.01481257299946717,1.972701743220014,1.9538792685375377,25245544737825,6036,10.361799999999999
0.1790543201601098,1.938957653095052,1.7953607829529683,35510994421895,30883,53.01581666666666
0.0062180896481583954,14.389543902619994,14.010776807601193,43399972937975,9960,17.098
0.5320238612820594,46.30929849101101,29.100599413905762,87474208916742,35456,60.86613333333333
0.0013048429037592435,18.642520974408317,11.386215328020212,28225376723807,17933,30.784983333333333
0.19340898792507374,85.94496994800278,58.819089549173135,55870165689398,5845,10.033916666666666
0.7567392708344218,47.615504008802176,34.55414828651752,69651834231050,10322,17.71943333333333
0.01081798955708992,34.873335354949575,28.236225432788572,89209355629273,10607,18.208683333333333
0.029112626845895013,4.499092158180187,3.165103470712629,49762819882170,5934,10.1867
0.053652257393739945,72.74878448910644,54.97571652481583,79912251501043,12602,21.633433333333333
-0.015461657016366655,17.188953813324876,15.45904997204298,65575167092919,18359,31.51628333333333
0.3002840299633743,5.363253207231106,4.1701826511274165,14213410747260,4414,7.577366666666666
0.433990729438642,16.507557398032347,8.49950910660796,21584821051688,40472,69.47693333333333
0.048401802182756866,24.760914142740507,14.079733708066192,8881714857790,8111,13.923883333333333
0.3350997359200832,61.29344384524956,49.02041996125194,82467881912885,46584,79.9692
-0.012423115019074813,4.969857228130402,4.952897841973073,63228503598485,3128,5.369733333333333
0.2494024166921278,70.45662412372833,50.41893180078209,82908740843616,57288,98.3444
0.483347067127865,37.69717620723597,23.054996117647185,65549061110716,24597,42.224849999999996
0.008845899973284603,18.816726899284333,10.87513975929865,57376550570424,18105,31.080249999999996
0.8678419386674233,14.115550525446602,6.739212333412028,13255876270659,20589,35.34445
0.20714663899381386,43.288334334126084,22.591473635403485,23255893135305,4411,7.572216666666666
0.03332716744988908,1.8008320371951765,1.7805532219601707,43425125260661,4165,7.149916666666667
-0.005988299479335342,0.7946214614243252,0.573841673214091,89787621495693,3348,5.7474
0.00012735422605055738,17.82656162932524,16.76247500155005,35653243953697,17613,30.23565
-0.019498705184801436,3.070483383788757,2.155201172843174,66846034638824,4933,8.468316666666666
0.3749930180863174,75.155810486988,61.409817494662825,12685028509101,3322,5.702766666666666
0.11160943124169988,117.75141462417109,95.57340058535777,23303271942803,37270,63.98016666666667
0.09135707011805826,82.20543680672071,64.25054380362137,27587578638967,15577,26.740516666666664
-0.0122758245220049,44.87080044966292,34.94740706148936,36448849216701,3532,6.063266666666666
0.032307774759146035,11.630952582066021,9.388987173361082,40211166435330,20036,34.395133333333334
-0.008272853687246558,26.47487693113272,9.80854629560855,43157309942029,15861,27.22805
0.11478537322653136,53.85341962118028,44.986992303876065,7806101475212,45083,77.39248333333333
0.3822408599197763,5.0005024806886285,4.107123944041433,50933702198164,50172,86.12859999999999
0.2548043783068396,2969.3986788680613,2835.4017910884468,83816286135537,3599,6.178283333333334
-0.28390897805210535,1.5097642906453304,1.4173746612790497,85863774691207,52153,89.52931666666667
0.4478228974601878,44.2113966965541,31.946162184786026,31461357169924,42687,73.27935
0.1186464669771457,108.1199297962542,79.5657906498559,55618021857568,42271,72.56521666666666
-0.0009527159223636934,19.684560201490537,19.679069097759655,76043140230271,3708,6.365399999999999
0.017595886008493097,2.6227831824970704,2.5741580723137254,46585296593295,3020,5.184333333333333
0.007368457992718353,12.816014131110329,7.5756205211478,77088352955312,9383,16.10748333333333
0.1641700668058172,9.792118179560958,5.895854067950663,62136051047421,20105,34.51358333333334
0.5560202458098665,3.1560990276165066,2.3896941046471745,74928722695164,16206,27.820299999999996
0.013762805798642185,1.4341926336657445,0.7741789122649769,1700028434803,34537,59.28851666666666
0.0549570603587345,42.1831959175675,36.15187635185363,68716680011238,54060,92.80299999999998
0.5895227551864072,34.876853248265306,24.600939754766085,77655396302107,4891,8.396216666666666
-0.040949966923008715,85.06922847552178,52.43620465678952,81507724219569,3085,5.295916666666667
0.035481632123776086,10.924136055060522,9.12287370974042,72682720090694,3165,5.43325
-0.5418998114019743,1.030041602468929,0.8776020404188232,68458287276566,29730,51.036500000000004
-0.0041536279103238285,19.013374801955088,11.266472109765688,63360468528269,18033,30.95665
0.008601918076076652,14.710869633409818,14.70870474129572,63215343818829,7818,13.420899999999998
-0.11897869627588377,0.9650108330738767,0.8072981555362627,51385600600588,15157,26.019516666666664
0.1751727691982852,6.29063085552448,5.542891708194217,4196201003561,54821,94.10938333333334
0.016373441844807518,24.43138882139275,13.660653551944016,84721354120643,3940,6.7636666666666665
0.6043499976193273,43.726228039275604,26.98433900895775,45091015456470,37206,63.8703
0.04644671864719917,8.040262702019511,6.992569750981989,80738969424827,6748,11.584066666666667
0.09352216838041776,98.77308163769814,75.05344967654048,57044040306615,5122,8.792766666666665
-0.00816431808258274,25.49816874354551,10.114706475990697,29924401055519,11875,20.385416666666668
0.4972850358621007,80.40587885525039,70.08722368318435,37448175180825,3420,5.8709999999999996
0.02804976197212416,8.181696676737516,6.860960354524697,39409558966052,56939,97.74528333333333
0.6136554903771247,11.062426548154013,8.831935247038045,72000514316343,55381,95.07071666666666
0.5410326526277653,46.188870705059124,28.295322230538744,39348253642808,38325,65.79125
0.05038896352226915,44.24298871518797,33.06265731962269,49293625524611,10932,18.766599999999997
0.7960105853358581,23.25085524151622,15.890092648367299,26269863976242,30595,52.52141666666667
0.26584244162714105,7.1712378455857095,5.720650555407386,28223556094913,54775,94.03041666666667
0.0036874336688469183,28.208057714230282,13.750983844660404,21197073387598,4301,7.383383333333333
0.03767746798922777,5.881434719298715,5.265247664629023,723375197699,6477,11.11885
0.0010874579009204533,12.152091492950651,9.638083798871312,75248091223045,16479,28.28895
0.42884253838352737,22.285277759751466,16.374256025452024,91335444898518,33481,57.47571666666666
0.19646455789231637,4.280012173524148,3.6478069223635052,5777237050997,15812,27.143933333333333
0.4527606126378736,35.897699186583225,21.98722545343044,46561855053657,23100,39.654999999999994
0.05636668418443726,92.41667615065168,78.20702719188185,11804685134897,19589,33.62778333333333
0.04471380835382634,4.634647787558961,4.080487267373903,37951518193562,55826,95.83463333333333
0.01758434128104769,18.9876525281385,9.384218083005964,20969159341723,17490,30.024499999999996
-0.06964844667739427,67.78367965394852,33.68804078618009,72259362788682,8753,15.025983333333333
0.34203974892829603,70.29044572717203,56.76612654223654,78363260270658,3416,5.864133333333332
0.19947108338412003,71.54551813532625,55.72038533749272,53377265354414,37958,65.16123333333333
0.005286072557972558,7.683257430097767,7.188225273730062,10374547667403,3242,5.565433333333333
0.13575897355908634,1.877343234027516,1.8252858340699276,26126692693148,8738,15.000233333333332
0.5263139583000704,13.519023690505039,11.000441956753582,79412295010379,52993,90.97131666666665
0.07667786767950066,5.213461789387147,4.335383930208426,46763843098922,44835,76.96675
0.040354324445579175,16.410636990229527,10.267983446212307,38849365235179,62503,107.29681666666666
-0.0441453830876786,2.722261096405538,1.526459956253975,53799308605463,5620,9.647666666666668
0.6361299844615231,39.949549636412534,25.180901628688094,25654308627358,39302,67.46843333333332
0.02181876390391088,18.121640953176925,11.113499823861419,31717163767109,9017,15.479183333333333
0.4263933128671927,15.24034870119799,7.688728532793398,85708935836312,8438,14.485233333333332
0.5789024638910749,20.974596289162495,16.180860932414895,77693782011551,13185,22.634249999999998
0.02189264906818646,49.50724849144436,25.62653738119505,6327937446308,54962,94.35143333333332
0.03560281389413358,11.002155325460379,10.027185141184683,85180902979233,11704,20.091866666666665
0.013195600147628508,18.467575758447257,10.669349596972998,90866465332196,9454,16.229366666666667
0.05246772451411568,52.09740270037785,33.7619618933147,49465680782240,39099,67.11994999999999
0.654763527818906,12.158903283727392,11.315547659771088,9165464142815,24826,42.61796666666667
0.00013115346288824074,16.472727124823685,16.466220662840275,68224424853056,4015,6.892416666666666
0.401739121402975,55.71107910350404,43.92770874398858,25794178410298,29386,50.44596666666666
-9.519892697846631e-05,17.05673745431264,15.623939250119635,53141099729474,15242,26.165433333333333
0.4046916476691607,4.3851576887449175,3.158442599684891,81718849617075,16619,28.529283333333332
0.26233131917309443,11.099032435748422,7.219436039975895,68547069907854,3720,6.385999999999999
0.010476148151384057,5.721530467573041,3.353359483821812,82516096725413,19029,32.66645
0.39464710221568544,3.2909279027625287,2.1718408187230427,3047423082537,9120,15.655999999999999
0.2187779323301522,68.69493492905184,59.18897229468158,31944747250830,46192,79.29626666666667
0.0907291347573857,38.61436710779847,16.460885302254766,38905569971984,6573,11.28365
0.07736373208075845,40.96378004634453,26.990634327382878,16312792040992,8684,14.907533333333333
0.03645140518319156,18.084791475096775,18.0823453743609,49146305346543,2964,5.0882
-0.1112198875888527,13.026086419207175,12.657288015472233,78499237363638,4597,7.891516666666666
0.6814840006674214,41.36931289869446,26.852198010431643,17908213603753,44831,76.95988333333334
0.5573644353584806,36.011690414106354,26.61236195864014,64854950717446,27887,47.872683333333335
0.007610583742386834,18.945017481893508,10.248778291587247,44535364225332,17461,29.974716666666666
0.3114685352782045,117.92458274539527,95.0256075403742,4232726625748,3414,5.8607
0.006127310132528462,10.541567708917539,8.079429687475553,1269803148815,18101,31.07338333333333
0.220959384523922,63.61414146263181,46.918092391115984,11912370096366,12253,21.034316666666665
-0.011234595463869497,26.79979431962028,17.70160605487695,90589338712814,40658,69.79623333333332
0.7251208678686919,7.065166123886576,6.400674231877272,32640150915575,3691,6.336216666666667
0.17105474683509908,54.07714523754774,29.48199855110782,37720520576359,56473,96.94531666666667
0.23986081566655687,23.681786102992135,20.849357566778203,90359950886154,7589,13.027783333333332
0.2790259555059536,61.79285418385545,35.117160398749746,82606035278576,54400,93.38666666666667
0.01653238173832233,26.707957630474493,15.30495625217526,38189583961593,8304,14.255199999999999
0.3204955149304167,52.990292742732045,37.305296055008384,75351216160408,34000,58.36666666666667
0.11911960338904436,71.76864519766356,45.12352196082583,89059013798399,21052,36.139266666666664
0.13882547550917412,68.9670061753723,53.63482374831226,81416169060062,31188,53.5394
0.0017677926921159653,17.10745898350183,9.42416623508339,65734380931291,22407,38.465349999999994
0.30834289816940164,44.39376331930368,38.50457483311874,15540288020488,46253,79.40098333333331
0.1769797966652026,52.19227730843691,38.1456645010642,10048850990766,3028,5.198066666666666
0.019651133857734742,26.181519498308656,18.814200402693082,83993971056659,8939,15.345283333333333
0.062132778449396436,26.63425712957873,19.14437248058885,37168881746861,4147,7.119016666666666
-0.015619154643071316,5.152987002072926,5.02228592885808,57926052144188,4411,7.572216666666666
0.010806509896178672,18.302678897282657,4.241711840496471,51824796305232,62799,107.80494999999999
0.49774115939622526,44.0558447015679,27.65446369304229,8064112495532,25711,44.13721666666666
0.26562161004761103,832.7407813501206,758.0068634889126,1827371988536,5161,8.859716666666666
0.07711048395860808,37.14397059292813,22.892776283367443,32783139202083,8495,14.583083333333331
0.009743624885233025,378.37051727126806,316.7681963257896,43658259139475,10134,17.3967
0.2501475015257106,78.14320967111419,62.96268696343013,83420079447880,3377,5.797183333333333
-0.28224956907344306,10.283192469785115,10.227246842978504,85217941416637,38979,66.91395
0.21239106597230667,22.26601194183846,16.199361217981647,22699855499191,55909,95.97711666666666
0.1461806580133394,0.6411970032074655,0.5463923646538839,33129285501041,21593,37.06798333333333
0.14607544811461268,58.138843469720726,31.011220733549912,62338080220402,4940,8.480333333333332
-0.01715606149705601,2.627226171098196,2.2267123305478904,19253642171097,21809,37.438783333333326
-0.026914006356984512,4.333632690963275,4.321759974225842,43097928241264,4764,8.178199999999999
0.35656841271014456,18.422062082173372,12.824361321798287,35916160613190,43849,75.27411666666667
0.0071671058830637315,10.663999844483598,10.438202864066728,51187318971908,3442,5.908766666666666
-0.096696567780828,4.581242758748156,4.453139222329033,4113537858040,20079,34.46894999999999
0.5327567361460928,44.99732755959471,28.364519539127546,36848038820917,36433,62.54331666666666
0.8016535604621657,30.05677276881754,21.536677966582282,1741906956393,17629,30.263116666666665
0.11189637123191677,9.745418307691713,7.8040683452500295,51612879166280,18370,31.535166666666665
0.02977353278538813,36.83619294569923,28.79148969483619,7302668224798,6066,10.4133
0.034657229343313604,30.776868414348197,22.920867732481266,44746076465082,7469,12.821783333333332
0.02380438828253635,0.8527219035354048,0.37597156579983104,90487943936423,8412,14.440599999999998
0.15326306152063904,36.104547564611266,22.186669969348337,12169416133714,32865,56.41824999999999
0.1325138068317746,33.39092059788706,11.431398784430453,52964479281041,9675,16.60875
-0.04090744658127124,359.096753698293,271.67546733929765,49849490491976,5445,9.347249999999999
0.07146121799705872,61.476074505606235,40.82552860725995,56561996019192,31329,53.78144999999999
0.005653827348223859,44.56189004101621,28.378557725488342,37728729335496,61104,104.89519999999999
0.1919697265249711,72.44343755256989,64.3804037895624,79485581443730,49612,85.16726666666666
0.0018001325998170086,5.512342479687903,5.173538969047306,34160923480533,3614,6.204033333333332
0.39074808244406506,41.21686602069625,26.050862723963135,41545124289903,26888,46.15773333333333
0.4799032571834256,42.41939341830072,26.742517222712802,14398406031256,21191,36.37788333333333
0.6700047129237443,11.29617276085219,7.55925531872355,21829293956652,12112,20.792266666666663
0.7840373689815332,59.178895699946395,33.55700210968491,43824577452839,3419,5.869283333333333
0.07305280737249648,55.268816294213316,44.3886098431927,51134356437065,3728,6.399733333333333
0.43579774412196254,2.763426232242464,0.94436987939282,57593764032348,13910,23.878833333333333
0.013417103226960301,38.324569471476735,30.676534577094134,69389700743090,7088,12.167733333333333
0.3160321582620054,2.669197236442864,1.9056061104414477,65190119112804,64037,109.93018333333333
0.34167095568806405,34.482249893014355,24.438613811372576,15710381718832,11982,20.5691
0.6351525817045142,22.929156160849242,17.62408944168369,56004937977880,23032,39.538266666666665
-0.007570317128503691,14.402745377533218,12.56936103460565,6863127234022,18468,31.7034
0.6338317368018098,43.12599265807914,25.755654738821313,28126205387289,43435,74.56341666666665
0.06882568122177048,4.35026035188138,3.7532046047426104,19613298800901,54561,93.66304999999998
0.02718880067985811,46.88425184998918,37.07775209643715,56379878586953,65383,112.24081666666666
0.14861678540030146,87.05417808658771,55.201601699810475,27456429541069,67178,115.32223333333333
0.0232730803853878,45.83625003621981,33.54360655478959,75211994619138,8724,14.9762
0.0639038827841776,42.9481434475403,33.31819922261476,87445865649725,8611,14.782216666666667
0.4089438071122762,39.217002145974924,28.6639157580962,86517632141941,5971,10.250216666666665
0.02220020868262379,14.993760185132281,7.993456815744375,59844600444272,14168,24.32173333333333
0.06141417057705182,2.0427290818470647,1.8457973019501057,4524162240182,22786,39.115966666666665
0.4004365172059345,51.18566372472072,38.871925623749824,16297845975150,33007,56.662016666666666
0.34004348007056623,6.7699565557794115,4.23800074584454,25850643377446,15532,26.663266666666665
0.7706367644790822,18.321466821055512,16.450502577981087,16154944431395,28848,49.5224
0.44924383051980415,41.951425844825515,26.887815355918203,82225703977194,23390,40.152833333333334
0.7561944958594542,39.017010039514275,25.936897860783034,49817016575252,10241,17.58038333333333
-0.0006925457674380232,8.349515415303472,6.3395459345248675,84570055194095,16799,28.83828333333333
0.2075763965991034,75.32615852573623,54.70471848965146,39799253470350,6286,10.790966666666666
0.35735863696588727,33.271547505912615,21.022304017087926,49767610214499,21511,36.927216666666666
0.060021088607522075,31.950563761578668,22.440883045461764,84942117706891,15749,27.03578333333333
0.007727267691790684,17.975554904000973,10.77649986738826,8636181747036,9348,16.0474
0.023414555257881355,93.98646051414848,73.5745646497838,89348846281115,17724,30.426199999999998
0.017543300338358762,0.9569472770419546,0.8769751266368384,52632258041240,3296,5.658133333333334
0.3363787308862593,2.774718116922518,2.4809981768546003,36072722055368,48138,82.6369
0.043729178764723334,53.92741293679908,28.98467470427975,28342685898415,54051,92.78755
0.013749366508239028,30.475898182100437,20.77302001213798,59655494938513,59161,101.55971666666666
0.34570970970592824,1.2495401161837811,1.0636336800620427,76447617534057,56729,97.38478333333333
0.14792620396652417,14.77140555102593,14.554668056958285,46054188389281,3618,6.2109
0.2007006172973691,89.3900896779719,64.67713340546183,37257746300044,19441,33.37371666666667
-0.6312678446628586,3.2413021102299147,3.1816759101394485,64975797186778,22363,38.38981666666666
0.004282059529538841,36.285538858159086,15.051166397650697,34476246323039,16330,28.033166666666666
0.7618762416472443,59.004365549966785,39.96783442268205,52273392515159,3664,6.289866666666667
-0.0219510081246994,1.485243480100382,1.4362100363834842,45597772414469,3383,5.807483333333333
0.22195913159577993,21.855248920148377,10.318247766524626,26473580450677,57460,98.63966666666667
0.012958113359154965,24.749409961013143,18.847069019606373,82439859807494,42038,72.16523333333333
0.8886109832239711,1.9995597236767946,1.7045636144413765,81384961020135,30086,51.64763333333333
0.3490073949740364,56.15871977651414,46.06874908555825,46036455939727,27760,47.654666666666664
-0.0007785458396452838,6.2155978600540545,6.204826205857238,58701163442046,4272,7.3336
0.06916527531359934,40.871731615681355,31.767760689511974,21596452438226,5109,8.77045
0.41285723275174163,52.379827083581276,29.017559540472284,68613357948365,53028,91.0314
-0.00755202897210502,14.878783069037729,7.2448561719206515,77679302764045,6832,11.728266666666665
0.0643456022799299,56.392656674254866,38.9650263674327,15213017359847,11326,19.442966666666667
0.009675134582734092,3.549819554792344,3.5354776305721023,61670558277877,4599,7.894949999999999
0.707453828165029,63.348452992745116,38.31950748685282,14696412898743,5193,8.91465
0.03068839649037774,5.082225049709236,4.6571746216411505,63405219343475,20132,34.55993333333333
0.011016300059120696,32.69337373816855,25.303849499971356,2927391077022,8306,14.258633333333332
0.8287321391427961,68.22339317388894,48.10655017375275,80285289534059,4266,7.3233
-0.43559820969561935,1.6838633177237414,1.3238208759214045,91100807883758,20168,34.62173333333333
0.21402523398894815,30.081799570676598,23.636859444725147,43303372003223,22379,38.41728333333333
0.4717699111703662,39.54858373751485,24.424186587858443,57668763769241,21808,37.43706666666666
0.07351184275188025,17.085951879951285,10.471202027540423,35975661621348,15893,27.28298333333333
0.2128101331782096,18.35824952387395,14.940297991819945,13549167729899,69386,119.11263333333333
0.19927374355358446,21.53479879100182,14.171789066262606,18997675190036,15159,26.022949999999998
0.5953620364212566,42.853178230912846,26.2432676852113,41842530614914,37706,64.72863333333333
0.011520559647778296,19.288645764890447,15.290131305887215,75549578797865,47368,81.31506666666665
0.7358224253785389,42.74146974699785,29.728831421087737,56549274128940,11285,19.372583333333335
0.019179378607139187,6.8186693319060145,5.553136688613191,36593500127950,6532,11.213266666666666
0.43970794003886754,113.29173095770882,87.99265998634236,8521056603685,19731,33.87155
0.3358423031014494,10.521788879223159,4.58398066159325,21977639220669,19772,33.94193333333333
0.23840165885563644,20.388765485591012,12.063162317549175,34766317647563,28208,48.42373333333333
-0.4535394853760481,5.247676287254181,5.08735014968411,88619888793258,7115,12.214083333333331
-0.010484235217682554,2.524757439747349,2.4438623805435244,79666406644490,26307,45.160349999999994
0.8300749835578339,3.4821368771617323,3.157927486861163,66091700332080,10386,17.8293
-0.04606934810772792,39.52864459420189,32.42969884947137,11383617115269,5362,9.204766666666666
0.0917207842155667,11.051437660638387,8.52498148389381,49867455859270,19814,34.01403333333333
-0.001352914597885302,1.4993433475633222,1.4104468671876118,67632843806757,3277,5.625516666666667
0.15649990108810663,35.402601046824984,28.88291890843622,58713441643543,53839,92.42361666666666
0.018858879633019406,1.854153852167543,1.79471284815555,46128946441841,14424,24.7612
0.6483068016944056,36.05505712412521,26.711607792461205,13530500532767,4328,7.429733333333333
0.6534852495046043,41.18605090397527,26.31005741792054,59218697680197,11376,19.528799999999997
0.8580672170615989,2.7872986992004383,2.3246122585149167,91552800518889,5122,8.792766666666665
0.7642920327032495,55.427375948911525,38.28623491066012,82935446430739,67510,115.89216666666667
0.002318321263678178,14.073471315153695,12.158746079522894,24051477127756,15367,26.380016666666666
0.028497075101948845,80.6879639780678,60.39596979405695,60862843261669,27594,47.369699999999995
0.5800223032043302,45.03792067178145,27.40812824557599,88829641493984,36411,62.50554999999999
0.7432537616389013,38.44940927935805,24.260321519942813,55765426658263,11972,20.551933333333334
0.5608128247813766,3.879888825355512,3.294069345915686,73728383306034,18268,31.360066666666665
0.2200976739773115,69.72076061537612,56.80579979721223,30375797005395,56332,96.70326666666666
-0.6950844520738143,16.534854435571184,16.50052713133948,31079803709321,14711,25.25388333333333
0.3122209319668929,54.13963699052296,35.54420209138175,7406737480641,28881,49.57905
0.0132687571764318,294.6962461607065,220.21400049779328,46937168352991,42892,73.63126666666668
0.03837163874845316,2.945750455180622,2.4036409355762873,86594263661328,19083,32.75915
0.014828326234352833,0.6562547614299136,0.5625839922075845,50384110551730,28499,48.92328333333333
0.007900492217393676,2.753115721380048,2.701613238330619,37938065929382,3071,5.271883333333333
0.19804921665966546,65.90283799384152,43.68554330588967,14830288405660,5887,10.106016666666667
-0.006498015776115476,10.880965517068741,8.425414669919475,50986560559413,17392,29.856266666666667
0.043823770873794514,40.00293319541569,33.28609597047512,59652437940677,52547,90.20568333333333
0.02079543146566251,12.086168885711244,10.921246659084607,71122740928452,51478,88.37056666666666
0.01476630517112644,28.857732139668272,18.17964015398003,35326672089071,56052,96.2226
-0.024971503225515914,1.8913778605200644,1.8632901771457426,91997923797740,3035,5.2100833333333325
0.006739879740425319,10.25273907718315,7.9927837957562,33112461094058,18522,31.7961
-0.0333949733314554,1.4255210671226963,1.3982702372710376,2392529082634,3410,5.853833333333332
0.06361120478499371,464.09336989767513,456.90510927532216,25407779286572,13390,22.986166666666666
0.09439679225029712,59.31726527118807,41.15087979384795,66552777377591,11402,19.573433333333334
0.7471462320722675,29.829338557760916,18.26700393307742,86891836434582,24872,42.69693333333333
0.2989559260966606,82.47244571671997,69.46137890974634,47200711535270,3391,5.8212166666666665
0.06794688267414788,34.64410877419553,27.91099939824185,12824973855134,52566,90.2383
0.018545697753968506,1.9099987198737116,1.3812813895444975,79726009071987,13789,23.671116666666663
0.5835108467072693,44.79930284068369,28.706353966452614,73456826603825,34244,58.785533333333326
-0.21449922570876445,7.463141009574964,6.715852589714049,9229734072869,11518,19.772566666666666
0.31838725082606545,167.84349499713983,142.34097621257243,80181001794537,38662,66.36976666666666
0.6293840836561763,9.415478647012579,8.943956392477338,16621062343125,39674,68.10703333333332
0.8936951446197067,1.7895112373246298,1.4120654380520756,3065919096751,24709,42.417116666666665
-0.003062005156351327,18.12623626870321,10.722495292271464,90318525972382,9106,15.631966666666665
0.5803285559405951,45.64099316064881,31.176504711590926,38363327499170,37210,63.87716666666666
0.7430455657097546,6.343673031380951,4.781386742863644,73672653963280,57669,98.99844999999999
0.09657320163429563,32.1739088045053,15.840751778225187,73074565649443,66118,113.50256666666665
-0.08190923653260786,4.476498004981299,3.923446339351044,80533019381051,13077,22.448849999999997
0.0007701578520915272,19.2454707865562,11.220929645735035,65508315626879,8882,15.247433333333333
0.3477108830616391,74.46350038241275,66.76340537770147,16725410210031,45431,77.98988333333334
0.8354253090541446,2.531245766284043,1.74164935971369,37120044404583,5744,9.860533333333333
-0.26380802863579306,12.507814398902404,12.395512274914154,10578700706426,20351,34.93588333333333
0.18435233045794566,42.16871086889994,31.19556645942953,41196651541441,13051,22.404216666666667
0.005026794077850334,42.00235444585773,17.95076727614895,23096267040386,7940,13.630333333333333
0.26464040103137054,29.53138023181914,18.875385828229014,28683625631315,9228,15.841399999999998
0.10778183671214099,89.21703143570788,67.56397404088305,23458085057248,12895,22.136416666666666
0.5250150607792216,13.301720803745729,12.265512153947142,61058169834302,10816,18.567466666666668
0.7549351467524172,530.5907804968449,438.8996778307907,36927234032010,2984,5.122533333333333
0.6163677910678869,15.758409929399127,10.675185754880527,53465278014865,52772,90.59193333333333
0.03745197086112179,65.60774918933933,49.88068752732262,58232078736627,7054,12.109366666666666
0.13674722462662112,19.50323665226213,14.464406918212516,52027917137146,5533,9.498316666666666
0.011537042107077051,1.3753509101109576,1.2001917728416656,73679067002711,12344,21.190533333333335
0.3728909728517621,31.241388940804818,22.12704157992671,24643787399202,11382,19.5391
-0.13693812225893517,9.653299997816214,9.604101838804405,64086058343368,29142,50.0271
0.5503418397155915,35.33201297340589,19.857686135348153,68175826508042,26520,45.525999999999996
0.450775459105461,5.202643115542695,3.949019160644976,21403268874813,43112,74.00893333333333
0.6673794682070244,3.7227974016909937,2.780186489705676,84107733553169,3437,5.900183333333333
-0.005155167602593186,22.917353140161552,13.844154266761635,81328939096760,15213,26.11565
0.05317867873158564,1.9829226460237723,1.4582354843004615,76501913517662,14125,24.247916666666665
0.45030879442804966,33.51118917431994,19.088016921082428,83031298894031,21404,36.74353333333333
0.2582218836930421,40.473586646196146,27.46056153206658,56199648715835,3793,6.511316666666667
0.4529065525655723,39.49635110023393,24.005576460093422,49939279654799,21533,36.96498333333333
-0.0010439015874152073,14.66293248488804,13.04031971037624,2215311643073,18423,31.62615
0.42352475292920183,36.762075748029226,23.297683552297446,46083068914260,21287,36.54268333333333
0.6239614548623507,17.947243692474125,11.006946297044172,4368432758321,17001,29.185049999999997
0.5325020928979305,29.589419986292178,18.585918589186807,2967818154950,54369,93.33345
0.024638362423726707,11.098534211520919,9.581810622362411,50581200933463,64684,111.04086666666666
0.24181999777625926,16.2714644921735,7.539809695673013,85171505859903,56199,96.47494999999999
0.3960801182701917,36.65069261132791,22.716242566382697,71977048530758,21145,36.29891666666666
0.4706065762301687,25.84043134212775,16.175445986349978,8156522713274,22988,39.462733333333325
0.36195487027952283,5.294192392960119,4.021445953023735,1535537267577,37550,64.46083333333333
0.0028658613697662345,16.753950946665952,9.988159701833451,56503529489175,11324,19.43953333333333
0.5031499048252158,37.42909382537716,23.084601530291426,54176650303977,25293,43.41965
0.16332784230566147,69.79248613404204,47.552763600405626,6816891803221,4412,7.573933333333333
-0.0101387692007936,32.61947105458735,20.84285479810573,10637337140045,8303,14.253483333333332
0.07298472514980044,40.89351947587852,30.960784029734683,70725346208652,8547,14.67235
0.7205579240649838,22.871630390635307,21.226016970810306,309324918467,26444,45.39553333333333
0.1698520369507027,47.60430986656028,23.96447433445058,61186582103415,3439,5.903616666666666
0.06918040789661219,2.59662539278579,1.709430240632815,2504468205863,4458,7.6529
0.4831019523053862,36.65881672067182,21.626215197979906,62463510712046,23523,40.38115
-0.026601767769354762,3.859868730203693,3.2786222894339296,78712676946538,7368,12.6484
0.021474155616350937,1.8516624605672194,1.8354280617870564,78260746106355,4061,6.971383333333333
0.5700403128335614,45.53485328904745,28.015502491027046,60023515589680,35285,60.572583333333334
0.585828360486496,42.47927360775361,26.66042324609642,50227871815380,25830,44.341499999999996
0.31205903599357515,10.180032670681882,7.380969551461913,26141053942022,3698,6.348233333333334
0.03010518278944513,24.638539913837093,17.044203590259844,12335275197675,8533,14.648316666666666
0.5603128352981613,58.61740512663849,39.96812156279989,25939415889378,59440,102.03866666666666
0.7692119637182605,48.57406364375485,44.52702909102778,27021865900919,32981,56.61738333333333
-0.010260609787327426,3.4296701270433996,2.4888049491166573,47148791565449,67580,116.01233333333333
0.7076469494567507,2.2379417458143633,1.3955619191201751,61955299160210,24161,41.47638333333334
0.0012478461237704138,6.247405646083355,5.804933669383811,38073417238322,3629,6.229783333333333
0.2098184140213261,79.07916580621911,61.91647420201277,51956525901406,3860,6.626333333333333
0.4648976811756354,36.994530940097476,18.064327299081047,35796673690837,3712,6.372266666666666
0.3999905972686636,37.03835618226007,22.150128236415583,45406062539676,23100,39.654999999999994
0.26997792498506346,56.35205466179542,28.078908824483978,75404788691139,7207,12.372016666666665
0.005750364701736521,17.77088703477691,10.413457983369003,71103136205731,9124,15.662866666666666
0.25533816594416725,9.267386742624272,6.352593878755162,40866690426310,18699,32.09995
0.5188696248490718,41.57620406249648,26.240998215159635,68445552474105,26305,45.15691666666667
0.01575503589446256,27.99879513855348,19.135342431031788,89104637241033,8461,14.524716666666666
0.0002580068689812283,2.4272540893684256,1.0908300083803844,70846252336491,6640,11.398666666666665
0.2770261508539624,4.301625811073032,3.5478019073969174,42333851169513,18645,32.00725
0.04802663115829155,50.130909081238045,27.744646711213857,21937822024203,65181,111.89405000000001
0.2285633398409673,1.087915811217102,0.8027873430230497,36506826818580,18562,31.864766666666664
0.22383828806909853,0.5535479542713103,0.470758424618333,91709031018134,30677,52.66218333333333
-0.002803984210722401,7.194831082335143,7.1724647124183365,10034101465819,3740,6.420333333333333
0.4977917561814702,12.491254612206065,5.458054042665512,19414772375846,9293,15.952983333333332
0.6131918610366364,26.442027523301,17.975658492243166,75566139260961,12607,21.642016666666667
0.11554050620622991,11.154408242364152,9.489569724866275,2257600900919,30366,52.128299999999996
0.37398789135098504,94.91100147508428,64.03251343470028,11851464720006,9912,17.0156
-0.1708653825812457,1.122196769059142,1.0138062920220885,7661475785003,35938,61.69356666666666
-0.012928581022513885,0.8464549368906072,0.6974115314159299,20989994534750,7292,12.517933333333332
0.10232639892579148,5.267776419604399,4.100084651478498,12916672580725,25639,44.013616666666664
0.011396061187722639,1.4535646940178735,1.4276716761813497,23595008961310,3123,5.361149999999999
0.49917558132083745,43.746672208298854,27.56777520980575,73878249092769,23460,40.272999999999996
0.24149356311249762,152.94998898888934,121.98552112410054,56147072813821,3380,5.802333333333333
0.4183561141113398,37.922842628231514,22.61998181259268,9096519872590,21620,37.11433333333333
-0.0015944538242482547,18.148677599511675,17.038825678311365,44260319708535,15353,26.35598333333333
0.12275176351035816,47.94070633444451,27.84731080022409,53220331096999,52669,90.41511666666666
0.12341701442946665,39.23140647904223,17.0138284389818,17889272250083,35773,61.41031666666666
0.2957280516180044,23.937878871448664,20.23312912723632,88583805666158,54242,93.11543333333333
0.25117952962521134,63.83322725325316,49.90420469316609,22676165329268,8086,13.880966666666666
0.04509949714238206,37.03087788627565,29.61946009467785,41641044827374,14452,24.809266666666662
0.6247826343359816,3.707433068368867,2.812212993574041,85077407027083,21155,36.31608333333333
0.006604773453072005,11.614631510562225,7.215866436966112,69237686865755,18953,32.535983333333334
0.44273514356591387,62.25558448145598,48.989068836913376,88515475882779,26896,46.17146666666667
-0.026105503616894767,2.773555665657682,2.7357225817157174,4864537828345,3035,5.2100833333333325
0.5791374328374185,45.32112915916374,29.340526500871906,62798579122278,27129,46.57145
0.25417367992415313,1.0879290962898136,0.6918009398810044,55942465218578,26020,44.66766666666667
0.046910737588939884,26.733743790546786,14.661834547720968,20805439229124,56642,97.23543333333332
0.5406122989218232,44.597934480833274,27.52445456545496,78764352080721,30551,52.44588333333333
0.1810657887749307,4.213598867937136,4.0420153631933635,69527685686437,47566,81.65496666666667
0.8067470117427324,47.6780093185595,26.35494647778963,55813014445389,3040,5.218666666666667
0.46043763342479904,29.49104378944428,17.59827367121995,42950345469843,19062,32.7231
0.49235870060850934,41.951410108146646,26.438156981133297,92149732325937,25116,43.1158
0.033132528394687104,0.4914235038274251,0.41760924921721765,40341584768828,7090,12.171166666666666
0.07637468386727282,6.01780280767166,5.6090148029724505,4460102239138,7829,13.439783333333333
0.17599574018115646,3.157515381296718,3.1175773263543745,64347943133285,57905,99.40358333333332
0.41965810565762907,58.595396941985214,44.78822851850143,63894637964332,15108,25.9354
0.31465622701237295,2.5151506787050693,2.040091438410307,23069862580516,16976,29.14213333333333
-0.41737719405997925,1.0609200246672106,0.6722469606905033,7670097942820,36072,61.92359999999999
0.21676083536453536,41.39201344462856,29.840363668149195,45820882413145,27491,47.192883333333334
0.10035512634121553,17.227713645996616,12.822918360207595,77267554960963,40242,69.0821
-0.3028468258107189,3.649164299947387,3.6005180258406,44010509494972,58769,100.88678333333333
0.02259268918640596,4.643432116204401,4.633694118923611,22329054410596,2970,5.0985
-0.0851298428129493,0.8450915662709118,0.678212039049202,2164176916878,15330,26.3165
-0.01236834019490598,34.38172544965678,11.186238497974829,19642300212169,9578,16.442233333333334
0.4285454074168363,56.33392608123451,36.44528558709099,81209626689145,28897,49.60651666666666
0.18268218541658543,55.27593489303341,34.220667599915025,69343290100892,7984,13.705866666666667
0.7195542898234655,54.43498994808898,45.210028433537744,33924428909607,4368,7.4984
0.5651487286421986,43.450768001289525,27.31373458206551,58289798133653,37789,64.87111666666667
0.09918133469813185,47.71872511530154,34.462177682256744,32903346271128,38138,65.47023333333333
0.03354501015105844,41.21593625764042,16.360372082443607,6585132693170,19856,34.08613333333333
0.403808442516475,40.647238352039324,28.786005155022103,40616356431823,7721,13.254383333333331
0.23559518929006662,54.87954039294357,45.72937556050266,69824331671675,28022,48.104433333333326
0.4412013502278104,4.248080463332574,3.6625152540344845,45260802061916,28001,48.06838333333334
0.03617791119094968,3.7050135465198832,3.3889260111571207,76235436620887,44201,75.87838333333333
0.051581964556167474,3.827903727154189,2.690880836881288,57195264229303,13848,23.772399999999998
-0.17626615915312485,4.4974800769460215,3.7815064514797,23299677487925,11357,19.49618333333333
0.0033869640004980804,20.690017644475923,19.223727077488682,25641126276163,20116,34.532466666666664
0.45686035213468085,42.87456642998785,27.62598353121905,43510048550479,25209,43.27545
0.4544730790836495,35.4032051174118,21.906432867040188,6796317205849,23879,40.99228333333333
0.553294161489349,9.162018436919507,8.993628497002023,14399242425110,17162,29.461433333333332
-0.004626520144826991,0.9560113247322624,0.8789793564522297,8745078406845,33795,58.01475
0.14267677486347757,2.217708526326005,2.1641845878759143,50563432995864,9991,17.151216666666663
0.20041086428771426,36.13365568247935,21.779847230009317,66419995586069,8332,14.303266666666666
0.0020956704652893518,15.025703234363633,15.023537049612324,26267319357132,6955,11.939416666666666
0.5500674788127146,25.666772073253124,16.896714431924558,84414089608993,13292,22.817933333333333
0.013534649104844365,16.849984907281858,9.654130389793002,22767771634948,10968,18.8284
0.03415403136547342,27.026424649311206,21.43850302720046,75237623618207,4004,6.873533333333333
0.606527848296479,42.46376732053784,25.781717804406437,71573763985013,43813,75.21231666666667
-0.024968667132557198,9.866588629464832,7.72612893503213,50082515975424,5337,9.16185
0.18617142754386784,21.96646014088226,8.792214046258088,56501161523608,21102,36.2251
0.24762295559241695,64.69656416244678,49.24081543714977,69492979264292,15704,26.95853333333333
0.08216577129512785,2.355317292870346,2.1974703266769304,25787225664589,4330,7.433166666666666
0.0354263582069258,311.79344981032244,237.13060611398342,34136237658045,18810,32.290499999999994
0.35627459811321377,53.10548169062705,39.11959690937233,50981017847597,68826,118.15129999999999
-0.0349796069066271,13.100750877888187,13.066716940337207,79548164733057,39399,67.63494999999999
0.017715254168488712,19.095590306767477,11.40567260007719,33072690755728,9245,15.870583333333332
0.7690320208109134,35.890751647169864,20.503852992583425,58621080642248,10106,17.348633333333332
0.5383304227959179,47.445925322072085,37.75134427614455,13500238983107,45157,77.51951666666666
0.2715056822884774,4.765041322614319,4.031929276383645,63009082190827,4888,8.391066666666667
-0.004142176006483815,8.594531301937756,6.08505380896984,88907348157614,17657,30.31118333333333
0.8118372197964047,39.77194644097621,22.943454665065623,54494614222056,13806,23.700300000000002
0.0479873177885459,12.159330051377937,9.20952525522733,28605513462062,22334,38.34003333333333
0.5284839593797226,13.779608956553684,10.7011465980823,32999177291258,32395,55.61141666666666
0.024319405803207038,3.6003194130384313,2.964897601916512,50503076225101,7755,13.31275
0.3109222264010586,2.742687705550368,2.4808264748929725,53249704038768,12375,21.24375
0.2780884412592349,8.711285246779326,6.544267376195977,61662830388696,32159,55.20628333333333
-0.007598079894171053,4.681656298061661,4.6630545117320255,41064275741769,3816,6.5508
-0.0052921456357213,4.005920702354046,3.9930712418537944,48149344809637,6264,10.7532
0.003469352939864617,1.8943118614756236,1.4333295126077958,52613189632169,29594,50.80303333333333
0.26375412665574904,24.094683809889045,17.804319141283703,25711280137038,33779,57.98728333333333
-0.004709852482015782,8.33381268477328,6.332903625900681,12272289296527,19425,33.34625
0.4950694702727067,7.358938818702673,4.235333620006932,90594972084043,3668,6.296733333333333
0.38593668055776276,41.28689818740075,16.531049392101213,11850527946118,4509,7.740449999999999
0.03471275598283505,11.986895744685302,7.058901691829293,7355290934208,23567,40.45668333333333
0.5612609790222621,39.062933169879926,23.218834823007903,74348052429383,24775,42.53041666666666
-0.002729956359902501,9.9497561966473,5.93530508808254,18633420818590,19400,33.30333333333333
-0.0002392736134887752,17.576439002354554,9.986048835226422,58869033447302,21820,37.45766666666667
0.43420727295005984,38.0170641875506,24.188847281427368,11555717790089,22221,38.146049999999995
-0.031052727680461245,1.8323303387756948,1.814666471249055,45884278615918,6939,11.91195
0.22814238853812613,4.299460690227446,3.447627217939749,83193214756380,34545,59.302249999999994
0.5282136437722547,47.53852750317821,30.551584263343806,48499471984812,34308,58.895399999999995
0.5082156673143351,38.13311191839952,22.997462845986377,52475708598288,21123,36.26115
0.04195441466108834,78.82067567928988,61.90320550422286,29354988660538,36591,62.81454999999999
0.036812097994895925,19.60137666661675,9.658230836464718,71756614135702,19817,34.01918333333333
0.7666218954735577,6.485981660112176,6.0706982532900975,41479774675684,11785,20.230916666666666
0.5493989787025969,35.597364510644915,21.07037317930287,20417882694661,26939,46.245283333333326
0.1624685121342792,24.364839960224415,15.076366122520449,15216741094876,3309,5.6804499999999996
0.6001774798278605,2.748960718403605,2.0453463013552855,91241693028835,35089,60.23611666666667
0.2748632942444541,19.787730155894216,13.370989935012277,1758396662614,66392,113.97293333333332
0.1339680541535396,93.67818124188163,77.21737220907626,69227065784285,3563,6.116483333333333
0.016558337299830455,13.51738620862252,12.134493807672582,54707991597428,16662,28.603099999999998
0.8263070578635987,45.090926840507066,33.8018522274157,56929378505933,5763,9.893149999999999
0.2219289834773836,95.3475732487542,81.29206584508732,35127335047329,3519,6.04095
0.11060941024900978,0.8743983441794126,0.8191347028468168,68389051769982,15670,26.900166666666667
0.7367467464222991,7.029444986237964,6.641503002284999,7243491276324,5226,8.971300000000001
0.049062564604693965,76.07629616416551,59.03803927220023,62973422117043,69292,118.95126666666667
0.06109694139079053,40.35221776796829,27.735266394545434,37986674884042,8752,15.024266666666666
0.7942449616890714,9.476222631412707,7.971550911022566,61914765814517,18325,31.457916666666666
0.08793932023587417,3.353602084214458,3.121260129216358,14807118066508,10246,17.588966666666668
0.0032152493549505914,38.25319523094107,28.870912994313997,28255180798780,28677,49.228849999999994
0.03527949731996561,100.931757064407,77.25766034495923,58036623623887,10320,17.716
0.27726080415461324,6.679973131322813,4.520960472990501,8145683295836,18677,32.06218333333333
0.18553223736676672,87.87373270294493,73.82127435283012,18516802962654,3404,5.843533333333332
0.09159050721284669,15.518146226782452,4.082839691264998,42752511271771,3411,5.855549999999999
0.23894695263440574,79.67283895316261,64.77327230829617,16744000977332,3712,6.372266666666666
-0.01084633021008579,32.801865010063885,25.550208547035428,85130246766731,8236,14.138466666666666
-0.1305777394109559,97.40299924919856,97.02089883674985,29684337479166,26604,45.6702
0.042295210092312366,28.316553230277965,8.70377897750682,14203286625690,12649,21.714116666666666
0.0892657627927632,2.366330229729012,2.0700382678825244,67094339436149,15963,27.403149999999997
0.05639730048190043,30.131292193542553,23.894074124932004,56344862593203,5409,9.285449999999999
0.01625996829268983,9.446669904980068,7.133084992179825,64316465999630,18338,31.48023333333333
0.10925223458202404,11.567169740677043,7.986982686306003,7119091937592,16094,27.628033333333335
0.24242344345472464,4.45368323193976,3.990205021096947,70205348686234,60272,103.46693333333333
0.7903289304216378,5.41379587974976,5.334827879452897,86209829450694,5099,8.753283333333334
-0.15194897930597986,1.4711365700345864,1.2242423359414147,36051550166408,30216,51.8708
0.017446845693708114,31.728590370611624,25.793734887976875,73324590280170,26327,45.19468333333334
0.15428102614999778,27.907459226070234,21.553970386085833,51927797846997,67998,116.7299
0.48286211145247643,44.15803629123018,28.754155691177385,32136922544974,28984,49.75586666666666
0.3872847785132821,404.7394664989852,306.90561762725946,46123927816332,36026,61.844633333333334
0.0059343343109514125,17.915748070908883,10.591939124198758,18967286675691,18448,31.669066666666666
0.24607618354218666,17.199894857288985,17.16997187325124,6932275594031,22606,38.80696666666666
0.23595554791999093,54.64119851903481,38.95639451291448,3255078672125,38128,65.45306666666666
0.15712708127736794,29.655064583402712,17.334965214173756,85466644641391,17295,29.68975
0.1592634254963368,8.99070447214426,5.074918842048837,37733371844292,17870,30.67683333333333
0.08411921615376936,41.146623686661876,32.187933781656156,44712064044965,5076,8.713799999999999
-0.028622011992806812,16.031966906428924,16.02939376935139,56390457984627,3665,6.2915833333333335
0.0021133060833269093,11.835306060592076,11.497280891509282,84891644982379,8400,14.419999999999998
0.5245794334949185,40.50276023375868,26.092330210028244,43193564370310,3999,6.864949999999999
0.009806504266905219,8.633738857137695,5.027162539123983,79330236771051,16747,28.749016666666662
0.5295314103063282,44.45127727670004,27.816920559184734,23451047545762,32306,55.45863333333333
0.404441296948834,33.35951750897869,20.353178435803894,64909208198743,17942,30.80043333333333
0.04670353788643126,61.209772993365966,50.643749151159156,18848388866099,48560,83.36133333333332
-0.01434695835836421,19.952550680222117,18.494988998855234,45476920071400,17842,30.628766666666664
0.005133303013922047,16.134744610239846,7.4434203072377905,86656147832531,19033,32.673316666666665
0.5303739874437241,45.03281902587755,29.116433583043783,32601152685392,27762,47.6581
0.3724764853644587,44.50284826420095,33.16704901681717,40857168656966,6271,10.765216666666667
0.025682443205079203,19.157308581872343,17.141693698530172,64926425888837,17988,30.879399999999997
0.2185154329468746,17.70241132392597,13.016985335481593,14704954163960,48461,83.19138333333333
0.23855659290022468,14.804830041891492,14.200772681677858,42658692414520,3531,6.0615499999999995
0.33058004588156414,9.677635662804194,9.581763381312415,51445336164609,59561,102.24638333333333
0.5428951235588221,47.51260153372954,34.41905667096675,49960990137112,9893,16.982983333333333
0.922591569572393,2.67001698987049,2.224874306454313,80551620159660,23279,39.96228333333333
0.008115109043410836,46.00078477798291,34.713549165486434,20701367984858,11160,19.158
0.21879103155557744,33.823118115377824,24.23035350441032,5830581865661,9927,17.04135
0.0349694060299561,84.2919663046747,69.73934866077413,12419322813640,25199,43.25828333333333
-0.3353252863700198,10.59210193896553,9.477286738064333,40123783255267,3399,5.83495
0.2934574740216632,88.50555868318087,75.94924543456848,12594538865433,3333,5.7216499999999995
0.5765156630792011,19.672495254546753,14.435156503244249,81655689997338,8922,15.316099999999999
0.07459414907906563,7.625153778900492,5.630419826860221,11208612239121,3786,6.4993
0.5024817835667569,5.313246951391521,4.5803677851982325,34083293378605,6202,10.646766666666666
0.004726525986153918,78.96245144164568,53.60302591959076,17759846760918,63656,109.27613333333332
0.6228232424810914,32.61877082262465,23.112949760595853,10437696717780,12392,21.272933333333334
-0.0021664467150091897,8.625143718032097,6.530375620631982,41588020066119,50913,87.40065
-0.021555074131011546,312.52247196164495,229.53715103421965,50217175867467,18755,32.196083333333334
0.0012132291323294804,4.6121384495560935,4.033172753564178,86118606939504,46293,79.46965
0.5980436268496011,3.7003488051846807,2.692239789618951,39032471599696,42106,72.28196666666666
0.6607441882209594,14.07051966494,13.295398239597926,18442121320290,6801,11.675049999999999
0.8653566008090263,41.993824110477,24.766785832407706,34556610596346,8018,13.764233333333332
0.7017035107746272,6.243337961306703,5.653821271407026,72831388055210,5036,8.645133333333332
0.7537683711726312,2.507031288811403,1.877296337765431,820879784082,22353,38.37265
0.6349803070231202,47.45027292668452,29.466256883841083,12101020682544,12761,21.906383333333334
0.009874934463517933,12.213183203790908,10.66846698846362,91666901624699,19347,33.21235
0.4908565865025504,31.539393289046355,22.677818631470533,79703586597119,9241,15.863716666666667
0.5936301181809246,4.574902463378722,3.103273898573351,55344340138598,51032,87.60493333333332
0.44945458773151764,39.64741261210129,25.007917537638722,84013515288409,26067,44.748349999999995
0.005682382888930776,16.761622082365054,9.460486025146428,38517532254649,21945,37.67225
0.005140992075254042,65.99739777522015,57.84184369214436,28197089144879,35091,60.239549999999994
0.0565439358418436,58.47106437719454,44.48600301206366,23763967718898,12895,22.136416666666666
0.06332126603255973,22.9122601462266,8.34316828338528,73822716773523,8025,13.77625
0.24575990391802738,25.00513926974083,16.582679803994573,20960138530800,9217,15.822516666666667
0.003123342120264367,21.383039111377087,12.30372879078986,56584365710053,3614,6.204033333333332
-0.009579209236054126,22.76240379748353,13.756841011138262,13068879244458,11331,19.451549999999997
-0.09465178768804432,4.069532500776708,3.2313522573198297,73544847829668,37214,63.884033333333335
0.44314766810605366,39.33449337588112,24.584171206716714,5432998488929,25985,44.60758333333333
0.0035636396841367745,42.78688959634183,18.631258318233904,32841242384768,6677,11.462183333333334
0.058422010277782224,27.267291001615128,20.469589176024982,43045906835572,13464,23.1132
0.35069690131580644,22.523776127908352,17.808502282775297,57507206728164,6714,11.525699999999999
0.8100291654244784,46.31268541121873,31.2259562836805,69957857349557,30061,51.60471666666667
0.014247327755004329,716.4130318829953,712.6007958411415,13613086765004,5044,8.658866666666665
0.006841080280684341,18.949814985336143,17.426214945131886,2674687486007,18486,31.7343
0.47585422790446125,43.11335917562845,27.68478208694629,79215435303757,27694,47.54136666666667
-0.048618324307758545,2.133468381169076,1.9669623879164693,63435660612310,20039,34.40028333333333
0.7486703363644581,1.7516557837830553,1.2082880831235316,40412736023193,28273,48.53531666666666
0.07226080543838305,91.35622082918181,82.73085345405097,87267454593671,23304,40.005199999999995
0.02297985096482727,6.3166903002359325,4.033686831793489,20445958397205,4918,8.442566666666666
0.08855903502412989,41.69375057162702,31.20569796979058,23890729439849,10169,17.45678333333333
0.009413114539123267,101.77139491674976,76.71214601179622,76975297500066,8357,14.346183333333332
-0.020867805157414644,3.0093486811821064,2.9818566514728335,30804446423384,26548,45.57406666666667
0.012724443134627884,8.862167360885582,7.558806925120719,60581072479149,23305,40.00691666666667
0.04346431224836158,75.12174511673236,62.4548105964232,40454159452167,6675,11.45875
0.00038542158037296144,15.918395459917754,14.568863431176913,86445960135459,19789,33.97111666666667
0.5880852849820739,39.003239749522265,25.574370674368254,22440951369637,28283,48.552483333333335
0.34927114941503024,57.42670690332723,46.344237702924026,81290803329573,28261,48.514716666666665
-0.001851322993328329,18.846327254060096,12.658231957037717,104178913394,3775,6.480416666666667
0.010076635639456679,45.470614982221164,20.67073090490992,2314379201647,4348,7.464066666666667
0.03900976224619568,23.92167850735824,7.263818046445037,35822731315738,24578,42.19223333333333
0.006995823867201847,59.04259755090606,24.429487144761268,22591092167301,43697,75.01318333333333
0.07312341142394081,85.71479787962834,67.82861188737138,22176298536884,34390,59.03616666666666
0.7460239072333902,7.053671626868244,6.546345777194728,23662539259982,3732,6.406599999999999
0.5203135728962355,40.2810423867569,24.732292335765393,80951785997938,25507,43.787016666666666
0.23091059750117893,55.40204212641388,33.04323755284791,67776459599401,4185,7.18425
0.12775511576643286,10.068754412059024,6.663245085999337,18559408677780,11491,19.726216666666666
0.18918428454579436,16.956499204696375,12.423409417976195,45228056251547,50546,86.77063333333332
0.09394525584660081,50.93852478394402,39.888384626686644,63222347392403,4978,8.545566666666666
0.46817180110529527,36.681588900766016,22.892092781107426,43599551841501,22588,38.776066666666665
0.05489779394271114,19.93798431879069,14.896956262594738,87625529645521,6116,10.499133333333333
0.0009433591669260135,11.895353274779366,3.868171937894945,45515910591433,26509,45.50711666666666
0.11641118444593873,61.05815633452273,49.4076165038457,1454614744097,63510,109.0255
0.4005109761083451,37.7177567771639,22.36959989280589,5883067397669,19806,34.000299999999996
0.013642495479773439,64.93250729028514,37.30258392674122,2569091290998,38782,66.57576666666667
0.030124481462672426,1.560374935638761,1.4487095676052753,78666648597227,14624,25.104533333333332
0.002441364131854224,18.19515730181528,11.049019877511308,26259361770869,9004,15.456866666666665
0.046438920703184595,58.05422292688477,37.447699125503746,11073457274337,40095,68.82975
0.03606066178577548,43.87893725437278,28.832285175147288,2322321024846,29444,50.54553333333333
0.4826574985724444,55.93679336966586,33.23794399316638,16288563240375,60647,104.11068333333333
-0.17909626231059628,11.131371210834287,11.005470963944589,54515289625169,25464,43.7132
0.1384369911179021,92.98723071079017,68.87850511582957,69819850063876,5177,8.887183333333333
0.179616553806134,10.495916768645868,6.592977566919634,9619057204515,35921,61.66438333333333
0.1344266099009879,71.12077852454368,51.505682867372236,69250680208216,57848,99.30573333333334
0.02797289881609351,17.27553970502785,13.275313066197954,38172521714787,16963,29.119816666666665
0.7029570610502143,18.691401484492026,14.755824581397585,56925671445981,5995,10.291416666666667
0.010849619254159887,17.848159477081634,10.539523733672768,87146806561320,8859,15.20795
0.07727047863360124,36.48115890989822,28.296997438786693,90659585004808,7133,12.244983333333332
0.8545175098871389,58.81576436836479,43.15690986147121,12218605038201,5053,8.674316666666666
0.6096875399618484,17.51183487402097,12.316659844602857,66475960310401,16800,28.839999999999996
0.03888919253349439,0.9234617653837258,0.826112762023623,10836971926599,7459,12.804616666666666
0.0038016351652350143,38.03788641988861,15.08645278605131,57958873292129,8320,14.282666666666666
0.26588697606406453,37.697989300364554,27.567015614402695,68129293214016,15123,25.961149999999996
0.5241985849167058,48.32548002784468,29.914044446542086,37376391904174,35227,60.473016666666666
0.1778410838789345,14.544522258635375,11.194543845863885,66759087195860,59063,101.39148333333333
0.501542315170812,37.77209851440329,22.609507837533787,61921374260434,23056,39.57946666666667
0.047621293492289996,65.96227282868308,40.689525622628224,34987337140753,14113,24.227316666666663
0.002207596587746071,10.006062842656515,6.669771260391047,61529846553176,15390,26.419499999999996
0.23424036554357425,9.768616680640895,7.242600225825796,85004768780396,18528,31.806399999999996
0.07250426643314667,28.558371411176402,21.448235333522902,90204279585916,11984,20.572533333333332
0.10974038290763558,4.871987454034787,4.008951956385856,13896298918879,58496,100.41813333333333
0.36618223784978027,32.595514326990454,23.588326747715364,60911207975148,13453,23.094316666666664
0.7879040754402696,29.316043195478677,23.140577438887203,88162133282289,6674,11.457033333333332
0.009068574841579033,43.882960858507765,28.415964066491245,66234635451661,65064,111.69319999999999
0.05984429101980534,4.011309974701073,3.9471297399762584,28863742678178,61053,104.80765
0.006031427329194662,72.24470317614028,57.03569265296607,36483612415837,4285,7.355916666666666
0.47869217090638916,43.76851771341689,28.116996051869798,43851983827956,28891,49.59621666666666
0.11371758845268681,8.050250904222104,5.649629418134386,75111240209410,25899,44.45995
0.13514774758471268,2.856720355559312,2.71175815470338,73908838623901,19016,32.64413333333333
0.43690159308332666,117.91860455370902,91.68916775058152,7559269059126,17342,29.770433333333333
0.7678975961166373,1.9005774939448552,0.722902229316334,50276898421719,24197,41.53818333333333
0.22775199803268256,13.111697562047956,8.78188153873191,30469806780661,14171,24.32688333333333
0.127984968434254,26.520681583403423,20.5580217895386,84071099144339,3758,6.451233333333333
0.041481558062998226,10.752816996648223,8.870523687112412,33799700208686,5396,9.263133333333334
0.09313085719805561,1.4151934386549994,1.3761276966729408,4006143665435,4726,8.112966666666667
0.5879206738626724,73.57543121361647,46.899859784216396,66937024292858,19483,33.445816666666666
0.05907275085987432,22.739852819289037,12.089141054006356,58432844100605,20813,35.72898333333333
0.09940421581646772,0.6970487282000113,0.5983914599706018,22162809121491,24441,41.957049999999995
0.090391562974957,1.2292136780635081,0.8937171296856521,69704074226907,13106,22.49863333333333
-0.0023658674978022693,34.027196531810006,23.57046665005664,86789502606201,22213,38.13231666666666
0.13738008911028338,38.96183646929149,25.456972622250806,72914170361367,47907,82.24034999999999
0.015904311860958243,28.10843333393071,16.113175257578717,9888348316051,40536,69.5868
0.44203276237863126,38.41215970531388,22.8452735926737,62387789531296,24194,41.533033333333336
0.5681682643954697,46.068170121302,28.01377260501529,69753668965699,37562,64.48143333333333
0.4527652051375545,41.96850380948279,26.395111722940612,91391664343053,24042,41.2721
0.6479291669556391,8.242378803738626,6.404939344772351,39157832330098,13911,23.880549999999996
0.27735995893351356,2.8266833692304,1.7665815484470633,27333758818753,16152,27.7276
0.013064196377431492,77.58852734196547,56.35628866786917,6806785269880,65256,112.02279999999999
0.009055774218619646,2.696971138322571,2.681336590052349,67054298702770,3414,5.8607
0.7869468056299602,3.75286042650259,3.0149179404150956,74174205726142,11486,19.717633333333332
0.021561063876240585,30.461185668669494,22.00442327961495,68437809057453,21913,37.61731666666666
0.02506300959127172,18.48188767544708,10.706635917676495,73427333534418,9448,16.219066666666667
0.05910979634011988,2.034402284654019,1.4235258957125105,63756742898304,10176,17.468799999999998
0.018431308044060988,68.48662413011074,51.40587773091433,26940515983810,19516,33.50246666666666
0.37857292273260995,11.921672240041907,10.750004122229663,69821794825833,12367,21.230016666666664
0.026662219891838413,0.7128548365385777,0.4808992424982744,29481230331062,26622,45.7011
0.35990908644706493,6.88873448425704,5.512238013455313,61472423055667,4413,7.5756499999999996
0.18374783561434,8.863770590859325,6.338870001001239,60289016667830,68874,118.2337
0.48098402423996106,56.85714071902403,43.080017569382214,2291755177745,12533,21.51498333333333
0.5943646757029157,46.34691858963735,30.21947546723798,13056913664686,43294,74.32136666666666
0.6813019459126033,10.443303904620697,7.699232302651306,51389910272693,55549,95.35911666666667
0.1327488436036255,9.503049660282008,5.545453583370738,78800995109211,10959,18.81295
0.06024324324041903,10.830378940221891,9.131501843380162,48089935212191,27492,47.1946
0.5125671655809692,46.581373032949195,29.82962544033177,13345907196206,27588,47.3594
0.014942744684196017,14.132242696432646,11.675841484406106,76107111331449,31649,54.33078333333333
0.07692843671519385,11.198423855300797,11.178468260817862,64563544586380,4607,7.908683333333332
0.2785392537180038,3.5932020415733805,1.7332316358938793,86807834698401,8003,13.738483333333333
0.2808345194178655,59.448105302802915,46.95862808510521,43629906775869,15098,25.91823333333333
0.47202332843704653,24.581019185619745,16.613942170391514,49205071088614,14014,24.057366666666667
0.06184040340235133,102.54256092369775,79.42467432733578,74592412933355,5308,9.112066666666665
0.12943487255799913,93.49920878510152,71.26281462918769,21511523242923,9013,15.472316666666666
0.031838259844519406,4.922668977304483,4.047119483418706,2082434962088,63164,108.43153333333333
0.001973058826548898,15.091081023918756,4.688712928485926,35888593592734,39501,67.81004999999999
-0.0049387878277578475,9.54912905898484,7.644424494555873,41013044517058,17550,30.127499999999998
0.006349412550563672,8.200394884429251,4.880441726223268,69116779581580,17035,29.243416666666665
0.040986280222963134,32.928153835735614,13.370504212698721,57997804590739,12023,20.63948333333333
0.8199764930568415,65.46986832438415,34.12547641689495,82760368712068,3953,6.785983333333333
-0.001261375815366461,7.231571711749537,4.411981082144064,43570669002339,17473,29.995316666666664
0.491358918799605,6.840778719371926,5.616286712785411,31178110728564,9885,16.96925
0.1815402950207404,27.29049819523538,17.72101360087125,24748439960533,8480,14.557333333333332
0.024423115990100722,18.785483279602275,10.886458669714118,77137091396914,17654,30.306033333333332
0.013527446082716074,10.570985088620178,8.805351440649913,73271270240741,19539,33.54195
0.03191452817181812,59.10397551518889,39.16959739866711,73788710961689,38094,65.3947
0.028777722747246173,80.7563102937637,69.17364960204704,58211349811691,24081,41.33905
-0.011067099554620348,5.61223058793966,5.308719212642528,50294215249009,3703,6.356816666666666
0.3052984762573211,1.0464997462990753,0.9361250570292239,43705255584625,46139,79.20528333333333
0.23903957070978693,1.8248798474238774,1.3500134068818,1039142174523,4610,7.913833333333333
0.7313723849905697,53.56786694237735,30.370336299012234,87120697388937,19712,33.83893333333333
0.11961715067502658,1.0520770042336016,0.8632005037459101,33351519600810,15298,26.261566666666667
-0.10215015835914587,201.26466454383274,196.69222104412214,30947031059062,9471,16.25855
0.5876326801653011,49.71843842601299,29.87594560184925,37063636432992,13035,22.37675
0.12363228592982084,99.87397719168622,80.27984852543584,32884633782389,3375,5.79375
0.8862941311667218,35.9819268522715,21.775656539819945,35911799249782,10220,17.54433333333333
0.79055577089541,5.396755549544859,5.178545919478459,76851447612878,7455,12.79775
0.49498575529602784,41.993313994710086,28.09846144165278,85542788910070,25525,43.81791666666666
0.34828267552313164,19.13627781711351,14.225577054847951,63407439359607,14099,24.20328333333333
0.8463646912299057,31.45224111927229,23.153018417071983,56970549334681,6393,10.974649999999999
0.3261817694731614,46.113405000365155,38.8431955905233,38492608458575,37078,63.65056666666666
0.5629498533403404,22.703848731229684,15.35738200986421,78665141388305,7017,12.04585
0.21274340340787723,72.0306653577723,59.517354719996455,43217982067277,43193,74.14798333333333
0.025699707658246515,316.60429759354946,316.51868754545734,59229496266162,5692,9.771266666666666
0.008884431551847278,13.6881035531235,11.766561990562968,39827260054794,17880,30.694
0.4842429425278326,42.02828409143969,26.237860436378007,36393048168830,23645,40.590583333333335
0.07918954685157341,8.959216612923505,7.070208651890921,54375738481174,18153,31.162649999999996
0.8128450606190822,4.550845381322711,3.032958200456544,24757708694227,20820,35.741
0.26356119447358284,5.179194724821869,3.331772599327643,8456789135338,37750,64.80416666666666
-0.0036867123708964637,122.19962505954837,110.55514452770485,67315756730131,67872,116.5136
0.021190755447538796,4.994057966633001,4.740191536059362,51215397324763,51139,87.78861666666667
0.053296591413663316,40.19342238192141,27.999200762628774,54847050001287,9096,15.614799999999999
0.017522032497446084,0.8495780393668825,0.831803339852081,46396957400582,7253,12.450983333333333
0.5176348131379112,39.186712415443516,23.118024059423046,45599240520954,25243,43.333816666666664
-0.012987186057220521,17.18453650276628,15.163175206946688,26261340306896,18209,31.25878333333333
0.05652395241999058,90.71891287119243,74.06453840033518,52965936026200,4901,8.413383333333334
0.33695774763089315,96.11243092375389,83.21394591760162,72393369390106,26507,45.503683333333335
0.16999168145904414,90.02173794950751,65.97462464426,49701059900160,50093,85.99298333333333
-0.14821188980769437,1.666028758174312,1.571629737531764,35026915524990,8334,14.3067
-0.0017718434580551922,17.94855402021324,9.816601419099218,32656536435534,13229,22.709783333333334
0.891028590750104,17.98566589467883,15.850813391710012,19968860989804,7932,13.6166
0.507468574473082,42.86866776999764,27.08352695247871,21281596306831,25763,44.226483333333334
0.354369260523303,68.08549884350982,50.53886622559275,42241988785518,6093,10.45965
0.2863704160744368,44.30713103688366,28.46367906918066,2033665219304,47641,81.78371666666666
0.5009305541251331,38.10005023200984,22.761223742591675,3528081769134,24202,41.54676666666667
0.014344547139150841,22.583583432650844,13.86743566505732,88389574625807,3383,5.807483333333333
0.24407022319848454,12.668737981499302,12.192667088597181,69902756671393,47266,81.13996666666667
0.09471684714894893,39.08989819902866,28.474143027241723,64296676432270,8435,14.480083333333333
0.10276193082164357,37.9424023065944,30.575224987454188,23007192963046,22457,38.551183333333334
0.702161887709142,45.88659901975216,27.76008258665374,8894858004505,7545,12.95225
0.031002996140123657,15.05877960100296,13.366700592091147,91851855993652,19784,33.96253333333333
0.21698478265889776,7.866106392109862,5.858720966209995,91576369334361,52087,89.41601666666665
0.02400682587891249,92.24189131855918,74.54231555333101,53532226944160,23734,40.74336666666667
0.27124946536050853,56.13958953144978,44.43041197098272,27103988667920,39138,67.1869
0.1373338709358803,3.6234339050695934,2.35396054693942,22814434870145,15870,27.243499999999997
0.7073031439268127,51.11025517498841,33.279483442319666,33785222586455,15233,26.149983333333335
0.15713480990230094,5.796291765811988,5.397479505875011,27466972719147,4739,8.135283333333332
0.6448967380685414,4.205956798536762,3.6856500463808524,43121258690805,4786,8.215966666666667
0.1201312899979965,75.90346655515889,65.416465385924,38871172446357,4230,7.2615
0.3125054020157788,25.1309225256803,20.113866520051918,28302769339491,68483,117.56248333333333
0.3658973535685564,308.16556389946896,250.58204744190382,80591253494737,31728,54.4664
0.26812704510951196,1.3562762552126129,0.9896911762706141,81749917535223,17698,30.381566666666668
0.03509212298026625,34.46333415480311,26.451527314969322,12717719167610,15409,26.452116666666665
0.030607028057526468,17.31704894014881,10.156427205384347,18213280729556,9224,15.834533333333333
-0.0016316789539316757,14.54916122324947,11.517778726482794,1795485908538,20185,34.65091666666667
-0.05930684180666079,1.291100662233206,1.2412304355729953,1414022904679,16226,27.854633333333332
0.29711853696161095,3.4809194635826817,3.2131467681982864,55823082707348,10577,18.157183333333332
-0.03866823167295007,5.115424069035464,3.8678301686458205,80888857094911,3157,5.4195166666666665
0.01173946723134783,66.02421664210623,51.828848889772644,57608544298224,4285,7.355916666666666
0.48390299991740326,43.9737754627615,31.26078833612038,69644617743258,24958,42.844566666666665
-0.2246168773259331,2.0628527573057074,1.9578649632191922,35664570923995,32418,55.65089999999999
0.006073604299352021,14.205750723853063,7.458924897134582,66493828235172,13905,23.87025
0.2201111215810563,84.7271237891614,66.8662098830073,39795927393318,3954,6.7877
-0.012087152745842706,19.605170559833848,11.054334847996923,58745348259915,9321,16.00105
0.6391928507093749,6.12179143636044,5.891655757852712,47104090337760,53646,92.0923
0.1597046644683667,44.51913294660547,22.52340801951298,47573465242678,8826,15.151299999999999
0.30788513063682127,1.1695517849213235,0.8057563314277345,82412567067443,6357,10.912849999999999
0.35239957668279265,6.905077394236608,6.851696616441161,49091881667351,3184,5.465866666666667
0.532729897476959,4.901185670900737,3.8087938978134575,67869284781127,21586,37.05596666666666
-0.019249309778063797,7.986214280943553,7.839845007612756,59007889046502,14490,24.8745
0.030022905627792477,14.931329587162539,14.12548027205099,8849805620174,2978,5.112233333333333
0.7937363321408356,18.24532275836448,13.722577756042911,77381138259842,8518,14.622566666666666
0.2770284850907562,3.4049684768490285,3.0147641563371073,90816252100720,68648,117.84573333333333
0.012546112181108356,19.55730803918492,12.034874865144163,26761691179281,9100,15.621666666666666
0.38062203321086463,3.148886150415575,2.323157118365898,91310216998751,23961,41.13305
0.3204748001134751,60.19370918615905,46.40667060311225,88043568096536,17944,30.803866666666668
0.27767746367987456,19.71525867646951,13.56781442280152,33743192935934,33568,57.62506666666666
0.7453591817289712,37.672796669125596,22.246921035729507,28833689579895,12340,21.183666666666667
0.08117692515171893,46.70287298306116,37.3223822238095,1131412108598,6037,10.363516666666666
-0.020888681282702645,27.17243374466917,11.368709645318402,73677285551346,11946,20.507299999999997
0.007659323429087499,7.670024821615533,6.179543404576028,91805397155792,6084,10.444199999999999
0.47493302211804517,37.63128945910386,22.00515897790315,3492967333951,26488,45.47106666666666
-0.006254498456192766,10.079851960378967,7.478404393470371,43320561355830,5946,10.2073
0.021812155463667413,3.666250848589687,3.649769157349594,23867248139433,3175,5.4504166666666665
0.4791247149085751,8.953958036668793,7.19701099468861,74114523826127,14349,24.63245
0.004087373214624652,35.40838906602155,17.10346712880244,48386657232832,64910,111.42883333333333
0.2556807928017933,92.75881394113398,78.54237427681115,43358494723894,3454,5.929366666666667
0.039469729122807024,171.7234510265906,109.16743602968153,52175186273074,8144,13.980533333333334
0.019363823674805436,0.8203530195575963,0.7762415196479282,17942758829376,4822,8.277766666666666
0.07314041532612174,34.141543239019846,25.902764088614106,84801962050125,9094,15.611366666666665
0.02283068844091539,38.51828481904334,30.851755312155774,16769038084740,7385,12.677583333333333
0.5182832121312916,64.57013569304078,45.38913801360429,22267850937710,14534,24.950033333333334
0.039844154559666854,9.53793549351165,6.88368799954616,30838443501751,3236,5.555133333333333
0.45565623128562455,42.04505284029333,25.24612219851536,17405126400335,23023,39.522816666666664
0.2935575719070451,24.006346315718336,10.672451074324883,56588108451537,51671,88.70188333333333
0.1749433237497902,62.72339693805297,48.13299550068183,57157719331524,53842,92.42876666666666
0.023628129466460257,1.447299803126486,1.4194541243605134,74219553346088,3046,5.2289666666666665
0.301234182885684,1.418687893398606,1.1830094048788735,7348603914638,12012,20.6206
0.43791437378725606,222.38840711393465,172.73697865280968,30110865258193,18913,32.46731666666667
0.05368362408892362,19.38955604963606,13.274524845405324,82957956750174,9982,17.135766666666665
0.007703740555024075,88.04280961990321,72.15751910404434,66914144746270,27174,46.6487
0.2170028398875816,48.678155085947296,36.995773690276785,24840406568331,48212,82.76393333333333
0.6041076586142695,44.66124825425997,30.887011661699052,56257176861352,36682,62.97076666666666
-0.004402960895354849,0.3816936148983986,0.23366951598387106,48518129193465,7484,12.847533333333333
0.47388952884090596,8.026997727111183,7.594090912478073,36420438874148,8590,14.746166666666666
0.13047240803297921,20.908347825084583,12.775025956283411,68288571588268,17087,29.332683333333332
0.3437017269618951,3.496407548119673,3.0335125408210293,52889686598636,29354,50.39103333333333
0.43557169858999334,37.3528495400204,24.910648605342345,62726146756529,21118,36.25256666666667
-0.5166534003824245,1.380371264573046,1.2370738230016447,78448710834907,10586,18.172633333333334
0.6208372904215222,75.48004508224388,68.6152485761918,11505826332611,29595,50.80475
0.44185037378285497,19.60512019100435,6.663072042111997,83815845395718,49680,85.284
0.2947835434198897,74.16693592212326,62.264996112258785,3292276394582,49016,84.14413333333333
-0.017680644155161778,22.437277923239307,19.336063691299326,40121682240803,4384,7.5258666666666665
-0.00214797231163539,37.770801887495615,30.378260105546467,8116102069350,11848,20.339066666666664
0.01276064178747351,5.189460732809604,4.847356029114091,61182380269099,29803,51.16181666666667
0.132831596951309,28.88167192168751,17.565055460306155,78030540572116,28157,48.33618333333333
0.92939020644479,2.0673153838285665,1.5326703450409909,871211502195,27237,46.75685
0.6629381459731851,24.597196820389065,17.63657143320805,40399772836415,20628,35.41139999999999
-0.008905588427543094,16.83241586975427,9.682885283215132,81792783917110,11488,19.721066666666665
0.009451238334079022,30.528104175595903,23.822504025550828,17979539952807,8887,15.256016666666666
0.03988709630240468,45.831190964934365,25.472842418679917,52847420652656,54356,93.31113333333333
0.0036015044242015473,51.126161113836446,24.41012340950204,59835127074498,47072,80.80693333333333
0.09644496840977067,71.00906510131162,62.71101728339724,81303357151747,30389,52.16778333333333
0.45497713855576855,37.69451410268244,22.33022718390308,72933417921869,27451,47.12421666666667
-0.0010310381694635469,12.479148983492598,10.730977530106012,3932860703130,20495,35.18308333333333
0.4804066704238366,28.80498844497183,21.170932087507694,82466480889318,12966,22.2583
0.2577176811438148,5.987878866147073,5.53722822811304,92138428553003,57824,99.26453333333332
0.22853417439661805,67.84899001100327,54.158893225144624,68554833210679,37489,64.35611666666667
0.004314638625210826,4.109791767412474,2.444958299138991,31373844543691,22171,38.06021666666666
0.14926846717012682,45.69105923149388,29.598882573822333,79587381607062,17013,29.20565
0.0009208309217069143,92.24499570604088,72.48759193184792,84225656858872,49056,84.2128
0.13103409549346154,66.83008975312852,46.870375995742975,46541088974121,68635,117.82341666666666
0.26734502343770566,1.9810540642523395,1.5921126806732833,30001360756373,18865,32.38491666666666
0.05144943227345438,22.043784632059644,12.455209060627855,11496926283688,26737,45.898516666666666
-0.0002288962366943504,39.77540233237669,30.89662084376049,54336252703561,11158,19.154566666666664
0.14857937942685057,67.59155904339225,51.15680177055376,82905420865790,13904,23.868533333333332
0.319349458553562,1.553481185818374,1.314506711994048,81656036604147,12545,21.53558333333333
0.28079913418046665,45.5856484455135,23.47529220434406,76905913710852,10405,17.861916666666666
0.6705777423645205,43.358501513821786,27.89511206544011,28321749855746,12358,21.214566666666666
-0.012029779521461552,12.502454021231847,11.069616894555741,78314457271846,19189,32.941116666666666
0.17704682429979418,1.1393633051645111,1.088640936768779,58903718541016,11079,19.01895
0.027661971074528707,11.90289057654131,9.07990833444883,85918741592075,19166,32.90163333333333
-0.0934200812462341,1.4748590529597732,1.3087863931394077,31956040192221,22621,38.83271666666666
0.6152005929039643,16.06484817051701,16.06100790420868,22896840106522,15362,26.371433333333332
0.038468944827966055,87.84811920301317,59.7222339917911,15154830804734,32436,55.681799999999996
0.511438639819704,3.8579871049124654,2.899044756331856,60159586975326,19647,33.727349999999994
-0.00506802148085817,13.16286351100608,11.64526815244963,69320448142757,19415,33.32908333333333
-0.14439806431208607,7.267046001741252,7.184111812820773,14034386842420,45566,78.22163333333333
-0.4695564217501536,1.6420558224820319,1.4359468305694727,72049862010243,59115,101.48074999999999
0.16101545904712405,32.07973947895981,22.635723261204564,18244623934250,10885,18.685916666666667
0.08923431093521172,22.75501707400578,14.351578922827487,2750194560133,26838,46.0719
0.16545818452459563,1124.008931447383,936.8246587114274,6870381836799,7853,13.480983333333333
0.32277509311616176,5.455787476834998,4.402709256306539,82062831328865,40863,70.14815
0.2099424561359483,18.929197299692262,14.932740904741797,17075705490343,26301,45.15004999999999
0.49860061529420446,3.340972597779154,2.867517271187973,10735818153269,32376,55.578799999999994
0.2704503049348733,82.85740022542943,58.842642294099626,29356329605855,7705,13.226916666666666
-0.2702038559564883,0.7042681404421446,0.49478226244647566,91081463306071,26799,46.00495
0.4738031789120463,45.71056693894009,29.42012154785871,30153117553564,40909,70.22711666666666
0.16003918546348891,9.381079656279061,7.02429310419973,63309075645980,17521,30.077716666666667
0.015616903120432854,13.203578284976976,9.436181256215821,77784929560285,36467,62.60168333333333
0.02558592431989922,17.827032741359815,10.402568526739445,41307523534056,9366,16.0783
0.3098846529047204,8.941972501906369,7.880373944267518,6467853803554,43574,74.80203333333333
0.004197531070156314,31.44316489318186,24.093066684105732,64958211004107,55394,95.09303333333332
0.03070750130811959,19.18942531458995,11.464960962098976,39016993160525,9044,15.525533333333332
0.025860799369482174,1.9401651030226104,1.5026898347025077,61740816505846,49267,84.57501666666666
-0.02150126604941406,5.044018120678916,3.9991637981247234,1810437653159,7786,13.365966666666667
-0.020042530102413962,18.23142689119256,18.010261662769423,51599621911805,8027,13.779683333333333
0.11183903164568991,40.977859863641136,31.69195618172968,2765897517295,8670,14.8835
-0.0011862169745342752,14.671701819602461,14.594386228383875,17224910323571,3191,5.477883333333334
0.1177848338595465,89.21143366015158,71.6320425474067,73633951382597,47435,81.43008333333333
0.6808313807972519,2.968961096689562,2.328226626354496,23896163515406,31093,53.37631666666666
0.2906832017153062,8.413704425913833,8.05960394445,31940241873305,57695,99.04308333333333
-0.02568376184498989,6.003495003466845,5.996307205692414,72002005922983,4650,7.9825
0.3511365211527375,34.09376292783395,20.055336951471983,37427420233156,19397,33.298183333333334
0.0471240228166597,44.941511395359555,31.53730718181818,16278346951049,9146,15.700633333333332
0.13483423192698524,50.43417806183357,31.156734131798572,3893291872895,10934,18.770033333333334
0.09269801804174826,1.4498725701828725,0.7181806797785989,67811770248366,8742,15.0071
-0.0003057358874960812,0.5626729616123737,0.4221562698688102,26369626136014,4005,6.875249999999999
-0.06084800000431135,0.7938108748362945,0.6519485684048106,32695873258157,65302,112.10176666666666
0.4938041612479983,37.0285676792004,21.460256481364215,56636053336999,26113,44.82731666666666
0.009641060946968904,5.341787125258022,5.324828967194059,88619396514843,3350,5.750833333333333
0.2516550048461361,178.82845362323792,160.2946757404036,47690531044532,16206,27.820299999999996
0.07039736793274895,44.38700921551108,35.983376425826044,90582010236755,63043,108.22381666666666
0.5580201442382627,37.77606679247829,22.32776520951382,85771949043452,22285,38.255916666666664
0.02364818922738362,12.195399051729039,12.06849829205528,5428210437629,3383,5.807483333333333
-0.021940108708189004,17.69955057040493,17.648709660719977,78719447517922,6755,11.596083333333333
-0.008015974084512335,15.521546288130345,13.338709366554559,82556495608921,17498,30.03823333333333
0.35274824331217847,46.22101809185688,20.01895274360461,80089071803114,4721,8.104383333333333
0.0404819072087628,26.128688272028086,14.909578321598262,67760164940715,51842,88.99543333333332
0.11301963655082652,57.110515095108816,46.49203249757192,68307271431118,62009,106.44878333333332
-0.6726497494141715,6.283066796422381,6.268800126452226,35829424288753,4015,6.892416666666666
-0.008791959701787257,192.11858670543262,192.0434631900115,71718998103008,7119,12.220949999999998
-0.015348937850330351,19.05145905850286,19.04858756207116,28649044885807,3364,5.774866666666666
0.3327833675001198,6.4283355730307346,5.0181135773497925,89417652238167,28907,49.62368333333333
0.2322280992264892,28.207586246299083,23.375731037155738,13760094761717,24554,42.15103333333333
0.05267676587183051,224.22740599362925,189.54945077337322,52439764498441,26658,45.762899999999995
0.09843667832525267,37.33317439522744,16.87450815689891,70686273119181,4594,7.886366666666666
0.06099061787069091,76.40090322047459,65.26108803726554,65764487531694,34708,59.58206666666667
0.042465177690349507,36.0414152532259,26.05746871743624,79274203972461,17077,29.315516666666664
0.19419433940603933,1.6122960759702918,1.3904246027843628,68931284327892,57687,99.02935
-0.001623792104052984,7.747217261892416,4.89407772207967,11763817445739,16797,28.83485
0.41564184916773805,7.090172472336149,6.694057184092404,10944487382359,3801,6.525049999999999
0.017755983225177335,11.756268513106585,9.022112740979766,56210101812070,18993,32.60465
-0.1570951858062956,12.403719976763199,11.877221518146094,59508117142214,11904,20.4352
-0.370731420486448,14.439305008514374,14.223142594395183,45379794107149,8856,15.2028
-0.018928153696349224,14.372697640618465,12.819484305792953,74511176247933,18381,31.55405
0.054990375793901,13.296374023667864,11.256735424556755,44847662121823,18414,31.610699999999998
0.2532818038355703,1.8419094800622837,1.270072969706964,59919428019826,30277,51.975516666666664
0.010603294647435231,22.80274446619269,13.584200271202972,79378838460853,17926,30.772966666666665
0.3407017777104326,68.98074734870406,55.28522726205401,80225604275286,52776,90.5988
0.011656192450138273,0.6734626433065828,0.5033743037227145,27028289818738,3151,5.409216666666667
0.2929783628661332,12.355487656652553,9.82257085744275,81104062867304,4982,8.552433333333333
0.03235109449822164,3.8131266331228844,3.715996177878504,66081165358046,33840,58.092
0.1609889080299727,3.297619555809705,2.971956958378461,74446219016058,21539,36.97528333333333
0.537249149803175,44.96158612624585,30.40786980553826,52718498745914,29153,50.04598333333333
0.012058244982126298,0.7984380677175882,0.7296757606981128,80973754585039,3246,5.572299999999999
-0.00922110024616289,32.281251275931815,23.007416537392494,70529454119295,48444,83.1622
0.20718965011647283,12.988594935620943,4.415550839721173,85736820399191,9879,16.958949999999998
0.40633819164378576,10.618913650261428,3.504949155438051,28970134831222,10341,17.75205
-0.062299085004409255,61.50750765524237,24.66760351400593,86355386338179,11658,20.0129
0.06316690211552649,13.663297521963447,9.796601577218228,89435720462678,20211,34.69555
0.28116348094011867,80.24986330326763,66.93956410704448,68295216369786,3436,5.898466666666666
0.30815994937020685,27.923008866577806,20.85073137434795,89848330633634,19518,33.5059
0.8505535489869404,6.683761180485126,6.323215622808386,56263995415723,16977,29.143849999999997
0.49605978757192815,8.890936751085528,8.210694372943657,4219449998904,26336,45.21013333333333
0.03017192681208189,813.524241729266,689.8439075409168,68102479097936,18257,31.341183333333333
0.24495171385739636,5.724698974112576,4.973287903629573,65739074481727,3616,6.207466666666666
0.009435182144535292,23.178910886084402,21.028244271418544,77214570968062,3334,5.723366666666666
0.5513493817770169,41.03343975828932,23.132184008632276,59353009753926,47843,82.13048333333333
0.09577581761242733,15.527152537818582,9.504675935692022,34850134001881,6559,11.259616666666666
0.2283756299783141,36.78204856110741,13.335107137342906,54806015262907,6438,11.051899999999998
0.6926294277661376,5.4097432369356655,4.148265056915193,68331122287337,28821,49.476049999999994
0.16092357695507903,27.678392041762738,16.89077755441522,54526700592424,45810,78.64049999999999
0.028177408444201354,17.403580511909304,11.280344885213228,42956481472610,10203,17.51515
0.025827436926054596,45.33303076040307,23.934410916445735,57053618942281,56064,96.24319999999999
0.3345623135921499,4.067918467547628,3.5712354255460887,11632717234600,36556,62.75446666666666
0.02782839771425289,119.83121079144912,94.9009561056011,75266769886636,66860,114.77633333333333
0.04181554917123115,20.398491142284186,13.886158087327308,1041664915971,3880,6.660666666666667
0.016184106284492916,10.669197135927616,7.518403887581907,67797117993933,7861,13.494716666666667
0.07720774035713475,1.4360366780482465,1.0405715043537749,3323359170742,12906,22.1553
0.162174908869688,92.26386327552663,73.81249934693471,90918886673653,3642,6.2520999999999995
0.4383094353775105,34.58899662652035,20.40099453580418,24291455283662,20623,35.402816666666666
0.10202992440938334,20.836238057779777,14.748171977450856,27916595625376,4297,7.3765166666666655
0.5259382006646708,26.361749101131306,21.308390966754402,6387863130939,34704,59.575199999999995
0.005931019497472896,12.940779603437957,9.324804486044542,30949416396198,16635,28.55675
0.39733126340054276,56.59320013926745,43.07851228265707,10342541289145,48143,82.64548333333332
0.7219588762772357,61.3004215593587,40.4312256175057,62531115196861,32373,55.57365
0.07024987185361464,0.6365893711534046,0.5173655074332764,1502363952883,23471,40.29188333333333
0.5964300163411697,42.81028456756064,26.246668595100854,39071341926401,41315,70.92408333333333
0.01778977908270992,17.129428475762246,14.87042069965628,72594959521854,15370,26.385166666666667
0.7547235334422471,24.923917362928275,16.169846396761724,30062033876802,5834,10.015033333333331
0.3975952616921167,36.440905423671374,22.213315423839948,17937539996802,25729,44.16811666666667
0.14742359528700397,34.278325174505596,24.338902319496906,80286695216857,35718,61.31589999999999
0.21992411590014171,21.44626682867025,15.441330546993543,30104269731571,34636,59.458466666666666
-0.01689414089575504,14.988845578832054,13.580768790842777,69400947821854,17790,30.539499999999997
0.001817335771043818,14.013799297327566,9.28013368058447,23074069381726,18001,30.901716666666665
0.8079726139674241,52.964759341177825,20.93105296883459,59353996955493,11249,19.310783333333333
0.01704000471352126,1.700589480798291,1.6702182270790384,13666590137293,3983,6.837483333333333
0.10428085522697683,70.69428963975108,52.895797395889915,3041602103059,5969,10.246783333333333
0.480251192547924,41.907843262942976,26.353624593448092,79804953595123,22843,39.21381666666666
0.4733814108908381,39.78376609442763,23.852523613170657,19561133084092,25486,43.75096666666666
-0.18368275984120752,1.5458692703057881,1.0378480816834783,76383959069053,12181,20.910716666666666
0.19275386112192355,50.26234580464301,39.201099210187266,65660525452176,57735,99.11175
0.8822022583094296,4.725083242252793,4.690150002978618,18757499225543,3797,6.518183333333332
0.035514304697484705,434.0581228540243,371.7401344094323,42001629989310,34873,59.865316666666665
0.005112101004029798,10.345294550698187,8.818247450849453,31106530848151,17749,30.469116666666665
0.11117930091152556,18.83447191683005,13.639870454290639,51119271487912,69000,118.45
0.21511607630944993,20.323315831675647,15.287415212267792,29912217754020,42767,73.41668333333334
0.0997159790431153,33.781643635686386,30.50869953981892,4927446184504,19508,33.48873333333333
0.2919711308957809,40.83556971405116,20.54853377560535,76923486608656,4150,7.1241666666666665
0.23427416692038827,88.25199332415872,62.933373481359,89043497095213,25958,44.561233333333334
0.5034377719222144,45.5588000559926,29.318315341325135,1081384310533,27917,47.92418333333333
-0.0028231243058025185,4.50814243970212,3.9347219902380663,14578207887543,62670,107.58349999999999
0.2646896154191525,3.738579605969813,2.2599797612897015,77199248131385,55666,95.55996666666667
0.5536271800906455,47.84265036163687,30.170663170701186,4374297721029,31304,53.73853333333333
0.08706683941830659,34.33750635257918,24.273108893740847,59151544667139,8392,14.406266666666665
0.22781394193760418,4.386706287118818,2.946938649802891,17113351052473,11415,19.59575
-0.013333837210332206,16.324466000008314,14.220258858445082,51746949807959,17872,30.680266666666665
-0.25866138728272714,2.8497818418117844,2.6346762893233326,29325794260070,19270,33.08016666666666
0.2663715504227156,33.94588647001361,20.91183325550209,85483980844441,3919,6.727616666666666
0.010182187583288274,16.859483263211313,15.560850554991946,53798935727373,19752,33.907599999999995
0.1585538446233618,36.158925620618504,27.69881558125595,27882972454157,17677,30.345516666666665
0.5252170040373534,32.822523144932205,24.42375073050541,83886976038698,3766,6.464966666666666
0.10605196769841653,26.282146652759664,15.502006881721448,88390894884994,10065,17.27825
0.4637594352620818,38.50257092005793,24.442763640271288,23103317804921,24515,42.08408333333333
-0.00739283437023676,433.6598106877761,363.08460422337123,24277957831598,58604,100.60353333333333
-0.018545615186335764,10.417299543985276,7.900614206461585,4758696934978,4901,8.413383333333334
0.08966646170214347,1.7481568985804499,1.6815002748940098,80866361901226,49567,85.09001666666667
0.21799061266818257,2.8640322350459533,1.337719966656211,85299675959541,3729,6.40145
0.02959338936423063,6.425794775589784,5.887045903458669,36718494448167,30708,52.7154
-0.12534026274487384,0.4627737764565608,0.3362577847755867,19236199231945,3387,5.81435
0.32163743171681386,13.902186175863461,13.797722635708094,16084863972456,4780,8.205666666666666
0.07608625203990446,42.683453178927,28.00220607548562,85929597632568,8633,14.819983333333333
0.4634716911949019,42.15001102012049,25.182874086859602,49533398653416,28869,49.55845
0.01462046799029311,32.77824733514661,22.704147568083872,6842239789773,22101,37.94005
0.050928625685044304,28.44371664326334,17.28889747560282,47559854793002,3471,5.95855
0.06118926257429187,5.851769834274168,5.037424071075719,7680367708845,59950,102.91416666666666
0.025291259047721438,1.5649292396630319,1.333360004194507,8494377712275,14892,25.5646
0.1781482260199969,79.34560427602564,62.69421756490814,1570378417879,34225,58.752916666666664
0.017871752223348646,0.5438250257486341,0.4169630177230935,87876493137930,15220,26.127666666666663
0.13824505678227744,45.8651863475502,36.58369372505427,8011840283224,29934,51.3867
0.008674009750021215,34.99868272713454,27.411887459610988,54853034041101,27758,47.65123333333334
0.282033213999774,31.714712204337367,21.454188889414873,9109185850909,14164,24.314866666666664
0.6121518412915695,46.806136794334726,29.134720761646165,41926869925908,34384,59.02586666666666
0.2776663658805845,20.627487004785923,10.332871383699635,44350431268345,14491,24.876216666666664
0.422172512858186,38.48632134607149,27.70026366715652,64073718865381,21505,36.916916666666665
0.3247787345209279,60.96071890438186,46.96577483789392,33152288882065,46451,79.74088333333333
0.12425419028448349,5.472135101406431,4.431025655080205,33878428925952,33884,58.16753333333333
0.7848944628491257,40.30179853946803,28.510965994867277,6139576464100,11428,19.618066666666664
-0.05559342208640352,0.648381125238504,0.6207012263317402,12658884244007,8174,14.032033333333333
0.434308780133623,59.510522728816966,45.49460304553324,75212760078438,25486,43.75096666666666
0.07466668586225497,16.812272335302392,11.488849495780709,14828955359273,15644,26.85553333333333
0.05022603537094191,84.93262008112951,77.70054934153917,34833437714797,34773,59.69365
-0.7009276493348654,8.00642611217488,7.747898985385161,68943606444571,9755,16.746083333333335
0.050091065624621366,60.86014466369325,49.212209993931744,52554699805503,5548,9.524066666666666
0.026017345927012953,28.216568282933565,19.589962222410588,78769314909943,8468,14.536733333333332
0.15114282835342474,66.62090623810126,45.689704466352126,77957432878278,53861,92.46138333333333
0.09406606775895719,33.1402199366363,25.43387537431618,4616043576259,14959,25.679616666666664
-0.012746572952402405,32.681531529943705,24.66605587389459,54146073253436,15106,25.931966666666664
0.34557387434654935,10.08611354792805,10.032071693019633,53371973685400,4169,7.156783333333333
0.15987404963423782,1.6236587263735005,1.414887295641046,9402212276190,10152,17.427599999999998
-0.17882374013953067,0.7252093200229996,0.5109819415290194,46487400516358,21825,37.466249999999995
-0.03893638875981812,2.4881224474261847,1.7150940434296418,1291184449467,26585,45.637583333333325
0.6790586866170673,2.3670722921089116,2.0138624486393293,7794705615714,40744,69.94386666666666
0.26328669110565267,18.621832030173376,15.353726693616629,90830613196960,3123,5.361149999999999
0.17568375105097245,56.52913665212744,42.76154971252387,44899852227923,7356,12.6278
-0.029390154693810247,0.797815808167976,0.36353283736845127,50492131229642,8093,13.892983333333332
-0.011148279699019409,3.4506339634059766,3.3085552088964163,89913773092348,7472,12.826933333333333
0.01310769653850677,71.43023822308838,40.16348866760921,43825210991471,8788,15.086066666666666
-0.20809270794399254,1.272431847753878,0.6940858016543293,86710214442001,10173,17.463649999999998
0.6519781413356712,6.147952104258619,5.067759973031503,78734352965182,3267,5.60835
-0.0541586309606254,41.47097777965129,21.485634956113493,44509008223587,36077,61.93218333333333
-0.0023978192478038484,11.408312304456517,9.836584595293075,37235469976113,17696,30.37813333333333
-0.4216757810412908,1.9741494980493177,1.8772182673347386,7672416965581,11330,19.449833333333334
0.03271063727325913,19.448832678047953,12.30811368980933,78771320062580,9223,15.832816666666666
0.21158032987548012,100.23749161243393,73.12885587036487,77500635731226,5343,9.172149999999998
-0.030709786806391845,18.87645891554047,11.249266561679605,50074144112368,8979,15.41395
0.33041846589254276,10.28257949582798,8.45332926926588,59826082051259,29815,51.18241666666666
0.7712923035017983,31.60067758276247,20.879639838198262,13710626272319,24092,41.35793333333333
-0.006637576936687027,19.009304164362693,11.383160367228957,33891842280317,17255,29.62108333333333
0.5573294072482932,41.97576807774236,26.269801525410706,1949484442290,26131,44.858216666666664
-0.02701085644813391,7.275696578316634,7.20311927662894,44388886450929,4318,7.412566666666666
0.4554648580037844,36.47317297451115,22.416956790870458,22927588160318,18784,32.245866666666664
0.4224946364780272,31.510854467750214,18.047114500212484,74513120277007,20995,36.04141666666666
0.4774234579141273,31.060560040129975,17.951803346892714,34888511358177,20879,35.84228333333333
0.05740597440484041,66.48556315287578,43.99554669794445,2170137269040,31431,53.95655
0.16187145691663568,31.866729824480167,24.00202020500852,60838970084369,48315,82.94075
0.02508367977557772,18.23711406884134,18.232170489649572,76550112397940,5127,8.801350000000001
0.0745601220020122,31.504104989583524,21.23811091061207,91009871618583,14702,25.23843333333333
0.7189226790381114,50.98762796505671,32.188368894562544,48095805575409,43732,75.07326666666667
0.5348426597149307,44.7673367286898,28.118249637361647,80787266393771,33938,58.26023333333333
0.0230547988566489,14.064725296044324,13.912744816239803,5867997752404,18059,31.001283333333333
0.059382158641269625,34.86073404912893,16.41985924027364,76867014399389,9556,16.404466666666664
0.03203876341571248,7.913571129831577,6.250134772107859,21352603849317,54166,92.98496666666666
0.2517930166837713,43.97557666063961,31.564090796986466,65751144000563,12720,21.836
0.546715150932213,45.64084108493691,32.50639113010566,64082363505395,31480,54.04066666666666
0.050076872527184006,24.484200741349746,16.841258342738065,20634430203283,8643,14.83715
0.47735359963913193,41.6856627738483,27.677675436480193,14878286981234,22803,39.145149999999994
0.010095290379786204,21.932728859691924,20.777149487696924,68914143904706,16759,28.769616666666664
0.2346200940970255,42.355698681275136,30.62090334800816,82304516110665,12096,20.764799999999997
-0.014278711775200577,104.42483590053882,78.1124575897009,41948035776383,60362,103.62143333333333
0.013988912119624735,55.92301861876499,36.23575223550591,75651879860887,41044,70.45886666666667
0.2014799246327767,7.220365711187973,4.5905083544826875,68144614480635,15740,27.02033333333333
0.03695531783117839,3.7242914422459883,3.7171096327089193,20499838953505,7916,13.589133333333333
0.5345541001061379,38.319800210980226,23.061368818465933,81299960834931,25191,43.24455
0.880332046918518,13.436821037747665,10.311773420055717,80337453226115,19235,33.02008333333333
0.0012206282706344906,18.14067486451371,10.572842313986834,6032623931601,9054,15.542699999999998
0.06337641388378967,7.015988048722429,5.969010741501011,54153883706387,61125,104.93125
0.003798780823069284,12.07049344886403,10.329920515744798,48225882262102,17193,29.51465
0.5894760532167498,3.9099325154054982,3.401024641495417,66484139502535,17071,29.305216666666663
0.14328401115805248,0.6275133754315005,0.49167480214175746,10256554171753,37012,63.53726666666667
-0.0030184254603232317,27.292403245761626,16.80904861559739,186874200339,18944,32.52053333333333
0.398838866500359,33.84154837925822,22.445061568755765,32160047382155,22983,39.45415
0.02334184325965022,2.733907722173158,1.8599848803566776,21813093077155,3133,5.378316666666666
0.13065930438909343,13.99482769971022,10.557689397334453,6397842972131,19915,34.187416666666664
0.8134129595037084,2.4942349482075046,1.881885473116393,11066440916894,41313,70.92065
0.006895358507128407,16.28956787315807,15.090345112005295,56640701579949,20209,34.69211666666667
0.29244738253273167,18.546916809632084,18.501729754811215,64307592723299,11921,20.46438333333333
0.31266313909610993,95.41175668612485,82.22025540800081,21436365647577,3415,5.862416666666666
0.00014450411318884935,10.017254567463551,6.939013077961551,52643056109222,19382,33.27243333333333
0.5276144591834634,47.02793741071788,29.67903749350521,64111139386255,34934,59.970033333333326
0.49970765026166636,54.4708776896365,46.60846789719123,40536438246353,47469,81.48845
-0.13303292262038635,8.045376280586096,6.909028391469369,25705487237329,12312,21.1356
0.15364697452230888,38.78895038803402,14.854044583231785,36114923841492,18508,31.772066666666664
0.25801119137413464,72.83668761104924,64.68813258567224,60332466151474,52869,90.75845
-0.027956588582329116,22.925576726897496,15.267895116615966,4490588051312,3412,5.857266666666666
0.06002571227581539,23.393690698466646,21.634103909252108,29963235045852,31901,54.76338333333333
-0.008269435578517146,2.7824535854218717,2.763019716935794,883452981242,3282,5.6341
0.3397944979748671,1.1762299132063447,1.1019881230833022,75408697780678,65088,111.7344
0.029047955693517778,73.0532392508506,50.16715475994293,61871853883085,15819,27.15595
0.3102029599272044,33.9992453950196,22.214020394901315,64813133857053,8713,14.957316666666665
0.12200721716624881,132.08331186205055,110.85367893156513,31605588292068,23017,39.51251666666666
-0.7123964670950467,2.9295482646605846,2.7247390084724934,53205956238927,64793,111.22798333333334
0.8356777922374693,3.652427210035277,3.2385590179548935,10726071938964,10406,17.863633333333333
0.037064472997966134,1.0134429010142907,0.726262410906192,39301863268508,4494,7.714699999999999
0.12014259363907763,49.80145947765707,39.270596704841054,69301136064300,22322,38.31943333333333
0.5860276036302233,85.4159318255874,74.3401596488502,5787440322857,5333,9.154983333333332
0.04908423011091241,2.840000674773453,2.112280657203109,29353986727204,10800,18.54
0.12772384734113051,7.634940892645366,3.036474738891657,34108944848119,11045,18.960583333333332
0.6072188980709451,40.21536315388445,23.33572441350462,82490498652870,45644,78.35553333333333
0.12614090499753347,70.87632845869257,51.04780910256895,52991023157148,69754,119.74436666666665
0.4908978129541614,3.8896043675070526,3.1978326339638663,35133916441044,22975,39.440416666666664
0.44681700957219556,38.21263336837924,23.46298462632591,51796727197129,30888,53.0244
0.001255933391984846,35.81798956877605,27.692290120758216,76183890313123,9463,16.244816666666665
0.13918962045801478,3.886683305890424,2.015858295102461,82591457733397,41157,70.65284999999999
0.27280392092524386,19.624453521843247,11.708160253074215,34090632325778,17932,30.783266666666666
0.5936340861063291,5.902770353941434,4.584230954454374,9165434078922,14922,25.6161
0.5617931711956742,13.746963105691705,8.207393585682032,89957923643767,4063,6.974816666666666
0.6499532550796432,48.331739329183726,32.91980115407246,53926729932499,8170,14.025166666666667
0.7258832669819988,6.932907490555589,6.491788896681912,58418417022361,5333,9.154983333333332
0.5321699374918817,46.67848048215719,29.244089580704685,47361518127120,35323,60.637816666666666
0.3969039644623937,5.40887756034517,4.301062613960455,10510971222056,58261,100.01471666666666
0.03973104664723675,23.00346061848212,14.322343181210558,84594278777036,3418,5.867566666666666
0.005091361707707185,769.9452970460958,593.7874898416159,39032195041212,26255,45.071083333333334
0.1321764599969974,165.80521157715322,127.51060646010973,31723045139867,25786,44.265966666666664
0.47435983560833395,41.26936404128382,24.24703179736386,84725288183551,26375,45.27708333333333
0.1576932078826797,64.13216936865058,47.73411187356135,3213610452892,13249,22.744116666666667
0.3681460682109729,113.38611926026773,70.25784355338206,24434255848753,3364,5.774866666666666
0.0465706569832043,30.795755263392586,25.112186781040474,46296120920557,4179,7.17395
0.005440330428226913,35.49086001025279,25.762524515993526,49575909032061,49067,84.23168333333334
0.29792564209415023,20.86955507135449,17.07556228277443,58259606164326,65228,111.97473333333332
-0.028880490727088575,16.807303646085376,16.76475083954762,39013810107918,4419,7.5859499999999995
0.08665465561483467,15.391999062425272,12.607732183340563,41485560965593,32547,55.87235
0.5486429431520544,8.518716920092102,6.683065512185204,11099413766168,7824,13.431199999999999
0.008367826428277964,19.666005002733225,12.255935260571453,34538568278930,36071,61.92188333333333
0.4662238465330281,44.0975453382947,28.48268053495082,19270344467373,30581,52.49738333333333
0.5170349011486864,46.30220660251418,29.277506328191834,35996168798350,26649,45.74744999999999
0.00667909505808787,18.759197450672737,13.49034798385211,42731799032350,25142,43.16043333333333
0.11590885831834516,34.033647370295235,9.518051971723335,86324660943462,64076,109.99713333333332
0.7255279508030207,43.900323249028,29.29984846686266,75725130468810,11254,19.319366666666667
-0.0665845952522248,2.1211801219016606,1.3265364065588232,4536477599060,9036,15.5118
0.33003770968726714,3.290678934116005,1.687068356946468,73141816117824,57365,98.47658333333332
0.5680478078472972,31.073249035073285,15.288921751181855,16128302109506,9769,16.770116666666667
0.03475772840183716,887.7367906477467,676.9134416881795,79279516792850,6925,11.887916666666666
0.5291970484779932,68.2025128306381,36.97976769182568,49163730126936,18284,31.387533333333334
0.6619860573012739,4.654262115549018,3.6000160426775185,31780324870589,26604,45.6702
0.21957671823273217,88.73395862483409,74.5715379264056,70968626813472,3384,5.8092
0.014070183217282105,11.377063659110359,7.475240339250693,47461082520610,8103,13.910149999999998
0.20606935915634372,85.88315374572144,68.87940466466114,37815037900060,3836,6.585133333333333
0.013776161664960708,4.988558913051865,3.9493478836533376,45017712445345,66825,114.71624999999999
0.1921548178009157,4.022196928061372,2.0436226032383042,16632745763265,55329,94.98145
0.4529158264652742,38.28053628198943,23.5414864005262,18419170312871,28544,49.00053333333333
0.5071408852185955,1.9237190105044413,1.4889422749492869,40404726610846,21357,36.66285
0.08977019334599999,62.83099043052805,45.86199948717361,41828510470598,11967,20.543349999999997
0.7911453667588463,21.96434167908751,12.037866781523187,23542427726624,65153,111.84598333333334
0.14366165088449517,36.59930319586906,22.71850713575607,16823437565301,31556,54.17113333333334
0.20261467226329669,39.33565673209388,29.908502470372635,91632765797964,23146,39.73396666666667
0.025670530399672715,12.887219919542858,11.04627150773788,23540721573360,17808,30.5704
0.48249152524531863,2.4325949972510705,2.026503994012592,3472414225219,52820,90.67433333333334
-0.034313936508385004,1.5636251137515038,1.5376788566852437,51157055998627,4205,7.218583333333332
0.705518692838043,4.911083567369514,3.818767607342424,39394713514696,11431,19.623216666666668
0.2175210129379028,17.566744302229317,14.615030363184797,68923855608770,33595,57.671416666666666
0.2793805332904973,5.268659458038456,4.377103149405783,68980487171789,3686,6.327633333333333
0.8512137975299404,41.898930750156495,22.091740914306175,4373000918061,18426,31.6313
0.1152740376658728,16.8149154396623,13.63632101091791,80725248979642,16964,29.121533333333332
0.012850675533360438,90.78511707864166,74.64199924315209,55959153677726,32867,56.421683333333334
0.7317214973317443,39.35440486961649,21.699400832511824,83669258832355,11480,19.70733333333333
0.02440054781708838,3.3820784432957454,3.3723175812468167,4275690596330,5445,9.347249999999999
0.011340075554950254,3.872201130728912,3.1425545498111425,4505584950928,29690,50.96783333333333
-0.000514866185957394,0.3743804376856685,0.25690305392492696,41846516753635,2915,5.004083333333333
0.12393130453952035,3.0605423832199934,2.8597578627826925,18490735883444,10121,17.374383333333334
-0.0018651558773849154,17.75658051870668,17.724091604903894,48537489395050,3456,5.932799999999999
0.008548996048660832,35.514734824123956,28.485833005157662,24217898820131,63677,109.31218333333332
0.6034975143989377,2.3373646086157787,2.078300700808166,71492651787820,5610,9.6305
-0.00018260615442404737,13.695662506178891,10.831567863893937,58953242273190,18133,31.128316666666663
0.4178259458544947,42.702499060659896,25.738418736898712,14723534010676,35150,60.34083333333333
0.003810784513384855,91.4679000607196,73.05338479406146,1315180473349,52541,90.19538333333334
0.12416795401889841,12.924650831864318,9.164882251297367,21429064131717,18550,31.844166666666663
0.0040467485935863,114.8984620958265,86.78883694762648,5418092313928,18227,31.289683333333333
0.2173420678210815,51.72998516106747,24.290460781256847,90475729013238,8111,13.923883333333333
-0.012037354166906428,18.451019992176263,11.529293227902642,41477825294051,9275,15.922083333333331
0.16421032455469944,41.991305596627015,29.993792281964836,23322372463247,12565,21.569916666666664
0.3037066050482527,38.280736540710635,28.336796003288843,59621085922474,10867,18.655016666666665
0.13079670631634066,63.74738191313633,49.486259023089744,86997229309840,3225,5.536249999999999
0.007493130867718618,28.44486146996148,19.481089951156022,18632243167765,16401,28.15505
-0.006414521153141147,92.85960798077134,73.37108877039975,70036146249945,36688,62.981066666666656
0.553644489394431,59.557826173600795,39.80864636981491,78637264297336,13828,23.738066666666665
0.8665920583017864,34.20704741325455,21.25855401306367,22180006351082,8536,14.653466666666667
0.03215178624561435,38.39282381143187,13.099769507455562,41667977508661,10860,18.642999999999997
0.049545781890995025,35.706981654551925,28.47834879675171,89383207615675,8306,14.258633333333332
0.6319748080958587,9.232202541842483,5.4459095908401975,66746956096958,7569,12.99345
0.009976041976742215,34.17560392254378,26.522815597882893,38589269209511,7220,12.394333333333332
0.3107713458568905,16.585703787161396,12.103360855067843,2283576282235,44418,76.2509
0.03957575379592193,4.821142264989329,4.00675631688852,33209365593556,61852,106.17926666666666
0.5314509007812571,40.55245193535341,29.755765933481165,27773237308120,39659,68.08128333333333
0.6905339193010172,56.847152955363164,34.90848146737065,17569315602669,9688,16.631066666666666
0.7224717027163551,37.9543777289813,21.639855373478945,68615025270041,12270,21.063499999999998
0.1782772481864964,7.229074356629853,6.190975589604184,79031615404257,15077,25.88218333333333
0.5504500274447092,3.1572786955931322,2.877291705060437,44628807222986,38848,66.68906666666666
0.0883568845659711,367.9691256103344,365.7932591908557,80158142157692,15088,25.901066666666665
0.5076508899050939,44.74990164070218,28.50619252661385,27447565612077,24771,42.52355
0.15723652627604467,73.90331940613717,56.860074378741096,73953059572529,4992,8.5696
-0.013337527310808377,10.338430364676162,6.939454323225163,40016097424950,16757,28.766183333333334
0.32747942012550696,1.737886570197091,1.6564675166606024,76914795576313,37994,65.22303333333333
0.2674224713332256,73.38367005522156,57.17382706096782,38532444417524,35353,60.68931666666666
-0.1490831796045183,3.545657735614885,3.260917247532977,85963908576063,11608,19.92706666666667
0.29958451150854504,6.211593207708271,5.392203544933362,83415744498825,17853,30.64765
0.23086590395648401,30.66303619699936,19.653494812685913,63193113313368,54952,94.33426666666666
0.7287049562887182,53.99775517654359,31.72051084656404,76599171229194,20999,36.04828333333333
0.012390095535992214,33.35320582269867,24.645544202559694,57044428225816,15633,26.83665
0.3698998357649795,4.121605296943172,3.9970779014422737,52155204351481,34750,59.65416666666667
0.3210442580333562,12.601180944976043,6.328732821775373,58945338672741,9910,17.012166666666666
0.00975869446417734,17.650022195544356,10.41538422208533,61390502111452,17473,29.995316666666664
0.5869288589124885,46.041527877909814,29.688525664763027,18846474739765,33558,57.607899999999994
-0.0037707098837729955,16.04539982070445,14.821386661413575,30267653031404,20066,34.44663333333333
0.0010377353954202514,68.21221007587262,51.59029122556272,61295347646290,41959,72.02961666666667
0.6179138072443072,2.1603362365286523,1.6043762806525408,36548287380982,16977,29.143849999999997
0.01313401749690384,20.80784004786991,7.30130048997876,35301643441325,29543,50.715483333333324
0.0741698672103001,16.70027726583001,14.206165940475655,16981877481313,19930,34.213166666666666
0.3059042507742634,12.437388705083201,10.961869417116281,15886313854949,18696,32.0948
-0.001971636016353691,20.055695098422206,11.900650489717352,61376463008703,9178,15.755566666666665
0.31786293325315973,59.380318780959264,42.26555229842835,85825989075428,56631,97.21655
-0.06780529475596565,2.61196845442102,0.9730228788225238,76895031979045,6851,11.760883333333332
0.01945868499060095,42.445348407615704,33.05899167564939,41401943973375,8277,14.20885
0.05284121893087926,18.68215523021078,18.680094904089536,59777849034319,3214,5.517366666666666
0.7344218411995946,1.9421762437002066,1.7082762707501271,47894803334645,6685,11.475916666666667
0.4308971534991883,0.4635980926662166,0.3224340785532568,37670365885105,51572,88.53193333333333
0.10705171423445561,17.15648440880988,5.370721664833481,22373459038223,29027,49.829683333333335
0.6759183201034434,1.689505881350881,1.0477171389891478,10375017876643,35243,60.500483333333335
0.12280444282005316,12.390307140708531,12.363425664263769,14343572865441,11660,20.016333333333332
0.1686589842619861,19.446584371920075,17.954893903990627,85847096360930,17905,30.736916666666666
0.16878173677069522,82.6604252868017,56.195820580166846,39707683006815,9865,16.934916666666666
0.26221003646968627,21.110225194051807,15.48220141552346,79745728863547,45420,77.97099999999999
0.6400141306000423,59.91754299790669,41.7327819367001,6490266712476,5590,9.596166666666667
0.08408939676666795,35.87959252566866,12.548433116565004,35708937567522,19861,34.09471666666666
0.001548869732911737,5.042968005647131,2.3179706252852075,207653097469,52039,89.33361666666666
0.06377117209571906,3.4442547521340567,2.6195106236429644,52919999064071,61831,106.14321666666666
-0.011543292970253386,9.299213836845919,6.015062865394172,59670563857295,17094,29.3447
0.18234600785162455,7.1780687851896605,7.078744893750047,44438681910392,3153,5.412649999999999
0.0952754185427906,9.27151184029935,8.791797122534977,77086555910757,17878,30.690566666666665
0.33461403221842523,38.90292060340468,25.582302129246568,86586220890789,9179,15.757283333333332
0.7242524682282765,53.22909987084764,34.565481791381885,25451781313834,23469,40.28845
-0.014869058849573166,10.876753772581008,8.133710224574335,78057855022397,3745,6.428916666666666
0.7781550991754577,8.055872115014427,6.737733486731981,14468853597402,4744,8.143866666666666
0.0010490615866465141,10.47161128066621,8.741074608999485,90242180146219,15181,26.060716666666664
-0.00935240058334531,0.664165683441717,0.42670826349596735,1763570720202,3129,5.371449999999999
0.011375593337269336,10.865619945869868,5.998283098748572,8531810794429,19632,33.7016
0.17715423033918515,53.14907864158177,32.5135869924668,87672311839288,23846,40.935633333333335
0.41375343243234536,3.718574678265334,3.0490746588339106,55357021380331,4809,8.25545
-0.000645601623700944,20.721817760359908,11.420939891561218,19976443890845,17619,30.245949999999997
0.13753373806268449,57.685797665324486,37.45194462253781,50008596710346,7430,12.754833333333332
-0.008926336857330158,58.44366180022307,46.88656893026248,67781784880173,26576,45.62213333333333
0.24992872293941856,44.43513545030064,22.955353477929833,75285005500257,8629,14.813116666666666
0.09513903788797168,35.50282945245938,25.915973533976413,47673323610740,9260,15.896333333333333
0.011839357589786673,41.17480019480699,17.722236532120032,90089610937331,55252,94.84926666666667
0.11177682222245494,13.85297628440506,11.844804091957094,42163993539381,17017,29.212516666666666
-0.002390461305339428,8.437703720693873,5.95396036521411,16960288850066,17830,30.608166666666666
0.025561930639107614,365.75561578312045,294.3842197480319,78695780426540,18918,32.475899999999996
0.44693201862668724,30.477134256967492,23.541139001365597,54709597479092,47692,81.87126666666667
0.5033946015527738,5.78123842788935,4.920019007226746,34661337295847,26064,44.743199999999995
0.784907252438736,21.018081706995446,13.859692308630642,40345705587756,7369,12.650116666666666
0.15948000803109508,4.504904922111566,3.753263980273972,66070974763757,16858,28.939566666666664
0.2587480372042761,3.208702975102426,3.074585355291608,26864142531144,4145,7.115583333333333
0.01022127899135838,18.59045690914259,12.274618258387033,25069191130962,15926,27.33963333333333
0.3750673097182928,7.070702406190761,2.834508696614501,69436050708518,5437,9.333516666666666
0.06818597707607545,5.87764806702029,4.8055310721970725,65665823374412,68200,117.07666666666665
0.357544379267084,75.19198407852154,52.88736414717343,1500894024357,20487,35.16935
0.7741600819731191,5.072134046251421,4.95762756783901,52438187385157,24187,41.52101666666667
0.6960796971709456,8.748977530758978,7.976130508164228,38505971263866,3245,5.5705833333333326
0.2525791726999592,22.434983537647785,15.82866361356194,31480464584476,27170,46.64183333333333
-0.09620374774135151,1.4310274503415266,1.409572654340434,68975393104060,7914,13.5857
0.5440491886826638,13.14882730941172,12.175978445011706,49699601846887,2995,5.141416666666666
-0.1010779245319537,9.987257489609593,9.66717703733651,3197365957019,9690,16.6345
0.03562408060435865,58.207727558117526,36.8978461905976,36952240467484,41890,71.91116666666667
0.7957932069885287,1.1805737358478654,1.034158250893693,49094419138363,21368,36.681733333333334
-0.07211492212641574,337.3289248944909,328.50171052981375,1668519794196,3647,6.260683333333333
0.1949190042348891,31.348102277104825,18.671642829401595,71687721842222,8566,14.704966666666667
0.013399094911818966,65.2245517874844,55.22334681852405,76189760244336,34689,59.54944999999999
0.8294777003098469,14.331595043320897,8.088144776283924,2361015939575,4407,7.56535
0.43877432239222103,6.683213505951146,1.8019216922007062,31014688667069,28407,48.76535
0.09467875826260722,50.126400677303685,39.44747189081279,66890789520659,35139,60.32195
0.29011891569686715,30.203923574646016,23.358695166523148,26188717148314,45693,78.43965
0.013496427195034423,16.253882588381526,9.32397295559682,89407134233996,11471,19.691883333333333
0.02860971451146471,11.648270921628214,10.075235532983204,87400340511317,18458,31.686233333333334
-0.004136452751797041,19.484009442004375,5.556819723739489,62192312602307,6764,11.611533333333334
0.03657541615359258,16.176239882601994,9.247244505084051,92161334898997,11410,19.58716666666667
0.018950913795955288,72.96849745929194,45.81849557727904,35059215740826,32276,55.407133333333334
0.012835207093310142,10.64594436192142,8.56317865767958,53215823112768,17752,30.474266666666665
0.3603664079665257,10.826858205769202,10.661086112380337,61696213291223,4239,7.276949999999999
-0.001531901801884736,18.270747270675425,13.364357227676523,37000427105615,26501,45.493383333333334
-0.029647667723056888,50.8457960012792,22.54742795152178,49602751700199,12809,21.988783333333334
0.511754575139721,41.256811005752944,27.584498062154914,77592553888405,21668,37.196733333333334
0.002887816889335561,8.09944916771877,7.513906927377462,39759467893608,35315,60.62408333333333
0.006666475020683626,76.49374602282184,61.32045977098333,29293551719391,39970,68.61516666666667
0.5640059632691354,42.49173626043164,32.31263483450514,82636938460158,11855,20.35108333333333
0.03382165765127911,113.56458076896172,87.78706471243522,70005562341670,9410,16.15383333333333
-0.16544181095330596,13.205712401681275,13.100433219681522,79309134960416,19730,33.86983333333333
0.03800252423690179,7.360587466903672,7.216991393037898,76175787935613,4175,7.167083333333333
0.007596076238267258,82.66451539639668,57.33771751265431,68400807003139,14335,24.608416666666663
-0.01290286605076083,28.629680525777925,11.994454700326036,84667367765364,8534,14.650033333333333
0.3092993326271526,7.560967092844335,6.527481256947804,16393857564857,9116,15.649133333333333
0.33528508805617196,10.098493406763419,7.369797178719442,4522889258407,14899,25.576616666666666
0.24070920775263957,7.930002690895937,6.310641591208209,34039431450270,48382,83.05576666666666
0.016094322127229478,17.543586903915724,10.431858748034701,53796454670401,17568,30.158399999999997
0.2362838773417343,58.22306620113224,44.046224365101,69725769869,37753,64.80931666666666
0.12252901404018601,83.59550907724244,57.31242718952144,42523036936657,18398,31.583233333333332
0.5178946928516263,44.01286936193512,27.318778440898754,72776695713883,26671,45.78521666666666
0.026112961868490474,32.44632088945528,24.177453127840568,38701765348150,18323,31.454483333333332
0.8497534624383071,34.242980460388665,23.811123076150764,7004286467620,24489,42.039449999999995
0.3823441353014334,38.667817163414036,20.453968262841517,4881731257998,3384,5.8092
0.014596626209062862,60.919027049339284,50.67616973015286,39306153270103,26846,46.085633333333334
0.0756721436667745,40.71975925941163,27.19103644379858,19344150601954,8753,15.025983333333333
0.2058947091014068,5.418814712696508,4.8889737652118,33034999640308,53346,91.5773
0.024130274504976523,11.072165591057054,9.059241816425772,62879668666270,63187,108.47101666666666
0.041511672692822216,71.17803752322187,62.41019324102769,54889186596912,19345,33.20891666666667
0.6302623756557455,19.92488483588489,13.141241994940346,20257729456587,8964,15.3882
-0.00845419915039265,11.535126062131178,11.32936048621494,15335238333131,12570,21.578500000000002
-0.05673346718893017,8.005044449443494,6.884763246035054,31398441641574,4384,7.5258666666666665
0.29781189280067194,31.480963611724388,22.0445286731409,64786660719914,69615,119.50574999999999
-0.03898744348154468,4.174419012534383,1.7826210966157676,51655759089638,4824,8.2812
0.3861575125019276,9.574944128744205,8.949929748153442,21482651258631,3118,5.352566666666666
0.7006585637844539,57.515226799318754,31.79444283547449,1273921275167,21445,36.813916666666664
0.7348204956218565,58.07478028720805,38.24799337150946,84952421987587,32632,56.01826666666667
0.5571462955029876,43.692836627279185,27.72795350904874,60960758789871,31612,54.26726666666666
-0.013479458532851615,2.9654529370843585,2.4178165836671814,86005166678025,4520,7.759333333333333
0.005071141742404837,11.072932010407749,6.455732862906999,62052929054072,17218,29.557566666666666
0.15618632904356522,51.23884007361646,40.88121482390645,26590709559867,31035,53.27675
0.0936017414485791,40.83726427205949,24.990784373764075,53760709748567,57456,98.6328
0.6780509514838565,20.145582177045647,18.34944689996118,38930516649968,12857,22.071183333333334
0.08603283655884382,61.109783886205065,50.979879652637294,74284585389227,34119,58.570949999999996
0.09592103514918855,92.6715397255697,68.88309321886203,56595098084425,44167,75.82001666666666
0.3479329228733677,1.8816536674995172,1.2617037367819905,45168270524568,57134,98.08003333333333
0.646787475698195,313.99219459968583,237.58075639350145,37472224646192,14634,25.121699999999997
0.0036227702561694294,10.548298673867722,9.21693911041066,57793400233743,17167,29.470016666666663
0.48038547149820515,39.71342328141983,23.53558665419205,90835181734456,24587,42.20768333333333
-0.016777153096044387,19.0750190645231,17.546832266296757,83399207789025,20177,34.63718333333333
0.4452584661428514,37.459049886598294,22.570948306912626,40046891230760,21929,37.64478333333333
0.09293331799909059,9.936983528712068,9.618838982235744,37574894923754,3731,6.404883333333333
0.6002737446607282,26.637246000969714,24.817514116516634,85190508223781,7641,13.117049999999999
0.3934917775990683,2.295390132187092,1.8566095313118742,49709092164558,16947,29.09235
0.03780001285660984,4.077542095801035,4.068987936126195,14834190586653,3804,6.530199999999999
0.7854884931987952,33.32328795565414,19.85082336216536,6330097043512,11850,20.342499999999998
-0.018004664008835464,12.53332792249173,6.935577660980379,92107490919238,3944,6.770533333333333
-0.07068960217412176,6.037675278984718,4.78626592266776,6444721524689,20492,35.177933333333335
0.01811172643834149,27.278303210814187,9.785856507681336,14707693945652,13409,23.01878333333333
-0.19097309941123367,2.635388140341973,2.2250311911448946,70447479937765,9736,16.713466666666665
0.00620853022319623,21.40754632666276,12.895710130448775,13607005735232,6875,11.802083333333334
0.6431520622894376,25.258540820734428,17.035001916287666,28429284306587,15764,27.061533333333333
0.11572425884091829,93.19555058745377,73.57001240395242,27509453035550,54042,92.7721
0.053683775579091014,18.902176515364165,10.888426103922079,49008211570640,19122,32.8261
-0.04845841973207536,8.1938039218965,7.442647480707534,27066031761258,5378,9.232233333333333
0.13636254616451032,58.16163739181313,44.700638493042405,7800144888166,26626,45.70796666666667
-0.04535113786434696,0.9949361143750493,0.8638401608193721,72313026262702,66577,114.29051666666666
0.5283505533805514,36.98935999671345,31.948530548563852,57086682935136,67828,116.43806666666666
0.29339361337136344,61.95067278677384,27.4573717933779,4743968353269,9029,15.499783333333333
0.006297102767067463,13.609565710589564,12.218693520932497,59935339677864,19987,34.31101666666667
0.0101507379549902,34.98660600019207,26.98405103587222,71833990872491,19024,32.65786666666666
0.05551869885209869,12.989268582518227,12.956223750008162,4489092748291,22882,39.280766666666665
0.021263369513080905,6.5445413101847025,4.1261550963889135,56249744498300,16753,28.759316666666667
0.13296610184449292,865.8658783369257,685.204420586754,86383669138040,21628,37.12806666666666
0.32900047813432726,33.01501676439907,20.545448878165068,56456452094725,19228,33.008066666666664
-0.01752739746338534,0.9355447539053382,0.9162120255247654,10436075562817,3924,6.736199999999999
0.07914931708655674,91.80339601553155,68.033997670449,2805135330319,7651,13.134216666666667
0.06587087239536227,1.9458372154877024,1.3199460803820295,24781855045146,12531,21.51155
0.06964838318472452,90.68386686888563,73.81882912072062,65427209667604,48269,82.86178333333332
0.7784839370648621,3.280236263524737,2.8139605910735144,66150348681250,15560,26.711333333333332
0.09684211272525628,4.100173395702619,3.3984525700376884,83111676363328,2981,5.117383333333334
0.004119930743930841,10.601059584854506,8.93247717559762,63037586553818,19237,33.023516666666666
0.1278415261209251,45.0243457257861,36.00242485191384,91331408430475,27519,47.24095
0.01563936449133049,18.45071896942145,18.447675116083072,22572410372000,3307,5.677016666666666
-0.06746551581558592,5.406168862448519,4.833283897978401,33465066087241,8546,14.670633333333333
0.006263032486041872,52.747799058906836,24.85777533031493,4150145387745,16688,28.64773333333333
0.013901347547655943,30.024594059110274,21.804147740298486,9512113081572,4682,8.037433333333333
0.07977441965308694,1.5680407156618927,1.4623846379169443,65107235960968,36200,62.14333333333333
0.05325619391757475,1.180341168157689,0.9710458807234796,61928510051338,67238,115.42523333333332
0.39091417758569685,75.32832941196499,45.53515797180365,72080364490476,42558,73.0579
0.2703072064052576,10.210032248272388,7.766945498650289,15510836885104,19795,33.98141666666667
0.38599974273516435,18.771386025392214,14.119440262620659,712678612895,27902,47.89843333333333
0.010478324286113505,8.154026452767045,5.389488411167481,7892221748602,16641,28.56705
0.44438365215063774,85.13663615302964,57.165047222809704,64962575545519,5317,9.127516666666667
0.18786702814385509,32.767051669225204,24.882761644568568,7469118234574,3886,6.670966666666667
0.4957304177505419,5.318591799362146,5.221833849996288,55225536001639,3703,6.356816666666666
0.3281321874358007,15.664464147017277,10.821206304028957,74021741394159,19223,32.99948333333333
0.37437437576694077,12.3045949655784,9.995262507456934,30737123899062,6158,10.571233333333334
0.28655006433252844,58.7471288947118,45.116939730902466,38672606614602,11799,20.25495
0.7451940641092983,31.812977337927116,19.469153465854124,19524979267806,12521,21.494383333333335
0.0008347835635612589,14.566843147979073,12.702135739074642,86034294307153,17931,30.781549999999996
0.36288677813509207,27.661145356091343,20.883430257883628,88373701050918,46984,80.65586666666667
0.5429998561680736,43.40214043787331,28.264132264456624,6095377060586,30361,52.11971666666667
0.3113135447395897,40.56701310363306,27.866237127637593,8224521170522,9482,16.27743333333333
0.6313092534072821,4.150297313949321,3.1576144904777483,19326349885045,9389,16.117783333333332
0.18980132237591127,89.75546775918691,72.63474093475769,21930320986519,3931,6.748216666666666
-2.3481031609747864e-05,13.150143258609903,11.746051827040764,6518244601341,21384,36.709199999999996
-0.02133277218258426,15.794257020227509,14.00782175903271,55668873420586,18592,31.916266666666665
0.6141139708985478,15.458692941204339,11.772771001688684,80823313797699,45286,77.74096666666667
0.0008519508369354612,9.907826308810671,7.801390567840267,22266993725797,16584,28.469199999999997
0.05161042517705355,40.30217200990859,16.636453839349045,58378540328498,6252,10.7326
0.027274113122503187,1365.9725128534656,1365.1212932137662,32294716137151,3067,5.265016666666667
0.08749572265707727,11.490705668200011,9.133788375367123,51166617101852,20194,34.66636666666667
0.08840570835336616,86.38735828525095,64.72939231058027,82322571684209,5161,8.859716666666666
0.6344660798871293,10.976084703249027,8.277440037951923,35263920262172,54337,93.27851666666666
-0.008186029679969349,14.447183524985853,12.577661537254782,13544924649549,18266,31.35663333333333
0.782584421879373,36.8832971597735,24.831724940425435,5780282259456,11966,20.54163333333333
-0.0069471390489265795,16.76206040829983,9.388144373744753,10675875991974,11202,19.2301
0.2875405288644654,8.281858277737546,6.28718580960492,2118211895615,17506,30.051966666666665
0.4776555304982301,39.653351453116706,23.13851030650292,10018789999360,24762,42.5081
0.48034203299854805,40.94783572962691,25.740994251086835,71773356260914,23693,40.672983333333335
0.6455213258558028,8.279496569129718,6.2869938395260725,22102450098691,10506,18.0353
0.06291032829674363,13.071699645488778,5.51382401224245,69206550003536,8685,14.909249999999998
0.40707924177476906,33.6611577190327,19.818145420938034,35946430930552,19136,32.85013333333333
0.08129561693194823,5.011448795619529,4.145159759675857,87739115821200,58812,100.96059999999999
0.1284316425324522,8.942757578859933,8.789691936196395,7934332096717,3422,5.874433333333333
-0.00350582279461169,18.24217371091191,16.441344908151418,41630324903673,21431,36.789883333333336
-0.4641055411805351,1.309223029248668,1.0883062472251037,69350426950505,29155,50.04941666666666
0.27677982714805505,2.6046095190083727,2.122491528060216,14586469578679,20756,35.63113333333333
0.015024737067635924,13.361179731000053,9.524375335375055,40433310269630,19223,32.99948333333333
-0.004632843738500058,16.201709946944764,14.785650912773471,33073440281098,17119,29.387616666666663
0.4699772532699413,39.03002952921849,23.63740907925716,56276495304491,24718,42.43256666666666
-0.006589875835500876,5.193281021716375,3.6429981935690834,44828360447365,22498,38.621566666666666
0.21165599366023835,22.434553501731802,18.65346266483113,88961166555064,7585,13.020916666666666
0.0933473002859823,35.5562202492763,24.640952885456866,73019583221706,8377,14.380516666666665
-0.5865188742918834,12.959660931753728,12.876761864634396,19406733055944,46836,80.40180000000001
-0.01525604319423358,6.354915071719479,4.8046342815943,53587322778057,10669,18.315116666666665
0.2645034487584785,12.248189828949922,8.900956673793827,41544805848798,17552,30.130933333333335
0.45839417797968846,37.61514397758344,22.75811817178912,87718249213289,24326,41.75963333333333
0.048840606485913894,2.0883792993296932,1.8854087637602892,49904190717191,4570,7.845166666666667
0.41217848733061,64.55165686680262,45.15010980149169,85558509448653,42475,72.91541666666667
-0.1531359662438144,7.636727985473455,6.334182027596325,89638793361264,4776,8.1988
0.1005464521825615,64.56916807153719,55.109219081776224,39441582309066,31802,54.59343333333333
0.5697941143802189,41.31288049858044,25.92054305910769,87247577287241,25026,42.9613
0.01704877533850599,2.861303574507769,2.83701269895435,75587285584953,3796,6.516466666666667
0.11017875483472164,42.66644130570365,38.73939362342935,67685809596132,49152,84.3776
0.02525700925905,19.210670736058297,11.53737868324586,42934035618954,9068,15.566733333333332
-0.004505978626969274,29.23848385354362,22.767125642880984,88259385266929,8305,14.256916666666665
0.5105772246301012,46.183414710496315,28.03949789861426,26946278874497,40577,69.65718333333332
-0.012172070733869944,21.107134288074,11.485122449350126,9090548140325,4329,7.43145
-0.027098612758186542,274.7217457938631,229.19172222282313,13604823050665,9085,15.595916666666666
0.33366702968899015,66.2919165944113,37.13155645045079,90144291970403,15486,26.5843
0.040546491672535184,23.350308864683626,15.303832654206065,11537482192933,3409,5.8521166666666655
0.08947047818556302,6.9114040910324315,3.9650437163244105,76381789338112,19387,33.281016666666666
-0.004896684853016787,21.60712488095191,11.774842044421378,77958562736838,4207,7.222016666666666
0.11651775758853708,57.52845343138653,23.600270316855624,79113473781107,10928,18.75973333333333
0.00658513022586697,17.29312910068918,9.693460058527371,4471906505649,11126,19.09963333333333
0.44966389294044323,66.09438360604676,42.28633400436927,44850579692631,3625,6.222916666666666
0.1049205788303504,5.648212610684036,5.524374936060743,28835481111979,20854,35.799366666666664
0.485743677216351,36.47850674176524,22.078011015778195,6894759724901,41881,71.89571666666666
0.5125987540660024,43.09074393240331,27.925138333826062,32363432174417,29221,50.16271666666667
0.010532241494887355,3.7063228856130737,1.8695346636912922,37916410285384,33468,57.453399999999995
-0.013826591804794888,2.0703341346473003,2.0534442462712144,33194064536344,4198,7.2065666666666655
-0.0012661712764612228,1.9702310374695242,1.8981970617390431,9616285353517,3294,5.6547
0.012411765321743571,33.75730346316143,25.14099390098799,53671387837581,7586,13.022633333333333
0.4928612045089334,38.79664935169719,23.14898815104785,10395764986731,24675,42.35874999999999
0.02061287693239868,36.72243263966166,27.482525815871554,53321676101057,9310,15.982166666666666
0.4812357025564882,11.037516912686637,10.632435134905847,24959799856140,11769,20.203449999999997
0.023154760300229484,13.166534762164659,12.560068120150559,72827585144037,4426,7.597966666666666
0.23358915590495857,69.59837579318008,52.59231914558158,14968554767077,12080,20.737333333333332
0.028770788834214994,94.24696733228899,74.07520993972487,21363931710865,13865,23.801583333333333
0.04439124835665886,33.744219396828214,26.440059100385195,31867487722769,6118,10.502566666666667
0.0368657165245384,5.2559836508398305,2.5057858058286775,20843379206311,27886,47.87096666666666
0.0193733329498249,20.318437676292646,16.89449689829491,2856642185823,2945,5.055583333333333
-0.019912168107658963,24.49914165806862,21.085355961168855,36027569018583,3485,5.982583333333333
0.013516942916917234,20.501495324580254,11.73254610927833,7876587955598,11424,19.6112
-0.0012559562844620567,16.810711085302167,15.300340769033557,62020907056144,21075,36.17875
0.924504364414259,37.8056909981485,27.182479388285984,61108852266439,15458,26.536233333333332
0.4922254292010434,51.41495348664698,32.95987201136055,20265554980190,31247,53.64068333333333
0.0018298896218041792,27.803331946660563,26.536958368918867,2514414325287,10558,18.124566666666666
0.014415641765750673,27.522926942072033,18.534283511405732,68958208249678,41079,70.51894999999999
0.526753018694807,48.85669778201438,24.841996950266758,49438457296923,11162,19.16143333333333
0.3754899173816766,145.06067563094814,109.62577436114395,69608290820071,44957,77.17618333333333
0.32168013999146267,3.1619652700687286,3.0220941988429164,37859449612568,42396,72.7798
-0.038954173551267,2.25013803404691,2.227905611773196,79573403173646,3794,6.5130333333333335
0.17678145403967746,15.659374248243164,10.784141111489358,50662408118242,4130,7.089833333333333
0.2523630172891545,7.417281708042079,5.374865763228321,51838696263710,34732,59.62326666666666
0.04450383074114524,85.53414806770526,63.11825145049137,38722635916445,30470,52.30683333333333
-0.11150867552194313,6.176048784366292,4.762288558765529,4043722530167,16716,28.6958
0.04955327426652496,97.0415212887697,78.963277303581,34222957550485,17130,29.406499999999998
0.27555536393383534,14.716106351866665,10.852889909682519,12874248990838,10194,17.4997
0.014048765084728796,35.00364306024104,26.69131158842427,45771533839992,27165,46.63325
0.5452226485758882,44.24516570607257,27.987472324414245,13551237591750,31561,54.179716666666664
0.5110703306619756,42.73153088960888,33.681571034492464,91710472772712,14038,24.098566666666667
0.11020473326691411,50.39890118010642,33.894210307401,67860839784042,23405,40.17858333333333
0.42320086871471585,3.4546822350309863,2.734469213658181,9244129548215,68845,118.18391666666666
0.31457080634307927,8.30485499139388,2.9010171748822478,19993026065918,38771,66.55688333333333
0.016202041892243262,30.18107961729231,25.897728200991583,80992735914495,62930,108.02983333333333
-0.04125088183214482,1.735352947556209,1.7143694420612092,42878697487205,5484,9.4142
0.24881258458258984,29.073282509661038,22.304247432274124,18040203138715,19696,33.81146666666667
-0.00466128456147758,17.364039629021672,16.014541671699604,34905587996029,18313,31.437316666666664
-0.1965178619011357,8.679478391485175,8.631396788140394,43263358681238,14335,24.608416666666663
0.13391798486275502,29.18806163238137,19.585300943700393,86522879615459,67117,115.21751666666665
0.5593744424078714,44.399893835004285,28.518753767978122,25407626133938,28178,48.372233333333334
0.015033807622918031,74.09586715337758,51.4341710893512,8061440899528,15102,25.925099999999997
-0.01683232553066711,1.2908133702977689,1.2304915802584788,10443813953011,3194,5.483033333333333
0.45014056027871957,1123.9338594278074,1079.4160375894,18109661851402,3031,5.203216666666666
0.20966698764971287,34.625715729634905,27.44985990269603,70703095297653,39579,67.94395
0.011282683268524862,3.994038098688929,3.897549828928263,76265741865383,7220,12.394333333333332
-0.7734158669445019,1.1438523531367335,0.9410034252777446,45243718654907,37004,63.52353333333333
0.022170516310431647,19.44897055972567,11.51042352440083,55175255364826,18080,31.037333333333333
0.21241373297463098,103.36930020391782,80.04118127758126,21337611520762,5155,8.849416666666665
-0.0058612512708190725,0.5403708817672331,0.4738938476376966,48695213217737,5428,9.318066666666665
0.26844130126395904,4.9004482932653595,2.9954334495369404,10387028208245,17174,29.48203333333333
0.0811964934981836,1.617023068974812,1.3912077633854107,41265099648055,15021,25.78605
0.1075398519468641,3.3603324512371886,3.2324506344207022,42410716749456,16262,27.91643333333333
-0.009010363688642786,28.517941627525577,11.08868815750895,9765057265814,13999,24.031616666666665
0.560075895851743,18.57060882019104,10.416952715322944,70880180797746,31221,53.59605
0.24792060640424873,20.393241329382647,16.83357497602176,60065874313975,3123,5.361149999999999
0.7619164146729147,5.354734680972929,5.240017034580661,54548698793849,3508,6.022066666666666
0.5315058124786164,5.5100344773569985,3.719925264146019,84405790383738,11821,20.292716666666664
0.09756982182343918,10.923717877436887,3.0812422582122214,21287706088759,22523,38.66448333333333
0.40273134458867577,13.783490443960096,11.463063244027982,73337898449639,19425,33.34625
0.2181718553159062,25.1030357391015,23.221275526018655,36802843156824,7671,13.16855
0.03640501812944652,27.298012465863952,20.24297750136946,12883402797044,8723,14.974483333333332
0.16864586435835713,83.03079459189316,65.29528504884408,66110873594722,9755,16.746083333333335
0.1108627032324189,26.61176432253331,18.6696684200599,65894046863311,11928,20.476399999999998
0.8224526446719793,1.495833556484624,0.7978430872547383,5731222091620,9800,16.823333333333334
0.21969074627454635,11.720244378335629,2.7884123858466046,58352163451553,19673,33.77198333333333
0.15381555718535472,80.06908819126227,70.73356690695822,36641905167289,68006,116.74363333333332
0.5072331425200635,3.957225661564738,2.07204384982771,89269481772756,3543,6.0821499999999995
0.12602381492271184,21.561822797969377,20.318767947533516,48873481519194,16659,28.59795
0.029605101951282475,24.488976189262623,14.353599989310492,62643833654521,59534,102.20003333333332
0.5668407697262001,43.50996319498288,21.421628363079538,4695049177519,4819,8.272616666666666
0.42420321180387793,5.149568382564704,1.7989243956035608,39151191711003,19167,32.903349999999996
0.03589449977570535,31.32941206568145,25.66657360182442,16517387136900,4229,7.259783333333333
0.029835850984863636,11.522545188589362,7.061317869717943,29787265030687,43121,74.02438333333333
0.0004803415722834987,24.9946700439088,23.861426195380357,59393272261889,16597,28.491516666666666
0.3563462448625351,34.330449247868096,18.889603377406065,58434896880778,33507,57.52035
0.4334121445134389,101.50614198123466,85.70584473674428,62428620146541,3844,6.598866666666666
0.42324610991109124,32.68204444956695,20.044132245626702,21322308974022,19720,33.852666666666664
0.719085603620841,13.307473603077725,5.476102939284413,37000454302871,10911,18.730549999999997
0.19278145169020505,162.30923082035474,134.11278975142278,24950726661682,47734,81.94336666666666
0.12067815698331265,8.34994605163695,5.54480706874215,24640824839745,16957,29.109516666666664
-0.057992290491427505,13.122599886299536,12.908246135809225,65631772903792,6843,11.74715
0.7115815207539364,12.291802742611695,12.225587879555745,54401857375529,4946,8.490633333333333
-0.15365897202827714,154.87584526369525,152.36387071689637,13675049587864,25823,44.32948333333333
0.2781200465960412,74.15033894822479,46.115860039494656,18145276526032,61825,106.13291666666666
0.0047496320892860605,25.557925782805487,12.171970028418416,6949721415360,33442,57.408766666666665
0.3187332341336193,2.2483725097681724,1.7941903133530823,70509256460599,56192,96.46293333333332
0.4794908219987057,91.60629686174663,63.39174389543204,8051014504222,3625,6.222916666666666
0.15557463497700708,38.845821305746206,28.41494669377376,79103340993085,22844,39.21553333333333
-0.016558055703012813,107.37578128461993,81.76323237648623,15260277568764,4488,7.704399999999999
0.30563967435105727,27.641522348172842,16.979648123232497,35236479140061,18344,31.490533333333328
0.26067108997221766,0.9664984996781675,0.8608870601052013,26835143787819,12831,22.026549999999997
0.7481677965672717,36.94180922088252,25.310762077321993,31226562308794,13581,23.314049999999998
0.17389867652971455,19.092979161395277,14.479152554783624,12911433297257,6977,11.977183333333333
0.019978902473876833,9.176712856752049,6.531199179564886,46293705796053,53641,92.08371666666667
0.46933671835410967,39.72653391831301,24.371796232707997,1816474671983,24247,41.62401666666666
0.10088820418025733,17.386568414650988,17.27138276745997,40564139301731,63038,108.21523333333333
0.5339822074809796,40.8972411500879,26.078672109109323,57406085602886,29569,50.76011666666667
0.057108895118481516,83.84157846203708,67.69434431513592,47412087944525,7293,12.51965
0.06657680741901344,33.29423983163491,12.902325351125455,26754130464766,47157,80.95284999999998
0.1976236833979159,31.752084841020427,23.759254689555103,48519667630275,4198,7.2065666666666655
0.6455850281605866,40.77955478339514,26.082006857352706,28512260243558,39919,68.52761666666667
0.007250528859840673,18.938894041932485,13.56027080912392,62201606493304,25117,43.11751666666667
0.03843986029863886,4.596430580678054,4.14014692024617,59855693669340,8559,14.69295
-0.057069731802196454,7.635437636890722,7.2042614738600195,72213557137177,20668,35.480066666666666
0.8671316163208871,5.8361446864790905,5.354454411836498,26838032928922,5106,8.7653
0.04147582053459437,5.185345185224178,4.64099362394477,45885671541567,68213,117.09898333333332
0.1663798221677493,15.29569735901812,10.100292860013303,20180169490913,13910,23.878833333333333
0.8210908968591076,2.752917984470743,1.7815417362865498,54384555906994,9011,15.468883333333332
0.6357204331510111,42.74447624061821,25.942275358400146,17946053132694,45483,78.07915
-0.0039014146116858454,26.679342793328043,17.302280445347026,85234735421625,20138,34.570233333333334
0.08518395439390734,28.304453625147996,17.348776160638234,11564275642513,5369,9.216783333333332
0.14103607827878384,6.168815055765673,6.113200132678653,71283297695155,4820,8.274333333333333
0.7767741288511657,5.134886172230933,4.416381172332072,30458541054194,5073,8.70865
-0.1798836710627431,9.765104211484362,7.443842579413965,30571295745592,4721,8.104383333333333
0.5998244634571422,40.095460271836984,26.20752158250245,54345907525115,39034,67.00836666666666
0.2109391312316122,42.999492304861406,18.611774099045906,60478191703219,8280,14.213999999999999
-0.00038174002632099306,12.430953309481334,9.060647926467617,74199239582353,17814,30.580699999999997
-0.002226361847022012,18.177744210859522,17.132372809360543,1712545327313,17879,30.69228333333333
0.44609057230855986,10.12583154010794,5.7475462154838635,53148922684136,8363,14.356483333333331
0.3706568595463497,32.077050787639095,23.383406621334423,19911684086150,10522,18.062766666666665
0.0416505717243489,17.660247642591166,17.655812451186566,13814862401830,5401,9.271716666666666
0.059742293372011056,78.4160948672877,73.76347028852726,85240921881731,33213,57.01565
-0.00681587045274789,0.6639472423768367,0.4527314271641728,28155433014282,3010,5.167166666666666
0.133054131178171,42.725250628599476,17.68590619895434,52815350507138,3029,5.1997833333333325
0.6074207975325964,24.20066874770823,13.982446362338449,46120413631957,2983,5.120816666666666
-0.0358268637339324,5.690808715568556,4.952826534711014,73110042417258,50163,86.11314999999999
0.14260244565351868,4.050277849787006,3.4344462677198058,84082758585107,3268,5.6100666666666665
0.017215550200315715,9.639019434996353,9.174887481505348,44789892825220,9034,15.508366666666666
0.7299731976380684,40.049188174426455,25.34202138189919,34204045513880,66378,113.9489
0.0013855167273471639,2.61102927835774,2.5953795383230105,22351965189636,3178,5.455566666666667
0.8052154065439654,45.29345535638801,30.757236137137973,57155211923028,10892,18.69793333333333
0.0199057134969698,3.2459609887193097,2.9207233748816503,42304189361714,7907,13.573683333333332
0.023655040798737283,0.5364547052112321,0.4902917460152721,43767775159498,6309,10.83045
0.5437898476737235,45.672059836588595,29.961073088606867,38644897685640,28681,49.23571666666667
0.17385790638233872,20.392232174117606,14.917369441632871,12443883173329,16200,27.81
0.028870840658632425,68.823766775495,50.90337490501542,52464863236828,63052,108.23926666666667
0.36048905153902594,77.90946096488673,62.40173210995319,7065631133019,29011,49.802216666666666
0.04407205430463088,2.112131581521369,2.095753566316974,56145124249535,6086,10.447633333333332
0.34806923433444165,69.04566959821234,60.32213519965369,82693590268865,13019,22.349283333333332
0.004442903585195486,13.442435481794766,12.193546391334854,36324862739654,18445,31.663916666666662
0.5455990798113715,2.1168328871937017,1.6738869873816378,38585149994508,41959,72.02961666666667
0.36081654128899593,67.31038529267713,55.892595665823634,59426778432905,4836,8.301799999999998
0.01789755705927748,23.22607400107127,14.091083146894455,34431306514133,9358,16.064566666666664
0.3131858288062183,195.33491641890376,152.18034814679976,19044306593047,33430,57.38816666666666
0.0362367745206833,8.308956593335713,7.522119462408793,68341709958602,53527,91.88801666666667
0.41939363504288896,4.896184266329363,3.1782813122490268,76462988736560,18491,31.74288333333333
0.1610123037702847,22.504731687792408,20.218088566620317,19114941653062,28931,49.664883333333336
0.5523059329926406,7.354527730204721,6.217330118889403,72084293131675,11980,20.565666666666665
0.051911983071645705,13.362992293754308,11.785008797565029,42079339795894,17939,30.79528333333333
0.020358587213341103,33.49128029283935,25.81438678596195,40712533357719,7038,12.0819
0.1676142179012755,9.046164460278796,8.035438204888097,66511694639243,58738,100.83356666666666
-0.10134047685868403,75.2025295738368,47.57393046504496,73922523327245,9810,16.8405
0.09708506887953859,33.95231400801653,26.294814054113235,30538259783882,6302,10.818433333333333
0.8800496985952251,2.093739647597589,1.5505909349446056,66261263607071,18955,32.53941666666666
-0.14463959795303913,0.660660049559429,0.5165749683773111,321176264871,21501,36.91005
0.01953222862595591,29.88386205580893,23.481510216112206,55251765601924,15824,27.16453333333333
0.42133475988028146,38.60493579121662,25.512641379836417,77402124446324,25354,43.524366666666666
-0.0002666880546942925,31.483491457013617,24.415204858932128,77807436972116,20048,34.415733333333336
0.04394781389478459,19.31519916544265,14.564921651657107,89263314672890,18292,31.401266666666665
0.007728416816579188,374937.04571543005,321279.8326353496,23166742315850,25219,43.29261666666666
0.13407163933869717,36.888393850492726,30.396952844248577,81053811604948,46824,80.38119999999999
0.05057290504203132,36.78422449370915,23.33891867090165,76579082087045,8513,14.613983333333332
0.12206062928002595,91.6350865469585,72.78786013885527,34184832801358,66213,113.66564999999999
0.6842600909311053,53.80209592086197,29.727117244628324,9626280164840,7991,13.717883333333333
0.35331472252834784,33.39905090627381,25.677812836754324,55779476535551,33510,57.525499999999994
0.029352587907596605,34.30101887031537,25.86432472314024,1502008136638,18037,30.963516666666667
0.5042764670997013,38.93307738860926,23.355709752899898,80204279378555,25901,44.46338333333333
0.10041663347787354,19.794802887938477,10.038499551314207,67005791698950,32688,56.1144
0.21039478710630447,1.208726870478147,0.51764738077923,77990758597193,17295,29.68975
0.009980407218523571,33.567759449129085,25.024140630953717,84148060092732,9188,15.772733333333331
0.5358438859607164,43.22129585332065,27.21001943615103,59843942043813,29840,51.22533333333333
0.007586213765857082,60.39169951007841,46.62640382509902,712750152617,52002,89.2701
0.048885946312331625,35.164141408499695,22.600186722274994,82467903183221,8609,14.778783333333333
0.00045037668234605244,2.181770812404119,2.124835112124581,63029731158610,40456,69.44946666666667
0.5874029628716938,12.16271346323665,8.92923791594965,85464761987831,55734,95.6767
0.1331007411278982,5.300014920718238,4.2186934094945485,66155171166885,39700,68.15166666666667
0.01634496986591739,16.42338057766142,16.42140354936842,75926536904895,3769,6.470116666666667
0.011944224208427424,116.65673099509998,89.68428865003384,56815789672653,16952,29.10093333333333
0.15865866973555393,39.96710181516932,30.10924427718626,8531492469840,11208,19.2404
0.005109939310192492,1.2146063619396053,0.8340803793155948,87195445853907,17900,30.72833333333333
0.4647317472819303,11.919507018749307,9.514657109154285,36970898096621,58877,101.07218333333331
0.7233178595925067,2.4591774239693422,2.2566217953039884,79536303444845,9365,16.076583333333332
0.2893121143544348,13.7713246035259,11.12616585646212,39649018814403,19276,33.090466666666664
0.16369978045960876,68.50936778977025,46.846555805151525,76114108583921,5223,8.966149999999999
0.1954834525282599,39.35457790065856,25.8945338298341,35823382415913,58966,101.22496666666666
0.0560608368533333,32.61070317390597,26.33729610388775,68068410052533,64935,111.47174999999999
0.0055612711717651165,4.844175945323414,4.173431765271708,91676630593422,30199,51.84161666666667
0.005625934409735121,1.8367339465333763,1.7619971097117724,10764709698001,3168,5.4384
0.5001096590207482,44.689062686950024,27.61982443252561,43022328767820,26904,46.185199999999995
9.956436140894426e-05,6.5121953249733275,6.105217702833953,5848209883651,18985,32.590916666666665
0.24844137054311488,12.134295676765177,4.801311677846802,76194314678496,43546,74.75396666666666
0.36296115451874644,55.708897926534675,43.60277160320344,72529580803540,60294,103.50469999999999
0.2427510466168465,96.85507257532237,70.0530541798844,88462435950661,12722,21.839433333333332
0.004782710697335674,16.512909033642472,11.404056110297068,42041032716689,9872,16.94693333333333
0.058035222556418645,31.215097186898905,24.28008155350061,3742871830060,17028,29.2314
0.43043830323973015,2.981058644472005,2.015963906861186,60418367324741,3658,6.279566666666667
0.014563582957230753,4.244169264525543,3.7428023777494746,7739838098491,4115,7.064083333333333
0.10162743858260881,63.26389877057345,43.71448903280371,66862260688016,19285,33.105916666666666
0.2637214985796882,3.157646642481102,2.748249115520499,11687249397173,8086,13.880966666666666
0.7174296150025627,33.18102600702533,31.91320993221269,68719179787116,26734,45.893366666666665
0.037018981195410444,14.06766402711663,11.947934557307265,14477831318829,19277,33.09218333333333
0.329509548862748,4.221279593147726,3.5168247193767086,89692919927075,21605,37.08858333333333
0.03256535565550472,3.168415134204037,2.9723876547350874,50634054355463,45360,77.868
0.4704469924679406,4.738449298318746,2.3564607223255964,5014046407889,6049,10.384116666666666
0.47191932168551054,44.35307891643995,27.88572639038461,75073472610074,23753,40.77598333333333
-0.014568168476577005,15.98946109360229,15.663096880820728,86780713351298,8806,15.116966666666665
0.49392643203981856,42.995686462741354,27.543516276728628,74513413759027,24411,41.90555
0.22172883796035542,2.758768039265623,2.3303444967536637,3205662890600,60673,104.15531666666666
0.06020725678286812,33.15422107256386,22.305563276494485,27577385002912,48810,83.7905
0.30322978318935323,21.985655393882553,15.708212852607785,11632108154202,44098,75.70156666666666
0.13123739562030262,13.04358429681264,11.663627954729593,13246097709848,19471,33.425216666666664
-0.07216423504212229,8.135877587030935,8.099227969699504,54911836848882,24898,42.741566666666664
0.19336073086747665,79.02763790299693,61.42853893875605,85905913365338,4048,6.949066666666666
-0.005345228920763561,14.326064117089835,12.785070810427657,22931255924190,19219,32.99261666666666
0.6704053254282527,43.86183421186697,27.121682832392917,90495177897394,10723,18.40781666666667
0.32935526540314003,20.88248550680419,11.295136751904968,79854220241855,41685,71.55924999999999
0.008230009942051466,35.25343701536648,27.39857914353966,83956622855705,7141,12.258716666666665
0.2507910116208158,0.9826653295892688,0.9147700831893755,15804498901447,48354,83.00769999999999
0.07153224028319376,26.686390042465455,20.708746550007117,6360098282367,4264,7.319866666666666
-0.01176418642694907,17.999810213658026,10.462285663038335,87204508405905,10419,17.885949999999998
-0.039430544999571444,7.452295935765166,5.582231677205939,2367304793571,3040,5.218666666666667
-0.21344142990392798,1.5760963925222702,1.4988311991290328,5811823795065,39168,67.2384
0.6431442362232987,35.91431119709129,24.56914444820004,6336252520935,31046,53.29563333333333
0.3267734413368147,76.24248194458251,67.89603797668127,77985789956016,12015,20.625749999999996
0.20246919003361785,30.46964013264713,26.594933164375725,32994315817790,30221,51.87938333333333
0.4911455476283486,42.39154106240941,26.41401282121076,63660835333598,33679,57.81561666666666
0.3912263326706775,249.82549032625332,206.44385395663303,47255807778610,41459,71.17128333333334
-0.44291669735691414,8.703839134917393,8.465096034644104,50782521434552,67688,116.19773333333333
0.048485510461592884,50.28133822201884,23.157800794225516,40151797955946,4952,8.500933333333332
0.7364459649911704,37.45043789232866,25.827013493498395,35616964149841,11997,20.59485
0.07455571032675756,23.022329854125367,13.054337614881197,51377613087406,28041,48.13705
0.12084386023078415,3.9392981774352696,3.139727072967199,18426419469593,58353,100.17264999999999
0.44771903448740147,9.539876942244124,8.524963909929449,6918146395271,3344,5.740533333333333
0.01213485702240776,13.961983070990096,12.519310324699223,32719939285192,17666,30.326633333333334
0.06414722890968244,6.1154208224668745,6.012157064928135,68061494335537,6816,11.7008
0.3286969348097808,5.5195841541944155,5.254004230092696,20541977647722,3237,5.55685
0.7700007667339842,39.31859992453194,26.841964715144933,43223996110775,14302,24.551766666666666
0.19018817564502138,6.44557113888919,4.865020431014929,49820542523858,32449,55.704116666666664
0.02559072285956777,25.592900920386867,16.370641367304263,69275463727811,44615,76.58908333333332
-0.10994418230876134,17.78744651261587,17.74677566091761,88990291227417,4404,7.560199999999999
0.6163848026531208,42.49511972318155,25.246994423650463,70459921300756,35021,60.11938333333333
0.13084264493768544,19.877931216343846,14.498847408458907,85379501877770,42623,73.16948333333333
0.6470317185626623,3.832148964025512,2.6754032444004823,34277978123858,32481,55.759049999999995
0.03885279426091729,9.452942267435288,3.6332983543778656,56237680321618,65695,112.77641666666666
-0.035658881688215224,0.8774707482879647,0.7733399006324801,54612447730189,2991,5.13455
0.29763276904423386,77.97028245709721,56.59859670553702,44786280686027,7577,13.007183333333332
-0.002911731379059098,15.821409153865543,14.358976545266247,69715337192233,19323,33.17115
-0.022638883223194902,1.5036085448640082,1.4288524648551009,37397146099627,3108,5.335399999999999
0.003364488160097289,27.32363476866615,17.550217823080114,25105464723560,2960,5.081333333333333
0.16293140613149643,66.79685229905989,43.69275870294964,18408115505669,54414,93.41069999999999
0.007380932739159752,14.639518281869146,14.121841663197536,67719638801635,9966,17.1083
0.3388800362667936,69.58776208870027,53.84958313807545,26297399079266,3725,6.394583333333332
0.6210145351501968,23.21392217531214,14.994731351000365,39344103576767,9760,16.754666666666665
0.6858089933485398,16.51455123131937,12.441137329050937,69181390268287,18687,32.07935
0.3338560684012606,50.28048118439059,32.38734199942306,81066538150554,3793,6.511316666666667
0.6611965586653673,4.099030168959717,3.3178652257652197,38235647489982,26420,45.35433333333333
0.2865690510530212,71.96976314879788,52.88144674031018,70360265519850,3248,5.575733333333333
0.03083857713122963,14.45923379041103,13.850028007834865,5394213925575,4612,7.9172666666666665
0.08529756323235971,26.098134229247215,15.500035243357477,69076115541642,3896,6.688133333333332
0.5209905590695506,5.171659329448993,3.8341760912124183,85104975394565,3446,5.915633333333333
0.0026112129939035336,16.143937389732,6.74507817892245,62794222166312,5552,9.530933333333333
0.06132200918304307,14.75366935927841,14.119243051770034,63841850644651,3995,6.858083333333332
0.8380382112333786,26.758111711851786,17.725735947124797,83364152880543,22294,38.27136666666666
0.44112060025707234,66.53660161284184,49.4086943959554,45644500066380,11250,19.3125
0.16140632925147375,7.511277725303925,7.318828412436746,20677309847826,17066,29.296633333333332
-0.05050170095972717,7.010665786321056,5.988796841841429,77824074777080,12162,20.8781
0.12084243698352623,53.56586533452605,42.74712479469811,11761922648283,19025,32.65958333333333
0.05593062089919759,29.15407865526577,10.895307723952726,11161318058760,18786,32.2493
0.09891473015727116,4.327135482569726,3.1681011801007384,15345871870366,16514,28.349033333333335
0.019980043082020945,57.78094260065173,27.12995824117667,24866914622212,18781,32.240716666666664
0.08023637091320207,3.3994531751570745,3.3327494541680704,52094417865900,64460,110.65633333333332
0.015316236813520952,1.7376137230801074,1.727051663936529,68050255178887,5320,9.132666666666665
0.7548128066597062,7.5347669093680985,6.9728680809905494,92196252576058,3226,5.537966666666666
0.07337221855074716,1.1418224331962097,0.996873861148363,51953442792171,3432,5.8915999999999995
0.8904115346280255,10.231033733761372,9.65333414070239,30534150503589,6341,10.885383333333332
0.6946552773590655,9.38090778050326,4.017704863231608,49968777965279,11459,19.671283333333335
0.009453710053467151,42.5412628165999,29.1643336339193,8599707186166,9313,15.987316666666665
0.08551893575503322,25.79391115616731,20.812479780814343,35051848908950,8279,14.212283333333334
0.7601613252494148,41.81254368995161,22.459438535496353,59830612241133,10965,18.823249999999998
0.08169855517623546,26.770112315465216,17.043244265138274,42615835130615,45190,77.57616666666667
0.02421213150484723,28.48300991312811,20.878038138443486,47052459491644,8564,14.701533333333334
-0.0847380439742685,10.613306752369487,9.041921246289258,71686875859295,5020,8.617666666666667
0.09270995310396034,16.11762786734502,13.815706251299932,18600836506472,68593,117.75131666666667
0.008987071552932666,1.145883518637706,0.8852101441264774,2325699478031,19003,32.62181666666667
0.06270833193821419,37.11412353294044,29.914592838496645,53165892007499,19138,32.853566666666666
0.02794163386780159,29.545905147496804,21.743590020455457,80419952987196,4220,7.244333333333333
0.7618160081233876,4.88554891735252,4.190461666476072,70578400077587,16411,28.172216666666664
0.06750827030626111,2.6204514815386752,2.5794580417580844,57159761926311,46760,80.27133333333333
-0.5640917144660065,13.505847446816889,13.405140179146464,52375492874983,25759,44.21961666666666
0.43129677657559484,44.71525261110844,28.657097148766553,27814565750577,24451,41.97421666666666
0.015030237612702418,2.345121906900004,2.3193673901108496,73540497026661,5167,8.870016666666666
0.0808010930287027,3.3850327768415416,2.0490204708603583,51653930497639,43714,75.04236666666665
0.3630510042587145,77.4636139711035,52.57878025173212,69940901141930,11546,19.82063333333333
0.2526759580992305,72.29889048000999,57.21552251950659,2374692223623,3465,5.94825
0.40168432227145084,35.082805429606026,25.775344946365415,3049674578001,9153,15.712649999999998
-0.012813706239946678,9.088878950318739,8.58336651619432,2978602299403,3201,5.49505
-0.009645936300245898,4.380825855417045,3.5436745755840655,13816019624570,14047,24.114016666666664
0.1050609227762738,2.491901473778803,1.563006449385155,31028148775580,9769,16.770116666666667
0.0032253572362083583,1.9609798109954952,1.9428067783800502,38040778438207,4657,7.994516666666667
-0.0069248408003949585,19.479319194205992,11.533650960733127,17967296178471,17650,30.299166666666665
0.2695853851801899,77.48313984916564,61.59901730291444,40667572264560,3536,6.070133333333333
0.0077229727483969154,32.78343107177056,22.82987504783491,39467003123905,14684,25.207533333333334
0.37199830934788947,59.51377233318871,25.450415722817787,57861655488469,9635,16.54008333333333
0.09168630620984916,6.4201073455195115,6.378936231620246,38656708413946,7267,12.475016666666667
0.5843349217109209,44.82504956161879,19.755237716166096,9289088955013,6329,10.864783333333332
0.0255202168936752,33.93228225392943,25.41292183052942,40135267055376,8063,13.841483333333333
0.3439102886399878,7.612990470773744,7.413107283615645,5964221877452,4642,7.968766666666666
0.19464173257504255,19.971316292933754,14.621181324691628,79566054692101,55056,94.5128
-0.06333219045494852,0.6683715782162948,0.538935089016385,79580638093503,32143,55.17881666666666
-0.004012138117066162,15.934688856915379,14.632503195936774,28709444140909,18527,31.804683333333333
0.016232853451066242,42.37227508564118,29.777300336738996,24029043189468,8709,14.950449999999998
0.8534585949344342,3.4969729771055036,3.2386882881685017,72055184650033,31106,53.39863333333333
0.10793541091904314,1.020748971661123,0.9834021237428344,64919200803651,22926,39.3563
0.13354901656272875,10.104544475887192,3.8871775560155326,17803286403976,29373,50.423649999999995
-0.0027643298918691183,48.36256517066413,32.45685118628005,48004960413155,55835,95.85008333333333
0.19985186410098335,57.437636051846056,36.922145072295876,58946650400818,45017,77.27918333333332
0.7372513320377274,2.096781496053893,1.612868478897382,53212822170756,55853,95.88098333333332
0.006795557576066265,18.35977948735278,18.35690610938602,76562739143093,3744,6.4272
0.04071428403499024,61.9522538381106,47.442151276531874,20385403196542,64838,111.30523333333332
0.3868444936011855,6.510175542009112,4.353347754465376,80707967997209,9115,15.647416666666665
0.06385859470922235,22.911857409872788,20.733668736745805,49818131054804,3911,6.7138833333333325
0.3229045197431933,72.3268089253281,56.16621596069443,78759676900536,59999,102.99828333333333
-0.05620797316992751,2.295060035728519,2.2706191745080933,87205340670925,3414,5.8607
0.2618767989583507,20.62693141749722,15.247504744190453,65433833177903,52635,90.35674999999999
0.9269180825880821,3.279185938294685,3.000403673499764,9062245335450,25430,43.654833333333336
0.02142683640870421,11.994886425865214,8.615450931415909,48530934467827,8107,13.917016666666665
0.07897018458908064,51.50487002635437,37.49400410016439,66618351120750,10366,17.794966666666664
0.0030678824462073515,33.64320178478452,25.681813805588153,50193835287278,14875,25.535416666666666
0.5991565491427014,11.627870458753991,8.736039376034054,29482295977018,58439,100.32028333333332
0.11427507623024907,30.86111126203513,26.242327822702578,50351992303454,11387,19.54768333333333
0.028844266929785603,54.64947296331985,35.94533568530161,74618731636380,38915,66.80408333333334
0.28747871759303995,64.26114260188399,49.80905600313781,73618842627273,30333,52.07165
0.6361276478862478,70.8075080010329,63.6754135324449,80110938408691,15131,25.97488333333333
0.5201275719901209,47.53942778668992,31.418598442601823,84536760235341,36678,62.963899999999995
0.13655762057040036,77.26702939701013,55.176260555729634,44317307973280,58479,100.38895
-0.0004835616318330621,32.89917758492774,26.637012617565336,41654522845867,10500,18.025
0.05946484481679548,68.51751221955682,53.00794307426883,3890054255239,35067,60.19835
0.05666649920002858,18.37500434645879,9.584030785210638,83511093592204,16391,28.13788333333333
0.18825536311997698,13.03083325748576,9.820089134281083,43928085719665,65252,112.01593333333332
-0.00974051159876884,21.289814153057915,15.80749389550235,84883313378567,3263,5.601483333333333
0.7206983215387434,4.679249466913225,2.4404237991498783,11130876917940,46851,80.42754999999998
0.5406338271181073,43.97508846289501,30.270875574753234,31749924536848,32288,55.42773333333333
0.4076381554553537,68.04549524910207,47.07230401246291,19828568534504,16227,27.85635
0.34440887454501595,39.12658667437236,26.614056275419795,76855466663946,6888,11.824399999999999
0.5769000116482781,58.089332243617704,34.492610637231486,40034767241983,50471,86.64188333333333
0.028199523504683098,5.859405168800517,4.665792795104266,56611983852587,47381,81.33738333333332
-0.012120733817636651,23.269007394877836,21.579570993424877,81645159910191,20205,34.685249999999996
0.13902492034919892,97.06620946373195,72.50087662857501,636052198294,4998,8.5799
0.06592202311809935,60.92484719632634,21.280338203540524,46118411925259,30836,52.935133333333326
-0.009927391554609071,18.479869378913502,11.030650754074212,76722524975416,9028,15.498066666666665
0.00454248980623944,14.264250706532467,12.879498624968043,39624204823578,17766,30.498299999999997
0.588819471180491,2.6920870294253545,1.6700931421986958,55273345240288,60664,104.13986666666666
0.001935973710983991,36.85658135786594,28.670015435349235,2558169980859,22485,38.59925
0.027936996960988874,39.489726736832914,26.523694991421635,75109526963386,8888,15.257733333333332
0.14369290325770617,2.8576098160088357,2.6570608678818677,61596839250606,10265,17.62158333333333
0.5091328694362731,3.110047451363475,2.91849273973011,62260614685346,17596,30.206466666666664
0.17660350144772824,78.11951377421106,63.35179554798967,1229419483190,3419,5.869283333333333
0.0035729175124270722,18.507110746579478,16.845695353811085,39178687910836,16922,29.049433333333333
0.5103694152149957,62.13268259505821,47.80459059984066,63988719234574,13869,23.808449999999997
-0.008011660070663168,2.389956328002072,2.3714905333312686,56858287160949,3236,5.555133333333333
0.2038883136712833,81.24114902205525,73.78322044595714,56561995382332,68104,116.91186666666665
0.3948466015000418,203.69470278549622,171.7471489600205,71815554471127,30750,52.7875
0.00033847383514836046,22.469461729821653,19.83467817989643,29680471955350,23314,40.02236666666666
-0.013202614389257772,20.730613774786242,20.727450587569503,44634641055960,4716,8.0958
-0.0007412426606321357,11.257386263685527,8.252332688707234,2492231613597,18653,32.02098333333333
0.9095720423929069,1.9447641011208128,1.410826589660454,21819337312677,22406,38.46363333333333
0.014850488233598599,23.448239306819268,13.977091015317447,78004155552205,17583,30.18415
0.25527725460318623,84.66471755614522,70.19337252430444,54754758441758,3463,5.944816666666666
0.010306823615208346,12.699772746929122,12.666540285362158,73874605815352,3145,5.398916666666667
0.6162884486237434,37.168809947536964,21.8164979065184,13141400366217,30820,52.907666666666664
0.47584413794127045,38.261378359273884,25.931201943141303,41348457973980,22906,39.32196666666666
0.5063875103148097,42.56725582735073,25.96696832487457,21745791560482,37876,65.02046666666666
0.07948341059713263,48.5049635335422,18.806969163710242,81789001836591,11398,19.566566666666667
0.5220908150947339,6.939406463447996,6.134592557950458,53431378893821,26089,44.786116666666665
0.8530371324171921,3.149878427684936,2.4038280182177667,83259955321895,22922,39.34943333333333
-0.00046873170428764584,11.678244079634483,9.684908349670597,13467018066268,18743,32.17548333333333
0.33205601731333517,22.350560625117083,14.53779696531725,2936062119488,16352,28.070933333333333
0.00653131320187902,44.05396982488944,22.190649292290047,34964582496621,55429,95.15311666666666
0.023161322272528775,37.83160637880941,23.983250631593986,74769704283924,8757,15.03285
0.6295077981631526,2.784251499669962,2.1991944867923934,54140810416144,29012,49.80393333333333
0.7286354285490912,53.671384255152816,37.33519360483549,91719933837607,29723,51.024483333333336
0.6019634326342568,10.404992848098045,9.944165736563722,40270289068830,25603,43.951816666666666
0.7926859252871244,41.91606782514648,30.880542693712954,76710174399901,10311,17.70055
0.290916401215728,82.01276649595263,68.91428617289448,37387378483387,3379,5.8006166666666665
0.04533902440941088,8.861491239153652,8.587039574667788,22695376423018,8047,13.814016666666667
0.0979454039310598,10.825267065042036,8.468467763810335,39808300179352,37399,64.20161666666667
0.789795327681802,21.804299954026067,13.719845773586778,87357631317740,5837,10.020183333333334
0.5695085067967446,156.21265715257385,118.81740032408534,67697311560220,9425,16.179583333333333
0.06695542011433238,7.892227227935968,6.806954725264673,62325634482010,66651,114.41754999999999
0.07637589956521447,5.323175150790154,4.448449240238916,7127007737818,6532,11.213266666666666
0.07904276055726836,15.282859124524958,13.92735355447423,46431558170674,19664,33.75653333333333
0.10646211394395526,108.76176875557289,96.1703494838793,69769572758985,26603,45.668483333333334
0.2532665803430003,38.461251064124625,29.57929907904731,36584301405914,9477,16.26885
0.5455887607700962,41.99216076566423,25.751340227291056,25964916675011,27625,47.422916666666666
0.4635338230634343,1.042859735223431,0.8379873404702204,43743242000353,32557,55.88951666666666
0.7040473304817603,4.52738886546186,4.343406259560524,9198730221273,33285,57.13925
0.37271283755742224,41.0575147888947,33.0692253929594,72515936887210,59733,102.54164999999999
0.45635089275420865,2.069462056604123,1.9899716203766318,1982404095529,9867,16.93835
0.01249806259927783,1.2558340795865697,1.1828734373792689,12162740565322,3008,5.163733333333332
-0.010817830394931074,3.069734800014363,3.0592450969970457,65171952496284,5922,10.1661
0.05764728242931983,1.6294584922523985,1.1917127669161007,21631587952861,52055,89.36108333333333
0.8712505343317831,2.1092642335681906,1.750622973535938,3384455854356,7214,12.384033333333331
0.3321571875882749,30.596113398356316,21.650804837929574,78221276046721,54522,93.59609999999999
0.5829960407272894,44.38819502165783,30.65259121534839,22527084653727,31543,54.14881666666666
0.762185580602922,42.37600203118259,31.44623638756145,40855817891311,11272,19.350266666666663
0.010500358829580678,79.0575435867348,63.97743336625814,3410877809895,27889,47.87611666666667
0.2030765316295442,5.156602142024053,4.2038585082441555,45650984693812,67421,115.73938333333332
0.2198545720469948,39.09039839181714,15.930985882784494,68030883720702,8260,14.179666666666666
-0.026005374875642185,7.0831746555774675,5.93728524011849,43313964462533,2921,5.014383333333333
-0.04672965769970212,5.481066518609922,3.823801264314368,4056854588435,6464,11.096533333333332
-0.01876804296099433,8.788461977822871,5.951375976855566,51345830032230,16557,28.422849999999997
0.6288610495005308,31.4175909167999,22.698190940239414,22295525901912,17581,30.180716666666665
0.335480561130133,34.36434054633742,18.549309056037,80098397914822,58413,100.27565
0.41577663853149194,30.473373758233063,18.98423537232857,48029143943450,18073,31.025316666666665
0.9036258005185566,40.71292945407721,19.67851657495413,5240202625882,13279,22.795616666666664
0.35966652397845167,36.44182780518266,17.376033325152097,8347931163100,38838,66.6719
0.0027277678730664007,20.866320035416393,19.85030492324308,24139239347486,16835,28.90008333333333
0.042396007693704586,38.041457726006456,18.978930590165,21038672103564,35784,61.4292
0.6269701170904953,49.68572820574661,31.296940920842406,81740832136541,12080,20.737333333333332
-0.12944429028943463,13.7327711735165,13.213642044819144,44577395681672,15629,26.82978333333333
0.17428299286379767,40.0933710510901,31.301992950375343,67357406824081,20231,34.729883333333326
0.021779326865059675,28.89068976284481,24.053170452515285,2557661062196,4608,7.910399999999999
0.00012230749234856488,14.249676458049537,10.566472899404502,66798646394237,56107,96.31701666666666
0.49238821873820954,36.82477446681318,29.087952917314635,42592054120710,40025,68.70958333333333
0.006323987940017553,9.684959301324383,9.678966163155929,49829507323382,4409,7.568783333333332
0.6480508918938295,50.17623665303667,31.34562549453021,16427058187000,12988,22.296066666666665
0.8339976152764008,62.308267017624736,41.97505420557185,84720318046602,4842,8.3121
0.08640651851788897,27.63204489275021,22.600502665656897,44598809376069,4046,6.945633333333333
0.005989596483322338,63.291888722685016,45.723167780883045,69172087607096,49598,85.14323333333333
0.03003476414639153,30.478468611782358,25.118900434990753,69926182991801,4673,8.021983333333333
0.48831493545977356,38.56471038537779,23.571899510844244,60610610160000,23196,39.819799999999994
0.021042712370350165,97.66318376488883,75.4672183590991,61024030543842,4679,8.032283333333332
0.026372179369826387,12.316379340827174,12.145209740762906,1800669844199,3794,6.5130333333333335
0.17568107297900235,88.14966737834497,70.8437623405504,21317409055974,4017,6.895849999999999
0.22479924861879527,7.116030501689669,6.051322981961482,17543650861695,42051,72.18755
0.8113255646058305,71.65506794635981,48.785555081257094,21351703491008,3153,5.412649999999999
0.005088870104630171,34.75305648769391,26.41279314819739,44351090613419,28473,48.87865
0.07689681132253914,27.141210743037348,17.571777574378935,15542372387275,44717,76.76418333333332
0.4973987431796715,67.71297556038,44.398435799836555,326425572614,4290,7.364499999999999
0.48088663698480877,40.88827770829717,25.515440301963935,71729520456861,24122,41.40943333333333
0.07601189385597933,54.63156358281292,40.84409935960043,63562393628541,37129,63.73811666666666
0.47990943478533776,6.649169526667968,5.8265747500876515,68163631918756,9161,15.726383333333333
0.17030124270660033,36.77999676407958,34.429553958371436,75880587038012,4624,7.937866666666666
0.09381301932181457,67.25507752464243,51.90801207355956,33411937167228,11610,19.9305
0.06481572526413594,60.649068135159936,44.21125203473427,83575777708035,7161,12.29305
0.004234119857723706,0.8083513423546692,0.7224541521940615,7189335394604,5547,9.52235
0.3385196443614705,8.583703649913286,7.740904317160577,88340365203959,4447,7.634016666666667
0.02952504173437455,14.070632391645233,10.930007907034373,3440180020914,19672,33.770266666666664
0.020956899877628065,59.49273449645774,45.43941941104829,26478285343607,62598,107.4599
0.36951148094216096,0.6726345875352971,0.5888739457569377,7847591243190,15252,26.182599999999997
0.34602740312450325,35.26170505751636,27.183707503987627,55673529624909,16607,28.508683333333334
0.019371822501602062,225142.59754104743,198739.43359195787,17987590095111,6539,11.225283333333332
0.5286175561431335,45.217159347458576,27.780788891000395,52041217220107,34098,58.53489999999999
0.5473272489032818,42.079317933942455,26.411131349096603,65447532995723,24906,42.7553
0.49650310991272173,38.42755853523594,23.481701550338975,32330602814472,25007,42.92868333333333
0.02285554734313718,93.58640862472234,75.89963333570543,69434171643196,63333,108.72165
-0.01322955750163,20.099678030585988,16.443368874742486,85315883969827,18403,31.591816666666663
0.5303054222295026,45.40379699183408,29.929679447413008,78172069053192,34533,59.28165
0.006003317584220544,18.456682282680113,10.306880961315242,80290448487576,20749,35.61911666666666
0.38787097327996284,1.9091929754472177,1.5131352403744371,80262030905857,56415,96.84575
-0.3605379728655762,0.8295546370295938,0.5608802494730873,90475691894802,51547,88.48901666666666
-0.014144010311076054,19.13402229639076,18.053960277287707,59065974984347,19479,33.43895
0.2692220751977978,20.419179733033726,14.401098543676087,21659446702424,43819,75.22261666666667
-0.017378345449655514,3.561339567334379,3.5085105111389687,89203165120533,5810,9.973833333333333
0.007030136690264473,79.13129486957963,52.88462031646755,89785950589939,55934,96.02003333333332
0.8875001148758177,3.3220314854927815,3.1442322564443312,16071577637025,7042,12.088766666666665
0.46274423541176835,28.837161869357345,23.894313828453846,60810007899415,66530,114.20983333333332
0.28138481702055346,4.819594101816896,3.5068000816286418,48948739749819,57481,98.67571666666666
0.1298390298134095,68.72810720830985,49.37864781306993,9775991204980,8985,15.424249999999999
-0.011929965674597552,4.543891299022413,3.980365748782518,89146348716158,11293,19.386316666666666
0.14420132161290988,56.99011189308012,35.928803622030166,33599068059682,20142,34.577099999999994
0.09032684841978933,0.34611116618791754,0.27850970366496597,72298525659529,4504,7.731866666666666
0.05770734849417073,73.62482291404295,56.48272318883359,14605242776100,50620,86.89766666666667
0.03929153577786194,91.29133923808118,73.478989101472,65452232250702,8356,14.344466666666667
0.8336506603047974,45.96613772572689,28.084197858785437,84551939569699,5725,9.827916666666665
-0.107961614314212,11.654271865273222,11.543228633075788,87066916061020,38359,65.84961666666666
0.2592494831018191,68.87730896050343,54.157220792712344,47036840070387,39432,67.6916
0.01738461017876834,18.676913232107157,17.323423845690023,36411867288179,4863,8.348149999999999
0.007074570041684222,3.71180844987843,2.786347603489315,75331715528972,15529,26.658116666666665
0.014137534865314706,18.812727663939576,11.367716135909127,76393036930607,17820,30.590999999999998
0.1587680008384606,49.535700211495744,35.22843723004139,78978924626535,3841,6.5937166666666664
0.4543689003750605,36.00521068860617,21.31428348834047,30229560280091,22540,38.693666666666665
0.34283272652613805,105.85593929748498,93.6807944688021,40604995598475,3331,5.718216666666666
0.0007795743704065833,22.881690797792615,13.10045946897331,41042300031366,36335,62.37508333333333
0.20455266158061,0.6105127011717169,0.4772638090258671,35047020257671,14297,24.54318333333333
0.03593169469006623,20.286205282221484,19.01278134944495,21086899823002,20030,34.384833333333326
0.014362742785434122,34.81682065801673,25.39237602107743,74417934676715,47841,82.12705
0.5570872606236574,44.26159645574979,27.171377763655737,70112555150651,36009,61.81544999999999
0.8782358615287147,12.240003516102863,11.586344306290645,35823791006505,7220,12.394333333333332
0.37990869915459624,37.476905590588444,14.975231039275195,40951433659738,6083,10.442483333333334
0.04595253712961054,9.536354914538835,8.48625130814371,7092429710162,51478,88.37056666666666
-0.01427360752991518,3.4916677440859547,3.2296348633554244,70084558975026,36247,62.224016666666664
0.4843839617140932,51.06690368109732,37.49298571866189,34790328718976,11318,19.429233333333332
0.07208750780939092,97.66995141968835,86.20275994658213,48128248491255,25605,43.95525
0.17491630190046664,19.521077198218418,6.903928784823145,46807611218237,16353,28.07265
0.1786369700856382,43.565299227310824,29.541642852354386,32785753638009,2989,5.131116666666666
-0.0037219077673097023,19.54776322561682,11.317524697558827,40596702532636,18071,31.02188333333333
0.22111606909850182,1033.198091025885,839.9299160784159,58806936474550,13905,23.87025
0.015173484830600837,88.32905076039215,72.00373932571581,18748463994790,13019,22.349283333333332
0.13027345532412427,7.426101134957852,4.56063249265763,79994289539992,19402,33.30676666666667
0.44579619627871564,87.75977377424749,57.084557734091746,35527073347710,13002,22.3201
0.39365359650959775,71.17255977187318,57.44495347657861,18363006046842,3410,5.853833333333332
0.006593297144983792,22.049116541048875,19.703141278190436,3942362806120,18108,31.085399999999996
0.16295993480256013,10.545222766905868,7.2629897255327585,72163872883107,3698,6.348233333333334
0.6247091482612291,1.9424445619829265,1.4966154627478732,75466637741455,21166,36.334966666666666
0.09844783634756196,102.17694296223544,84.42399700999357,85356903954121,3707,6.3636833333333325
0.5859216079284516,0.777925874695264,0.6705758907326306,75476753061293,64274,110.33703333333332
0.02300078563764572,450.7167383503278,366.49122646250373,23277673508490,41326,70.94296666666666
-0.01840117616369296,2.3136166148368287,2.2907273157201584,67289307987290,4545,7.80225
0.5984977552511794,15.369224163644512,11.902140897845321,50840692158274,31639,54.31361666666667
0.8696257658946398,2.049215308274544,1.630216976903021,13677559121760,14255,24.471083333333333
0.016967137862176594,27.580227881483676,20.102759356418773,1480279896738,9245,15.870583333333332
0.1965185267393954,8.50281608815901,7.885462873592413,65045246015984,3699,6.349949999999999
0.38868054460501994,35.66953420601281,23.663020176027544,86758827439092,20477,35.15218333333333
0.59485169290761,68.72179287336577,40.32606084893669,75598736839726,23794,40.84636666666666
0.3748390959795696,39.12305193492153,16.234919060493294,42042890061243,6682,11.470766666666666
0.08302116554574407,93.07548463204836,75.01876100020843,66882220475069,34392,59.03959999999999
0.09607656104921874,2.016407209455262,1.289927677612793,63307875973999,8749,15.019116666666665
0.5223363278854295,40.264756776774846,23.982934844285484,90427695131634,26544,45.56719999999999
-0.47624524905052873,6.752290174392419,4.486889880354412,53402968529222,32930,56.529833333333336
0.15787984888947357,104.45141758346439,82.34954403554435,48601611372817,23982,41.16909999999999
0.11561774773274432,98.30408203415864,84.34038683657188,78664931184005,66323,113.85448333333332
0.04937713388350281,18.44263510877695,10.871017738185046,12848431978128,9316,15.992466666666667
0.2811996007906734,74.50787588242017,60.15328285670182,2647990246304,3386,5.812633333333333
0.05331033788963698,47.49214102068643,24.252015576145126,6330587225612,13462,23.109766666666665
0.5255032397271882,44.10604673692751,28.31991269111936,47988815419435,34657,59.49451666666666
0.8030309853643464,42.68983109861587,26.87481487150055,34732235340293,8821,15.142716666666667
0.26521728708211567,13.80889656194815,9.182405308345814,5447144541306,14026,24.077966666666665
0.000684321722998553,30.660143411226045,24.680767121580196,76810493662204,4657,7.994516666666667
0.07749786033236623,57.77056225563459,45.82263503563356,33401913921589,34540,59.29366666666667
0.25078909625000007,77.66745773266476,61.4769708355021,72600151225692,3864,6.6331999999999995
0.5762034712780462,44.51083968524523,27.764929074064888,86535781350342,36381,62.45405
0.2749770342360076,57.317432904230174,47.99161146681037,87092179410586,4939,8.478616666666666
0.010313216555444638,9.951392867930794,9.843436609063266,63335493830179,3025,5.192916666666666
0.3300908639223465,10.760260828363856,2.2749072041402774,57188952934513,13328,22.87973333333333
0.01807935082686816,27.13995993181118,23.268466735483084,91360492969690,19931,34.21488333333333
0.21686796983616582,32.15778504894504,23.36719830720338,50673148033870,19553,33.56598333333333
0.2973562876223873,54.93766092337966,24.72641180863711,36963175321560,8637,14.82685
0.4860939532242482,43.75648228026406,27.968857567222944,72176347422785,23763,40.79315
0.6358632289977529,4.6043758262343,2.6968418534229883,55936719431179,51729,88.80144999999999
0.9106211415953511,2.0903046849365485,1.4019860013848267,5892198591330,21791,37.40788333333333
0.5469287831001511,88.90147672628775,74.62825270317047,72299412741018,16544,28.400533333333332
0.38395386410766585,39.174088589247695,13.903135295421896,42752252956556,18354,31.5077
0.1814351468443141,51.91977070034512,38.80321672589275,73317938640850,56201,96.47838333333333
0.4506318034332644,43.338967852591146,27.321591072842324,26592882800846,25053,43.00765
0.20261918149998612,35.29170131747463,28.782848392671404,92118763144536,3426,5.8812999999999995
-0.1430142373061753,5.5070329085579806,4.531390529786488,32504501385310,4585,7.870916666666667
0.8184147622088598,3.606881854379151,2.620990512126499,16335606608133,13151,22.57588333333333
0.03157599948724187,72.56253971670785,63.53084973793803,50554287354083,22747,39.04901666666667
0.708822573952616,4.642919839588066,3.0016102075218973,66176755201826,7996,13.726466666666665
0.41579600338392586,3.295150260559049,1.8946606778742066,70427858312989,24481,42.02571666666666
0.19972116542000676,8.72499378733815,6.3252376389193845,342628911629,18480,31.723999999999997
0.20819414660200963,34.63075318552391,28.93443166469513,41285841957506,20488,35.17106666666666
0.1302248827069397,37.40212360715883,16.12962997995675,69352402667434,8446,14.498966666666666
0.5143913965897139,44.91878196054335,29.44005208359639,88906684818581,31226,53.60463333333333
0.00871343191873018,3.052530474585904,3.024718032173263,47697549957800,2943,5.052149999999999
0.048944023605943264,83.2672753149384,67.2691403323762,16764780443843,37290,64.0145
-0.053209488719934354,0.8369228086074044,0.3559397395745854,39285883656390,8326,14.292966666666667
0.05167025751893899,22.251213339799744,16.907368325435026,76661652227217,3170,5.441833333333333
0.05238112688218446,41.40355197961242,26.778445366817945,78232394540891,8941,15.348716666666666
0.17493041333194573,9.57622250094537,5.772896330769634,671873953054,36487,62.63601666666666
0.12737624913185747,14.94719936381242,6.595333005499738,43415567423904,43749,75.10245
0.04108072040995601,58.627521532502044,37.11526970498486,8632992044633,42318,72.6459
-0.0011987497009457748,3.9062657162333534,3.2843470724631567,37904991771386,64774,111.19536666666666
0.539348536984852,45.94492407766161,28.45187141066555,8872494595984,37247,63.94068333333333
0.4591669325379097,39.3146303915284,24.689762229648963,11408166837183,22002,37.77009999999999
0.08655910358913331,78.84034429830326,65.48247582627512,15897498866765,2937,5.041849999999999
0.04489351864013607,17.73942857452955,17.73132891484581,89998887342727,3862,6.629766666666667
0.19654468271936648,15.237575886435684,10.018362502320507,89880591803585,10955,18.806083333333333
0.023181175796714696,16.94488372849558,9.591109930531031,23662300596624,9723,16.69115
0.166363081910465,44.96987801442263,32.05833892316102,75244393258492,11154,19.147699999999997
-0.012073955324577133,2.2745274020421054,1.6230174253140457,13884253112680,37281,63.99905
0.6028567684105185,47.5822968371536,29.306053528638802,48329885295386,12010,20.617166666666666
0.23575223068143825,9.15797713287963,7.2814678545534495,85612470071307,17746,30.463966666666668
0.4770551471885574,38.581739205532855,22.910581413151096,3885292461212,23028,39.5314
0.4585390808224834,38.501411599061456,24.05593110544336,65247707321639,24829,42.62311666666666
0.0023348122773609857,10.742634480923677,8.211222195599762,21513674737922,19601,33.64838333333333
-0.008721989770023027,19.329698448969726,11.270954182758947,47996833340555,17576,30.17213333333333
0.35138852388487773,2.9612725069332924,2.361200058606973,44633279536353,20310,34.8655
0.7273869492950513,11.116559253728187,7.5583022694413176,10572687628444,12622,21.66776666666667
0.008990958895304437,10.43422549588509,5.2997298288826995,85449549481267,2970,5.0985
0.37117781726363497,34.52760999364595,22.491588529618575,86288120293171,8762,15.041433333333334
0.024596825195126387,11.636462238293333,10.232298096330956,40857074128767,62437,107.18351666666666
0.1671711890347191,10.376307058656355,10.30659756462913,87197070722415,64496,110.71813333333333
0.009562158666818919,21.17280651617618,15.35531953120716,45320300501829,4381,7.520716666666667
-0.00461977954768664,12.087095798188752,10.133839127671255,36279583450305,9780,16.788999999999998
0.14337284351644242,14.63242685471372,10.427510439091131,11520084223029,4689,8.04945
0.050670437239192775,17.7479506496068,10.892171200797964,4663720229476,9306,15.975299999999999
-0.008552595348404295,420.80325870719656,331.452614584835,32536213097834,15486,26.5843
0.20671737912056895,2.456506337869266,2.359789583181735,25993858600843,10535,18.085083333333333
0.05621053478086912,0.5477716235289013,0.4502511722914386,64739931509728,32552,55.88093333333333
0.12571017467670714,16.307426119942093,13.767127362157686,36179654423109,28275,48.53875
0.04702282712192113,38.28788653688504,29.736362660822515,72470812656976,36592,62.816266666666664
-0.012297299027196939,9.093414923061722,8.520024603161637,32395170113702,34422,59.0911
0.29164689665451676,79.40514777881855,63.71683513143415,74767848729332,13330,22.883166666666668
0.5303626875326098,4.683791844963402,3.8989658668589326,84228274283709,25482,43.744099999999996
-0.03833947107213543,22.488220513095822,18.37132905010182,28948985741408,9857,16.92118333333333
0.02266685612042724,5.11933418951304,5.03109576146081,31093244643225,23866,40.969966666666664
0.04141910266379981,79.46938940468316,58.14165466737076,27351426818900,16399,28.151616666666666
0.04421071228311965,38.47895775180194,26.15964606235109,48403017501047,8719,14.967616666666665
0.22825768010369687,69.16508936430307,49.690303208195054,18836268177030,41591,71.39788333333333
0.06659423597613195,89.91113357618823,71.24849782436218,61136861635168,48692,83.58793333333332
0.0849271535569555,31.28278122905678,24.130194003437953,60632941398237,6273,10.76865
0.28721245517315,34.94171705603405,21.291724781855127,71828276372942,21982,37.73576666666666
0.5943155513099907,44.755254893778535,27.5950707433376,7900291810575,35038,60.14856666666666
0.1991086535969701,5.146597920148741,4.0898484532712285,63467638222672,65497,112.43651666666666
0.0816567877845364,4.933166593582051,3.2173226723157096,86365319991992,42899,73.64328333333333
-0.017231287874011132,1.3309270904185346,1.1248441792140433,56807591233601,57912,99.4156
0.2898419009908554,40.09966399623613,17.881307979200393,5442592986067,3453,5.92765
0.09791656688306802,1.0910455660304923,0.7484723463147942,50692210815718,19826,34.03463333333333
0.8531460625214751,3.3624125723340104,1.7428256520131855,80873048963370,18862,32.37976666666666
0.5413405176607775,15.304990887568621,7.382757220046269,45820162202435,13576,23.305466666666668
0.08669716366733166,17.108403543752477,13.914320735171199,1294159827531,40621,69.73271666666666
-0.0099251759939735,87.45554308015973,45.82897708134116,64383854194518,4686,8.0443
0.0035801977292296786,2.2800026791404466,2.2695878168343855,90932672018276,5559,9.54295
0.31379868216478246,230.98011058179446,208.5169982798262,15504805524608,21137,36.28518333333333
0.052534014838561835,19.151817615890053,15.37030895300282,80057514727770,3296,5.658133333333334
0.17715363394459976,37.53835924884461,29.996211425972653,85352515875488,42491,72.94288333333333
0.05171118825798763,60.89544810265199,48.601785370279906,47373967305631,36716,63.02913333333333
0.30907648959112377,82.5057341196622,65.02027991244715,35010510397254,4241,7.280383333333333
0.5607208116403155,43.007417212271584,28.18643681714633,34020628080836,42221,72.47938333333333
0.2660246399016822,222.9044528146379,147.71237217946853,54860743173895,15991,27.451216666666664
0.005078500751277479,25.493277260073466,15.744728604658308,27280928691022,18775,32.23041666666666
0.08231824083109737,6.415658082099781,5.276989872539577,67055433207735,20753,35.62598333333333
0.10906687850696967,545.8462631848952,543.3345165357352,65295334552038,4738,8.133566666666665
0.5132110480123666,57.94282936903137,45.35300352922359,15474326892702,19540,33.54366666666667
0.10077166075695111,1.2626499764602952,0.8842062770850446,74718326301230,6596,11.323133333333333
0.4910235992972929,41.693041887905515,26.488280471692747,62250808007737,23656,40.60946666666666
0.007238199496249222,15.91636250593759,8.625020892315874,80925039663199,25275,43.388749999999995
0.011057372847576004,7.314458495716011,5.78699674571058,33116647750349,3786,6.4993
0.05684293945445018,59.58953884800028,46.22364671003899,62268756436795,37466,64.31663333333333
0.09797664917958022,1.1954210330510693,1.0428064805255026,84539886281158,15934,27.353366666666666
-0.005780953668256708,0.9921209320869157,0.9580694313737281,42533008173826,5434,9.328366666666666
0.07681712875102253,10.846339576961867,9.389613866873235,64562081694606,21286,36.54096666666667
0.0014974493487553754,9.836255284326779,7.796601987956355,47573356047013,15423,26.47615
0.42377622781642554,58.33440778051613,37.76803525264592,31529203611189,13078,22.450566666666663
0.6360991665591547,40.77372249920777,28.18201340203441,61801487275770,5907,10.14035
0.3203999137991479,6.686079394852461,5.3985050847986304,35584903608702,16974,29.138699999999996
0.5099544753364681,58.9013289438626,47.361364497673165,63076462378791,16357,28.079516666666667
0.41264716745704777,2.2816166658206223,1.807827262121003,71551257573491,56761,97.43971666666667
0.19227912981204603,89.1046870045972,71.72322168472607,53532318225079,4052,6.955933333333333
0.03756544469560422,24.529277573936934,14.446739923583287,7721855301132,17525,30.08458333333333
0.15246424907348458,52.530886305808295,32.34866487009981,51541432607911,20796,35.699799999999996
0.09070166735553949,1.9746936557572599,1.930322428891684,78765950910352,16818,28.8709
0.007074095102733846,1.6210422204256185,1.5195075088960928,37206205682961,3417,5.865849999999999
0.0551322319418159,0.7990280582226857,0.5313113897994012,78058065480825,7309,12.547116666666666
0.758165010509483,2.5403033996375557,2.2082651398258824,66017766917079,12400,21.286666666666665
-0.3252257737093573,13.27334614473808,12.968708538321348,75830139349602,8320,14.282666666666666
0.5697424566556386,8.811936361609964,8.10510830834528,71038476127600,2988,5.1294
0.5431694574578836,42.687927864295084,26.623917828019383,70741588377085,27005,46.35858333333333
0.0966895445295426,18.43405874284368,12.94593949434601,2795191193018,25340,43.50033333333333
0.13843512737659325,9270.787745301626,8703.858000587015,55091554500597,2924,5.0195333333333325
0.09642817948757622,1.0128262211218566,0.800535481200259,24607008871322,24336,41.776799999999994
0.07879955753904659,8.005491602003014,5.865041870771694,21634671655836,3124,5.362866666666666
0.06515654904889856,16.39935819768875,16.363890792973404,47493707678071,5298,9.094899999999999
0.5501553518736427,45.7099521106797,27.89481889222355,6496197966362,38555,66.18608333333333
0.5463073293427676,49.38288799138225,33.60261332521282,24794287913873,37921,65.09771666666667
0.5980318953173132,6.477091552725158,5.566461589957229,40961257455476,3126,5.3663
-0.016596390345225347,1.979739686745934,1.957883183914642,86346950000248,33088,56.801066666666664
0.4147389926456362,2.0825641532660293,1.6588471287547237,75369148930697,9917,17.024183333333333
0.023789902271293014,7.607492279604597,6.51824147823647,36325188535403,64444,110.62886666666667
0.9297660917005682,1.9047287802572272,1.3621245414957712,47155128321855,22088,37.91773333333333
0.7679587493016485,2.944603826316479,2.4520114418199443,43129411492092,28780,49.40566666666666
0.01718461353602758,26.23460410033186,13.976322721891187,25823568758638,3332,5.719933333333333
0.06264309074967202,6.676461957291079,5.609064082462367,19150723082972,51771,88.87355
-0.005086852113588789,15.02291116412192,8.750741972133634,84714395327495,21733,37.30831666666666
0.3120642371169536,43.18877380109639,23.36250994027508,33564910591580,4997,8.578183333333332
-0.32439469568588725,14.807825210630561,14.79948779466363,90985512299526,21913,37.61731666666666
0.06713766595987604,82.55876015602446,64.14893738565662,73995475421778,11029,18.933116666666663
0.6498926331216044,40.28292130710729,24.94087778160572,10398694447174,43669,74.96511666666667
0.09917709712520638,3.7345427879574546,2.991041725691809,83807229228824,14039,24.10028333333333
0.003115938000274543,1230.7140390131976,1230.1650058344917,68412805199113,7897,13.556516666666665
-0.017566953420493074,23.410825903598518,22.099503434760695,73781471759085,18034,30.958366666666667
-0.005968616914672954,2.323725158899911,2.275890383689339,17940272118756,2917,5.007516666666666
0.04568117212660021,43.187446836489684,30.139524330673044,84687372671528,8860,15.209666666666665
-0.06290196100410102,51.344215565442525,51.294169637797886,60810142643722,7883,13.532483333333333
0.19075768264909548,55.91879889008863,34.486846033569805,18074180599986,7835,13.450083333333334
0.6535581485870713,39.86121118153027,23.273697787342456,27364363906922,37250,63.94583333333333
0.2742170176275057,17.26650306252837,10.992306426366907,26743713974276,12927,22.19135
0.15925853542903778,22.91017385602555,16.218215273993355,32138351996678,7000,12.016666666666667
0.46865586609636006,1.207116372956162,1.066629648914894,82815147770758,37808,64.90373333333334
0.5711594591125374,17.926997804978477,5.557738829770276,84490303940007,20297,34.84318333333333
0.0151633953487851,22.02970495001164,15.858180431302952,26735363344649,24759,42.50294999999999
0.8681725042876539,33.702486574432186,19.769763117228198,41509930726462,25251,43.34755
-0.028656723232079098,575.884942604075,573.5057766248865,78725171753471,6129,10.521449999999998
0.24624877032472064,91.61268273179448,68.84769390707037,1036201970315,5949,10.212449999999999
-0.005741526448963414,49.564695194874844,23.87672829389813,18725652153626,48549,83.34245
-0.007534384619160397,15.306642583497846,12.079238961064629,79346462377279,18507,31.77035
0.003618062543269019,13.162273476159545,11.658886442801153,21557270863505,15263,26.201483333333332
0.5886600292875667,6.786030730410381,4.906509580211231,57374166784705,7754,13.311033333333333
0.12550271529799759,1.607955438651998,1.3550743004433983,72878068430747,13658,23.446233333333332
0.3042519535050536,96.63987881420516,67.82317955006948,52335388888383,6771,11.62355
0.07713037433667912,0.740199711701222,0.6692658172882562,69730200020282,6655,11.424416666666666
0.7244966152269702,43.214105247880305,29.284181109167964,69460291768412,11377,19.530516666666664
-0.03356881406197493,3.6122776094592424,3.5734347251274925,28693093873588,39101,67.12338333333334
0.420892423830338,29.77452055014487,23.655907442560903,33456542967742,54281,93.18238333333332
0.5535966715043252,45.83187118572423,28.677322526515646,38326021228604,27658,47.47956666666666
0.005151253782452628,9.392021613184665,4.940562262341193,34918413302038,18788,32.25273333333333
0.21312844416144772,12.852773779838627,9.878218498619278,91113224725747,18422,31.624433333333332
8.9919886711884e-06,15.713859311592172,13.365280394307783,4701009566648,18717,32.130849999999995
0.4569537268996657,2.124446166083156,1.9714149285266147,48790793025392,14991,25.73455
0.08725907987219868,2.2088700775442183,1.1751517956306787,13251209701928,26411,45.33888333333333
0.019151194757727273,18.598275282141493,10.935945396895942,73928966080030,9121,15.657716666666666
0.7857269070780641,19.477983683092244,14.257123131480517,76952971869164,24448,41.96906666666666
0.513529322684937,16.984006920368646,5.839982614490794,5197410294130,64980,111.54899999999999
0.49762272551815107,40.21170583853964,23.65944760138362,52770021689841,27123,46.56115
0.6997626041213706,11.125161190929486,10.89672144526071,53919426663162,4879,8.375616666666666
0.44487472107237663,28.4368720404923,21.92218487247188,90661709397631,13810,23.707166666666662
0.3586253135322909,7.059541200871953,6.839012150782519,46211208044759,68142,116.9771
0.4251961641133571,28.0394435851624,17.042436979662565,75408203524033,10909,18.727116666666667
0.10519236472829628,56.040123721671755,38.12650798789384,46060182217394,3247,5.574016666666666
-0.0012172465520109532,20.049005644813768,20.046559298696693,84412376889990,3260,5.596333333333333
0.01983254710961769,12.32468160802968,11.867424632852284,90799461857230,3906,6.705299999999999
0.006535575030662932,86.50632639758042,69.94988153188602,57681664672530,66386,113.96263333333333
0.020393514202037433,10.207561052378539,7.225646544001243,56579093274677,3444,5.9121999999999995
-0.14062975675596898,1.2246026468056437,0.4666440204122792,2626777597128,8625,14.80625
0.232377311274368,52.961550237019416,41.5976247789919,21924248134304,3903,6.700149999999999
0.0381639372895277,8.632131248113645,8.074792317417689,90297580679035,4375,7.510416666666667
0.13044394055340353,119.1036829695785,105.95759645565306,68516768367159,3343,5.738816666666667
-0.017233192067617798,1.0033919673040574,0.9765010476112366,50461008867295,7680,13.184
0.15397980311771847,8.842359328295059,8.35958993838298,24016363375664,29138,50.02023333333333
0.06750113374928773,72.1196617207826,48.91606129020109,4167053777162,21876,37.5538
-0.0033946403638347267,16.385700307706117,8.770964091411804,25321014072316,24427,41.93301666666666
0.031199232862058515,629.4154353870218,465.1126320408231,90346018503293,5529,9.491449999999999
0.34920067808345373,52.23599870948517,40.94269760134174,27477783977947,65255,112.02108333333332
0.024864823130908084,75.93963575701582,52.80483192888997,90090625345078,14431,24.773216666666666
0.023977995041171814,22.263388531795634,17.321244037994678,51597590313865,3237,5.55685
0.6518236373048939,41.884704652800735,27.19223967090849,66284947684465,48019,82.43261666666666
0.007159277182485841,53.02577178488669,36.70861017658722,56151977455009,68175,117.03375
0.03372338919391038,8.591964346627085,7.381545128936379,40174052728549,53348,91.58073333333333
0.06123109306975872,19.422998862808964,10.268076265599621,8867235551108,3843,6.597149999999999
0.053017585922540224,92.20783512471374,70.15878641822287,39426209143222,5221,8.962716666666665
0.2184088911170876,5.226701864334928,4.507677404820526,3171403053650,37274,63.98703333333333
-0.0076592860560284965,2.5432738783228204,2.530522156172343,78488829988397,4645,7.973916666666666
0.041841580644231054,6.101227492902295,5.669291396912865,18900937597649,54621,93.76604999999999
0.002131071758126254,20.68437834771044,19.355941597936997,38268642098008,18590,31.91283333333333
-0.015397648723154399,19.353084321094812,19.350941971490716,26677415341968,3164,5.431533333333333
0.22041805116234417,5.858493603922171,4.754988603158431,62178497568489,6160,10.574666666666667
-0.00330066636269061,1.110953511061044,0.730992060201349,28392136617227,25382,43.572433333333336
-0.0026874698999454156,8.622537991148825,6.853504848869833,1952424510514,4406,7.563633333333333
0.5283242066020497,44.000873866237356,27.596551174212678,30347629234431,31309,53.74711666666666
0.13618685077802947,22.077155161724804,19.854816875418408,27004203414778,20354,34.94103333333333
0.5333092846643176,70.2021159149362,42.63536811389877,50498440510213,11251,19.314216666666663
0.026759813555115856,34.171129637885144,24.61692084039337,22978081081974,24472,42.010266666666666
0.09640947915031002,77.02728756484419,57.854021709790985,79983265232994,26288,45.12773333333333
0.12878936681427877,44.88029996074311,29.878382169134248,21710987416115,2952,5.0676
0.457517857530179,12.03831342740961,9.752609571205518,88083263946879,4135,7.098416666666666
0.49976700866273127,37.69069937377244,28.45984064988646,626130921571,36571,62.78021666666666
-0.6613187725103148,14.054595895771708,14.005099353545956,57788795695561,19048,32.69906666666667
0.8665093581924213,38.81269670834596,22.058420940816948,48928632164227,18417,31.61585
-0.32786013020708815,0.6558661089675905,0.4950580138219945,28658396397795,21747,37.33235
0.23110277989097136,17.923965642811435,13.079342475734332,70206917322612,33772,57.97526666666666
0.478431779705322,43.585358370329814,27.59470734174253,77121830327038,23921,41.06438333333333
-0.004375652057365073,26.158404655684723,18.010648573035716,36639119422557,8636,14.825133333333332
0.07033297090133483,49.66190218740055,30.4364937791439,75581783336894,11359,19.499616666666665
-0.15306652403979853,74.20487978623022,53.07021359952427,24476541690998,5123,8.794483333333334
0.10318011417497637,33.8100573077244,26.660717541394888,83546030378472,20155,34.59941666666666
0.8489803495419604,55.48760884760628,41.59697075946979,45495947849371,5306,9.108633333333332
-0.060485844360863815,3.545625789035322,1.9543348341486533,72090896909240,6487,11.136016666666666
0.46533833953672127,36.03659583335354,21.404259620241405,8029886237779,23834,40.915033333333334
0.046186403310676465,17.30483297800984,10.395858672357374,45201951641089,8928,15.3264
0.06596458294207953,4.939814422876579,4.491201152861848,36520281752160,14542,24.963766666666668
-0.0012660672527544515,2.13571811116594,2.1204302995050637,30499017095130,3276,5.6238
0.5313215235323054,13.454593518478642,10.90770043600995,26512943320242,46975,80.64041666666667
-0.000171105353701494,76.4296513252031,61.331985741733014,12067587738654,45432,77.9916
0.2020776725622246,97.42191977696844,78.43392692385754,53975706415474,27229,46.743116666666666
0.26904050981503236,12.448470111662525,10.239089255876106,55137182644446,18269,31.36178333333333
0.2267590270082191,59.40059950686577,42.17436823211055,42079625820588,7252,12.449266666666665
0.046380056329550494,73.79610478696078,59.72298942221623,64771465096839,35854,61.549366666666664
0.012075285364545682,23.251321665820086,16.30145035775945,49879552088498,3521,6.044383333333332
0.004583887111831308,11.063172577222408,7.2596989428111955,46329213888619,8162,14.011433333333333
-0.45265724552787695,1.3632268893328832,1.099736543793723,70043488137587,52452,90.0426
0.048598177076992315,11.000417334082082,9.440185058922381,66204723679021,23680,40.650666666666666
0.5207860945814704,15.307664794306827,5.81012406941067,69954026617980,66601,114.33171666666665
0.05181352252644729,32.759804955010466,25.58692184111698,18931487334243,9612,16.5006
-0.023655303653478652,2.6127466461828273,2.5925172968412156,75819814915826,3671,6.3018833333333335
0.00865331361201968,16.897868395733187,9.764347177785831,6668436890474,11233,19.283316666666668
-0.028235068399963197,3.2925268121443985,2.3898218420021324,32755363015003,5180,8.892333333333333
0.21085826482358747,47.19964462949964,35.82667792896851,25185454275126,13455,23.09775
0.7795099975305598,38.669527876376826,26.87188506623456,8042035795694,10025,17.209583333333335
0.08561469935967933,4.226557762544378,4.133589474742624,27971293662321,66242,113.71543333333332
0.4676103642701053,39.47626486248873,22.26347867664353,25022617046141,58598,100.59323333333333
-0.014354903557554099,19.107278530208546,19.104392140480897,391557004661,3158,5.421233333333333
0.034589103068375246,31.674520360590154,22.10242194384909,90455440548207,22904,39.318533333333335
0.03998141122469132,21.53524963117456,14.467567415905537,91103111095390,17543,30.11548333333333
-0.017600028441641855,75.03418854179228,59.48511158423733,31858102678581,42238,72.50856666666667
0.02161062583854869,102.80532276183433,78.01086708583551,20400148156609,4017,6.895849999999999
-0.018817360409330432,1.2703269692720547,0.7657662841275975,20956775247979,16990,29.166166666666662
-0.0010991598608376763,4.975235859957433,4.964779140433656,4892610321160,3445,5.913916666666666
0.2559038381713916,2.625157324757494,1.0900684694378642,27739535900920,7049,12.100783333333332
0.07486867387517689,3.4175243084836797,2.6851931274552596,36818630056538,24893,42.73298333333333
0.015074751770708687,18.357612634146086,10.242545307503667,35008090257397,20689,35.51611666666667
0.0598128083242801,109.70391336461206,84.85559370730977,54663087043178,11896,20.421466666666667
0.6142788443553594,77.72414794937134,53.67522322298658,4548235025594,3664,6.289866666666667
0.660331217307689,42.10965044271695,21.243685643403506,82946909769789,24812,42.59393333333333
0.7600783454680508,34.09573741405808,18.478627349599204,73414710279808,7500,12.875
0.0013722958019072359,7.320355876315575,6.728714421958371,19168714647509,10015,17.192416666666663
0.5616708189920401,2.3608400154565516,2.1242314757429765,65492278629515,53256,91.4228
0.03341599387855031,22.31871134833773,14.13689538430084,69355652270166,4224,7.2512
0.07284314739372813,48.37075215106782,30.93791903641531,34306050873024,49718,85.34923333333333
0.3648798894399218,96.52740359492716,66.32167851576955,87456057390750,69756,119.7478
-0.25067538650793614,12.58672838688558,7.242801166079288,80236092275975,4065,6.97825
0.05534235280057185,7.555197424575647,6.351359564389278,34407654850451,8074,13.860366666666666
0.04186443491080506,68.42471012165633,41.44285239933318,57324396109468,59917,102.85751666666667
0.7210892310522629,13.071898602403829,10.589034694731835,43105856697689,25409,43.61878333333333
0.07682565115140913,85.12182581243916,72.6997709112394,53429819453865,41293,70.88631666666667
0.2571226444554219,79.25683928139112,63.56338945653771,16132640993929,42865,73.58491666666666
0.055774312219480156,10.411344234803623,7.667685619330404,3703683202532,45277,77.72551666666666
-0.003284046143102577,1.5447189054878923,1.0924509002840852,91986359505545,19650,33.732499999999995
0.012300380045124631,4.679289911115394,4.139847326530067,15269184715939,66201,113.64505
0.8839569071020376,2.222492500526405,1.5252396275799707,47431297009110,30114,51.695699999999995
0.36939558116668003,3.748682646852261,2.155904000718678,23195071536592,39435,67.69675
0.0107767285581566,36.5240447230075,28.683252590126603,56148765938877,14294,24.53803333333333
-0.022965491580613655,233.86842745722,220.44957584832338,71474568351568,17804,30.563533333333332
0.5084786465472934,47.069518485302844,29.551767059568665,886376806476,32784,56.279199999999996
0.4561952424573072,54.0158187317919,30.282624780414526,31848332713983,3158,5.421233333333333
-0.003776266506513015,2.8338908865728256,2.7920643677285493,7106420245530,3470,5.956833333333333
0.8454669909245126,1.9384067241799523,1.1206888760594307,88865394664797,11266,19.339966666666665
0.007942313863129047,28.102659076783066,21.85439534109362,56403451849885,39209,67.30878333333332
-0.03747278404902016,1.6632351683132323,1.5722417379027123,15820148433793,64844,111.31553333333333
0.011083549229969271,9.090524791507878,9.087883953563336,53837105613518,4898,8.408233333333333
0.3501704706931484,29.890854823481288,20.773471458526068,58442945262517,14922,25.6161
0.002744214301973913,1.3459549947415754,0.6666484374726545,82147860494884,8928,15.3264
0.6799837214761338,21.388964720664724,14.192284409899354,16528735685989,15706,26.961966666666665
0.08113638196804937,11.232634866127409,11.081599750149026,61726904440132,36365,62.42658333333333
0.54286763508175,44.84818558157624,28.868301142439766,25644033991765,35397,60.764849999999996
0.03899236104616563,53.508012282721616,34.14457764321265,86989270449879,10139,17.405283333333333
0.0622946185328161,29.843930689170016,24.23337423729174,51608808186406,4620,7.930999999999999
0.535038126737912,71.04513680008354,45.293354768798096,19143714040643,18843,32.34715
0.01952216955490072,3.1741845042063046,1.8351681546679577,72853792718592,9196,15.786466666666666
-0.039106264830066274,2.8990237508819714,2.8510146515375796,87328846020034,8968,15.395066666666667
0.5598713538436878,62.59360789884725,41.19001037615461,64122923358407,8570,14.711833333333333
0.5822128900210228,12.15529398104735,9.538526138441753,79232888020516,52922,90.84943333333332
0.022139811489003874,36.20317431017863,27.730645420700693,43216775397787,10916,18.73913333333333
0.787424268287329,39.02192289325425,28.291213561816356,44218343066493,11169,19.17345
0.7792458535955069,39.62315433910301,25.53476637468699,27418992543465,11370,19.5185
0.055086319734593325,11.405102349038447,4.968571699928702,83413656714231,19395,33.29475
0.014422626621591147,16.08650745134574,8.878620794328363,57975000176181,22580,38.76233333333333
0.021303651388949553,2.4136553867710515,1.8080074575332121,62204648940531,26081,44.77238333333333
0.5683919954246464,43.29223893563234,27.07589659664764,68737220559023,28874,49.567033333333335
0.027218460063973656,65.328174047862,48.64015289912745,31813554681380,63517,109.03751666666666
0.13680607125925734,100.02597140530104,61.21969567918724,61096628587761,4485,7.69925
0.2167914536260245,36.73227316897813,17.433745149969667,88609927231033,3086,5.297633333333334
0.01772967380626257,21.980398723913382,14.486083047830432,26498594315670,10745,18.44558333333333
0.28966302704372376,329.65810399926045,264.1244679342908,16050417730038,38842,66.67876666666666
-0.010792472249689072,3.591421274947535,1.9906930118773305,75634781478793,63275,108.62208333333334
0.7133361602070866,7.727331053887398,5.186996856500258,73354838732494,3468,5.9534
0.21145856649080896,2.2110665847251645,1.7965514389899673,37380943196969,38856,66.7028
0.0787879661151826,8.125931081528542,6.909330677629345,77950114941350,29936,51.39013333333333
-0.006553297592129729,10.60215017178183,10.597104511741527,73732942175823,5279,9.062283333333333
0.7252389356578238,42.51929754767799,27.422693368117134,62396035676908,8022,13.771099999999999
0.009584469479323463,17.45623816403246,9.964529833214305,89168652664871,21400,36.736666666666665
0.01599702135407486,1.4999383520061937,1.4353940033998114,75550315358407,4464,7.6632
0.3275873540243269,1.5240532892235719,1.0775843518743795,55897307183986,19138,32.853566666666666
0.677567978147446,75.61501637171156,57.2806508240277,81140424006441,39603,67.98515
0.06439660120340913,22.9659643612221,12.826251641025213,91554866476959,3407,5.848683333333333
0.0183862545180121,12.221859691752716,7.0522704232347335,45892771460691,17324,29.73953333333333
0.08563717772231962,17.90196151198526,13.895759084334074,57202264877995,27183,46.66414999999999
0.01557734807181872,81.98779948313997,66.32379061579651,45759203338377,44684,76.70753333333332
0.29712007951575686,9.346415640831346,4.4843378487826,55866290937307,23796,40.849799999999995
0.015259006406455304,1.002607356073748,0.9522621847012179,57694429834977,3841,6.5937166666666664
0.014108415191233441,34.41978248914372,11.664904807813436,7392621508078,9479,16.272283333333334
-0.02041609703586499,4.822085617771691,4.389418083954736,21218954528735,21725,37.29458333333333
0.11705849492837436,27.06265658702476,16.585416658186304,47256290015787,15609,26.79545
0.013952625557432222,14.427474750016863,14.314573485819045,60011314183094,12349,21.199116666666665
0.317644352716249,1.1890845285986873,1.113245068912147,73570127417338,35256,60.5228
0.0022973441534040115,18.400128901638045,10.901425628221753,178326149744,17672,30.33693333333333
0.5454182422639012,42.56940964269953,27.643485618300044,75780333322337,28866,49.5533
-0.2744207479292908,2.347216597256631,1.7777798253654806,87855634559569,54028,92.74806666666667
0.8558153285597526,47.95249450085913,30.501123593947323,3279772288194,6208,10.657066666666667
0.2464314643339041,44.88101277804349,21.98453370075513,90593909583670,6447,11.06735
0.02007198228364623,50085.36752181483,36860.47741976898,19083621819542,11254,19.319366666666667
0.19075638569486045,14.084614730483025,11.107097735157476,79942670586961,14450,24.805833333333332
0.0309006008336111,52.841901334081705,28.726211690953022,60552334412994,54021,92.73604999999999
-0.0024121286921797787,7.917040945538655,5.022664479752202,34461018707080,16856,28.93613333333333
-0.014805141917988535,3.1167357959457784,3.105597895593824,82851941279340,3690,6.3345
-0.0031876493001225478,10.01608121401215,9.680685004695041,28393285945457,7429,12.753116666666667
0.4917646103780112,43.51364895552188,29.64218157240488,9346080281213,23896,41.02146666666667
0.5518680877969575,9.876230917269368,8.877546621431366,75873706446007,4017,6.895849999999999
0.6286695441120574,24.06844431397159,17.02619469875172,21598838783483,11545,19.818916666666667
0.7268329234987165,31.444910739783825,27.952016258123727,9020039466136,32880,56.443999999999996
-0.005578857725927563,18.03740862873921,10.629527086331152,31106577938183,17558,30.141233333333332
0.26839944576204416,72.37083538277524,59.04968649360855,59793752741503,25061,43.02138333333333
0.09332553492320515,7.895180679882678,6.946535434045123,70271043107608,9962,17.101433333333333
0.5196674117291092,0.8248148846793428,0.7408674111181318,10289219386050,13329,22.881449999999997
0.40766979107346335,44.92673654068028,27.790549931314853,50584702571666,49121,84.32438333333333
0.43082716091231643,13.156925039065786,11.738937748675719,90646774609632,30379,52.150616666666664
0.023842260359271304,96.47685992846708,72.81392437386403,31617859862998,3681,6.31905
0.032368379796405965,19.13997454544545,16.39812167044327,23086138589419,58286,100.05763333333333
0.042252152839402944,6.279527871845846,4.540412168866022,79690687215901,9111,15.64055
0.061204595291009786,38.889653697062,23.213848257366795,47197290501020,8369,14.366783333333332
0.05807579716219847,3.7580568891151196,2.0407402680744897,92213493576786,63003,108.15514999999999
0.036266408188869975,10.811315928575329,9.938373216355,55038313572911,22496,38.618133333333326
0.41739250398340244,76.91833224936829,47.55070675778781,5122350820964,3955,6.789416666666666
0.05715815232140609,20.25231871355115,17.795339356707853,14638333876430,40268,69.12673333333332
-0.009088918123227879,21.243329532628174,18.792416176901956,17148953296885,20109,34.52045
0.22259303311674297,19.14073631174919,13.40879875577766,4986358216395,7172,12.311933333333334
0.0715124943285591,9.37089813550402,6.4962205992221955,86318210090335,19095,32.77975
0.49339849928922774,44.32542923317585,28.617070109220005,5005829431553,23563,40.44981666666667
0.05169030372933426,76.19387352845182,55.76110043420752,74740688782607,17448,29.9524
0.01962893800660212,84.33759180722554,64.52807640564923,15044161907783,9497,16.303183333333333
-0.002490814722923455,6.360683873351485,4.070604561887151,37273849563044,19407,33.315349999999995
0.025673287373350923,22.723617031617724,18.647250196308764,75404370280292,3296,5.658133333333334
0.5874507803237293,9.069355508872599,8.830344943338966,77132201563212,22094,37.92803333333333
-0.024582960852931185,8.627460707106374,5.96144505993907,24748120543399,7910,13.578833333333332
0.050231110424633255,57.38087211005297,46.687281139099426,29916658172074,43048,73.89906666666666
0.28580389637199055,9.244785046536698,8.103714332729009,60180390082243,57564,98.81819999999999
-0.012319747602183897,43.61307993654485,30.564127132473278,66480142443472,9950,17.08083333333333
-0.003382314170270715,38.55987281722933,30.78093163090164,56367144693873,25705,44.126916666666666
0.022333476750345138,8.647084152114918,6.854546090860949,69289961756944,60770,104.32183333333333
0.16281039131802796,34.59299406083796,20.975917919777412,1540831820878,41510,71.25883333333333
0.03573600832889001,35.89731547198754,28.536079144498206,31264840174965,11710,20.102166666666665
0.9115262801196152,2.875884494080611,2.2662908989743125,5384215770128,5096,8.748133333333332
0.010887674789577775,56.50084185997922,36.62371919709069,18551450375948,10265,17.62158333333333
-0.03589508653780982,1.4779648403862429,1.3719376867282393,67547400789878,15205,26.101916666666668
0.505199238158505,45.115988659239655,28.86942417581423,58504020555834,26043,44.70714999999999
-0.014131866788823893,14.30665378579504,11.470509992241064,55529876264512,16486,28.300966666666667
0.02653472258340061,70.48770483372793,69.67124544199231,18957967213497,30900,53.044999999999995
0.17033877830017308,18.24137199833661,8.01013380902832,30819161894007,13868,23.806733333333334
0.19428061061594987,31.937604142105304,26.518839026027003,12600858391302,23141,39.725383333333326
0.03081876956945889,37.010214222415506,28.38571929689407,18961860127182,15748,27.034066666666664
0.30298746341868854,3.8246184552844067,3.094998181978279,84783615166493,42558,73.0579
0.39771004937951077,25.85942524543431,9.165205808277246,64240099438310,6918,11.8759
0.05601220330362901,30.3241239554059,8.910259721886638,18710669282679,3489,5.98945
0.4750465874595676,38.20208952431758,22.021905037633758,46026373581417,29925,51.371249999999996
0.004825489631412533,10.51122764877622,8.703945268610587,35934702414470,17863,30.664816666666663
-0.31522321505667383,4.885709028355972,4.73482199758605,46018744815490,47492,81.52793333333332
0.5747211089251075,44.37085239510093,27.168207106414286,34879575251594,41022,70.4211
0.5495253286165089,41.39842033446524,26.53412999564941,31022034482380,21366,36.6783
0.2285772462410871,1023.1768452088733,984.1506403261682,35494481403586,10381,17.820716666666666
-0.20161426162194426,18.181479249115146,17.847127233116346,12221042871229,5851,10.044216666666667
-0.1468586969293278,4.178634525503486,2.6358862220995145,68348649305643,48488,83.23773333333334
-0.5427452798937679,0.7457105012092214,0.5102719967325287,80546308364628,39897,68.48984999999999
0.12673797014414048,32.97521223347163,12.293270834837147,54461367093791,49073,84.24198333333332
0.020863671300778142,84.68447885442733,66.59845493040385,5766209853402,6835,11.733416666666667
0.3434345165669447,59.574599794252116,45.82770576323306,66428945025944,60293,103.50298333333333
0.42025630740351955,34.33167142320818,20.63366424321843,31599104189946,19209,32.975449999999995
0.055624716075909,70.5311281905647,41.15438108857994,86824810738207,4817,8.269183333333332
0.3731500987143446,64.64633357125606,33.87060155491722,83174544466421,12275,21.07208333333333
0.36372113613100954,66.20016229537399,49.00862082582436,16514663866348,19328,33.17973333333333
0.15916936557652211,35.232056400233446,18.30131090569589,32557338915497,55305,94.94025
0.1689869657213297,46.34218062802626,22.75993445829493,81196976715440,8280,14.213999999999999
0.06933499126105684,10.925835067355981,10.055005456416746,90647821155084,7495,12.866416666666668
0.19670929150286953,39.578865114298964,16.366042068076137,59281350185923,5233,8.983316666666667
0.0022191718922584393,62.2874212628166,47.25192822260254,58089919713439,6818,11.704233333333331
0.23539674738960248,1.7925810933308748,1.7491186496501725,90209449343799,33791,58.00788333333333
0.007549075208406963,6.4700685903114845,6.39816696636221,79689374277784,3447,5.91735
0.010212417485719126,2.7391675712726986,2.106873732537671,81053253076569,3074,5.277033333333333
-0.2356703979217805,6.2019293297223035,4.488762716063273,28159349288452,4137,7.10185
0.486016174299074,44.780452844874176,28.579549758515547,6183876037110,30048,51.5824
0.2729574514557739,6.813068321135306,6.395197320219764,82139339293738,52379,89.91728333333332
0.015373238114673596,3.1411028091757447,2.406032890860149,88391988532410,63413,108.85898333333333
0.3962476928186793,33.03139109072355,19.896473959915813,34856158263076,18584,31.90253333333333
0.035740793222084725,38.68798250931618,30.611919160088707,92138559624859,18525,31.801249999999996
-0.027037814422361736,3.04192021546609,1.7535915422830544,75420001608639,32930,56.529833333333336
0.44479488485669094,7.62922261571232,5.191630967466217,2182990580066,7822,13.427766666666665
0.5574046386389565,10.005940501993763,7.75421487978591,72040927236742,59707,102.49701666666667
0.12919104584627333,65.9457011003952,55.217962084247326,63781187587539,6774,11.6287
0.5824095964740693,46.64299646856678,29.67750492672244,88850555258147,35612,61.133933333333324
-0.02060208671461452,26.915290640128042,14.688769241028846,18750469198682,6020,10.334333333333332
0.04184222760378426,41.77049431470066,27.81717676856909,81048307877754,8839,15.173616666666666
0.05804938843859485,3.329791411732321,2.4414342082009717,9659806763412,34635,59.45674999999999
-0.006994354361346771,1.3074436294377383,1.2850498139001416,71922191468127,8139,13.97195
-0.0034072328477525735,308.2232517038531,245.8388015508396,55074547696059,14928,25.626399999999997
-0.22753890594323944,15.605023871028875,15.567179484466905,81711705293547,66590,114.31283333333333
0.0026992985673939458,1.7672349418353452,1.7412105299934508,11945375173258,3150,5.4075
0.5689567044944029,43.254057711972656,26.823031777327177,52249001363337,40364,69.29153333333333
0.45503966181975225,29.144164317388874,27.357024762320286,87498341632688,4389,7.534449999999999
0.8161581529814587,3.677146976432199,2.588493860657928,41649288151553,5438,9.335233333333331
0.03985095493809084,8.95497919719611,7.0671522086163625,88677744913957,19516,33.50246666666666
0.01754649756446047,14.1674416887789,14.012816749842822,46186519849896,3164,5.431533333333333
0.00992823570140877,10.371859364836936,7.984901773166049,70762312592579,15394,26.426366666666663
0.009968114845224854,352.00727357166033,271.87880578629654,11918110391235,17151,29.442549999999997
0.5175991773110915,24.659755824347478,21.448280217906895,24522165825898,19030,32.668166666666664
0.10167495425788117,2.6363752966936462,2.160776577005616,55779779564810,9765,16.76325
-0.019483913316843317,22.074623220138992,12.484478622210277,36611405840605,6542,11.230433333333332
0.6157590927188145,43.57505463733397,26.41279595341478,86282501531422,26012,44.653933333333335
-0.001925804395969211,9.868841050288614,5.792682255899912,38742470634510,17827,30.603016666666665
-0.0010943828411181349,0.9782939775312317,0.7054629568894425,85151524041700,5690,9.767833333333332
0.0961029575657993,29.32243729736288,20.80834756216097,36282973875063,14878,25.540566666666667
0.01998629156976413,4.494258937586627,3.3488024097722056,79452812984513,68163,117.01315
0.506895267412429,80.31288844426547,51.07478965353459,79614787049522,4700,8.068333333333333
0.10277086204267923,17.91019106590149,16.137533015081285,74136211708801,17044,29.258866666666666
0.26366526300885246,55.82914853237801,42.728336475793085,53693312161898,6319,10.847616666666665
0.00886304639838198,72.80111702002466,45.211510851948134,82018819688645,32079,55.068949999999994
0.193285132126618,76.83245974992036,54.85281234168575,31484362131028,42448,72.86906666666665
0.07340320149159366,19.120790173846228,8.594736193284701,466665711039,14745,25.31225
-0.01298474536235496,12.319586900328748,8.066799816006569,87320134832493,43754,75.11103333333332
0.08753303602393862,29.379708565073752,23.730993604246624,42280725914386,20185,34.65091666666667
0.04191579180068907,4.8095571324749,4.500959382360605,78844379690863,34873,59.865316666666665
0.007511111842548804,19.18060560672808,19.127274772242497,8167338746374,4750,8.154166666666667
0.4456092682697041,13.620213332922523,11.896811201959594,91418427629935,2925,5.021249999999999
0.11830466906142889,27.111642787317557,20.279563590713288,29298071961555,61376,105.36213333333333
-0.7211660456192281,1.3359834527716812,1.2476582450988574,18464626423442,20971,36.00021666666667
0.2364117417411298,9.140188752063029,6.915627913294612,41886847081385,18500,31.758333333333333
0.020096583034093576,22.032082913009425,19.74360041677307,4080364315882,15528,26.6564
0.042078934266314136,33.23881404786842,25.27723232142856,22029645065914,16474,28.280366666666666
0.06913817656636122,4.793101736481833,4.1067200955591705,40041616943840,3040,5.218666666666667
0.05178761628259802,44.81863560837898,33.32293519469766,87700458918437,10748,18.450733333333332
-0.03640027611648705,71.76874986441992,42.3629806643964,71587043408866,7787,13.367683333333332
0.3313591865230553,16.363440932796273,12.541889467290753,90650144065085,36014,61.82403333333333
0.2834912515785937,6.630904826232498,4.009008796668808,63139856240280,18506,31.768633333333334
-0.005926512700110369,2.1587648460179643,2.1135159654323323,76801578092219,3471,5.95855
0.24723159598484143,31.28591594276759,23.644606660923007,24029425441251,22380,38.419
0.06939357155699175,21.337318849045708,11.282743146587075,7372572676028,4027,6.913016666666666
0.004151787432863193,10.661831244555252,8.849115715854019,83022471849068,21537,36.971849999999996
0.8752071488679253,18.48898733523559,11.150739492697392,63556826544912,33537,57.57185
0.3156374010444572,7.78259597853681,4.0570504353879695,70322760189789,14512,24.912266666666664
0.49678293783007815,38.89624417997847,24.300546694701726,69244218483904,23634,40.57169999999999
0.006471713734866888,14.588295684603615,13.999017992950138,67434785429158,9829,16.873116666666665
0.37458109663277284,2.449120295267531,1.4862153342689723,53487225877502,60129,103.22144999999999
0.09584024274653288,81.41722778590723,62.26578359643784,27883473507589,7170,12.3085
0.3034684111500307,23.064335902362675,17.085713833731464,73234487974722,34989,60.064449999999994
0.34236549514191855,47.094530887307435,40.45494439181108,69740313113392,10941,18.78205
0.01277612705705653,1.694307266694366,1.6826499984350056,53063501762522,8153,13.995983333333331
0.010468082831143187,8.287554563841079,6.0297718070733515,59213738268333,16851,28.927549999999997
0.4991821847007323,5.299320564719029,4.441442039176495,66603554322130,25622,43.98443333333333
0.0713196419271407,3.151782959443695,2.1833379996740017,44773571629174,15767,27.066683333333334
0.014873792063910894,379.8724113173441,306.03937759541077,80278322759087,38776,66.56546666666667
0.11094633648264166,5.043458868042983,4.488764203496045,88212528504821,54295,93.20641666666666
-0.135084753733271,14.073255782257172,11.952808415279867,15978310360151,3147,5.402349999999999
0.6545810366043824,4.177561134864205,2.0419897997437175,81165013992096,36459,62.58794999999999
0.21408250105715707,67.6170764699125,53.85732543680426,69822379598275,36896,63.33813333333333
0.024286954224964685,17.81354889427872,10.787942474249324,71465065923022,9215,15.819083333333333
0.24243769716821903,9.881399922374625,7.60092540331318,11784046245157,15216,26.120799999999996
-0.0012999943124087658,15.398629171989745,13.235735760773382,70026281239140,19840,34.05866666666667
0.19469668680184607,4.895853972226452,4.674274793377629,79551275893535,7344,12.607199999999999
0.1167535639667446,76.08551972375943,55.651640451578274,1704012074081,5255,9.021083333333333
0.4957172828800447,5.52790058288396,4.484143369985372,55022306794561,21407,36.74868333333333
0.2628571489984787,37.155833379546145,26.96714187270889,4140053588014,19509,33.490449999999996
-0.008580318025575,20.362049905033643,8.941119380965855,25717824505099,11244,19.302199999999996
0.8634259016459749,2.9621602837504755,2.2871624713807592,89204534760394,36830,63.22483333333333
0.011556767571833482,12.090888328518066,9.241416770964259,67291439169054,18551,31.845883333333333
0.055020702316129724,18.74702958350536,17.349746830203138,84935786442942,15307,26.277016666666665
0.4716130535060397,66.50926161699579,50.496009744775996,51840910821680,7943,13.635483333333331
-0.1873682115746453,1.4757351480443304,1.134060099523756,64978251280918,8841,15.17705
0.08035071405970673,94.75834001427303,85.12929093915753,4882053035016,25060,43.019666666666666
0.23081713741716184,41.975902036800214,29.61074967131808,60478932571784,3210,5.5104999999999995
0.03214233101832998,20.957522708672116,13.01147457880164,32405245494445,3556,6.104466666666666
0.038303933879859746,60.517047631961006,45.0156947285069,45964521601670,12859,22.074616666666664
0.04783386576320427,77.26883603407245,73.27395208871103,73356817426928,68664,117.8732
0.6297326511163333,21.298557760743815,13.929240020194074,55132108258658,15098,25.91823333333333
0.32474176668212107,20.486781372293745,15.14830633732673,31535251417286,41359,70.99961666666667
0.1784974485553792,65.74470988584832,50.77533478880547,8721167849249,13641,23.41705
0.34743549330580664,3.705499793148982,2.897726354832622,27987427225064,38331,65.80154999999999
0.45522715091166993,7.010078810330997,4.546838101117125,87027519789256,12837,22.03685
0.4587793565507798,38.84310744909888,23.6283143885939,25401868553247,36860,63.27633333333333
0.001994304096652661,22.63795432354829,14.773795671442635,5533238813057,3744,6.4272
-0.006941909823991069,19.21551086386976,11.638524091170742,25979862383626,8818,15.137566666666665
-0.0024851551036643538,1.9871725987951094,1.972881631861473,41484497444150,7424,12.744533333333331
0.8657330366146916,2.5560577191229936,1.5127598579928405,14310148131582,23400,40.169999999999995
0.5376836289133294,120.67754815892431,92.48170333958431,82360245586826,12064,20.709866666666663
0.40474831555747665,42.83180463692105,32.58192085867995,50390656504241,63164,108.43153333333333
0.051138984848376465,22.387535127047418,12.839889298281626,57037607053889,5653,9.704316666666667
0.39341707437340134,43.01654215428779,28.720329065115784,49488444999967,10868,18.65673333333333
0.017096578120904343,18.375427432355345,11.703364007372885,22479022816338,9336,16.026799999999998
0.008932866421344585,18.6527194604058,11.461669523964026,2595393759161,9304,15.971866666666665
0.04937188740569639,4.889297250303506,4.001646671680718,44715643187483,67280,115.49733333333332
0.5154887217726801,45.866831528501116,29.07096053388319,7673600237055,25397,43.59818333333333
0.4111282989899102,74.73539805358789,40.24696383794598,32203594237931,12747,21.88235
0.008938711138143037,2.6141610874074663,1.948301058069225,53169840969110,6955,11.939416666666666
-0.005241944936008223,1.6031065978596046,1.5867735932295857,72331148945087,7499,12.873283333333331
0.060457765782452565,9.064627666046801,7.760501603615976,3468437041197,58672,100.72026666666666
0.17927374097723064,27.92597122902627,21.95347599019777,72264643132028,62510,107.30883333333333
0.07160115652483276,50.152645965990494,39.542820958641535,73103528229339,43585,74.82091666666666
0.018303698101242032,10.377484129275429,9.968964344583396,3418403281574,3796,6.516466666666667
0.2321407679072273,43.78437429849751,28.060693004205035,71323843884988,12387,21.264349999999997
0.529915512156236,44.94583091086878,27.86508622608021,6897915852544,26847,46.08735
0.5991012546664116,45.37677629993825,29.169462319918203,19163782002663,34663,59.50481666666666
0.01031702885675003,48.063143343163354,31.378978182032228,88993119582774,54880,94.21066666666665
0.14336328314439703,43.96352618486776,33.994827305688936,70941429607259,18650,32.01583333333333
0.11784530095024594,71.38092929915504,55.73623216612044,73125801707421,51095,87.71308333333333
0.402040846647795,18.13827952472262,7.374653631773153,28839869859030,15599,26.77828333333333
-0.25419622780959955,10.534004461018283,8.88540095873266,24492621556375,2933,5.034983333333333
-0.06401059789900186,3.250256993915549,2.5508440213018972,76688012815504,19931,34.21488333333333
0.6293548383370952,12.699078596748745,10.052280665559175,46544662571346,53661,92.11805
0.7188965420260712,44.49258685076367,31.887069917811232,177869771809,11064,18.993199999999998
0.9168729432560107,2.036719352301687,1.5179069805002543,10618020081014,22051,37.85421666666666
-0.0017550469993196593,6.963925275795221,4.1497452095241165,48248293886551,17013,29.20565
0.2158934869782958,2.69157765525133,1.7297477418127272,37021087509253,3764,6.461533333333333
0.07275002843361006,24.062782757532997,14.745253588637286,3030759657438,15876,27.2538
0.11463422067287245,4.591597630592151,4.257921503015651,40088002865780,40363,69.28981666666667
0.46987248831396533,44.42820750333084,29.64943420437289,33333424852768,30087,51.64935
0.48413233844047815,42.19444804228779,27.493049154502273,81596033847463,22431,38.50655
0.08633752745011798,21.83724444705486,18.195961164039314,6608777364477,3296,5.658133333333334
0.00417821462886206,8.592258067847043,7.814769284132041,8050037490420,36823,63.21281666666666
0.31769250728459164,74.7847023888689,54.007321758312465,43264053363236,45200,77.59333333333332
0.07473836245948946,1.8251854021844158,1.7914888514070089,74377837389386,6107,10.483683333333333
0.9129644690581608,2.101663973392914,1.531369952829958,80128187038740,21267,36.50834999999999
0.0865549325143962,4.439589413260674,3.049267266122288,68189203368931,3185,5.467583333333334
0.08895852368242077,42.527528435688936,34.25882687798113,59351674082996,11243,19.300483333333332
-0.07381343939329683,76.42239160662136,40.43102609492189,47662514121418,8396,14.413133333333331
-0.010024007582242646,15.39966749927623,13.067993194231294,76296537368450,20168,34.62173333333333
0.24571120791565118,7.684627788980558,5.380139007371906,85921650257230,31457,54.00118333333333
-0.43251732594636966,1.571260364848081,1.5134732077817359,14662665072618,12157,20.869516666666662
0.46894369980875145,7.853499438811589,5.391623740043086,52303937897424,18184,31.215866666666667
0.3235097625743224,81.2933379425273,69.3947593238004,25454679717535,44613,76.58565
0.0777985813176903,65.58371236688049,43.10930704853371,29991899448935,31295,53.72308333333333
0.8177544306436939,5.965324625468846,5.0282608083031946,89525371469395,31986,54.9093
-0.004513807610471256,22.486943983159687,13.339415772888163,72899901981784,18272,31.366933333333332
-0.039144953744340134,6.1728131752250475,6.056905731753619,25070673668482,2983,5.120816666666666
0.42389307867027215,35.757196803582985,27.215666643685886,56039505121270,17852,30.645933333333332
0.0062172436680237985,10.883617557385863,8.913545220326464,63329566826987,19742,33.890433333333334
0.021222900617440518,15.073661894350156,6.563863265450521,89386190087471,9708,16.665399999999998
0.4855575187567052,8.502907953864451,8.221188413607464,11956785362647,69718,119.68256666666666
0.07279273651467803,167.66272618236468,141.8281571320606,77520685361357,29750,51.07083333333333
0.23091631422855136,60.53537788898503,47.19132679700745,87282841216210,55971,96.08355
-0.012020976251096903,18.170757185725495,11.949221306451841,69689656055013,7255,12.454416666666667
-0.01427594208486851,1.8276856061863034,1.748557410919633,87307114915535,3923,6.7344833333333325
0.3865135244140754,20.939230885626078,16.46740399431082,30071465219571,64404,110.5602
0.005986499074150744,1.1240898663703278,1.093003842230726,42493180566661,3835,6.5834166666666665
-0.004730032925468919,12.933574833041131,11.277207380470033,58859065839057,18112,31.092266666666664
0.5166229996640248,43.34381776190965,26.407038114473814,18871614955060,7509,12.890449999999998
-0.0017288148064802586,47.86301757044666,25.191730845003367,43140982348633,29752,51.07426666666666
0.7358265116941582,13.912579681100087,8.691918279955893,28991884976338,10934,18.770033333333334
0.01149776939117451,76.44332678692358,55.86129478452757,898778205945,62455,107.21441666666666
0.2898042728154976,31.844239939527586,10.271487810680004,40625117462411,11977,20.560516666666665
0.5175169986578432,49.66631110362579,31.231038369100624,13259724069740,35048,60.165733333333336
-0.3864922520311983,0.6199644237181173,0.5291587917046233,60232327426694,24339,41.78195
0.22594574916348856,22.91373235818196,17.302905974441643,50661080357081,19155,32.88275
0.003715049951391853,12.64845096204431,12.440289817147411,65614181170388,21300,36.565000000000005
0.11281041871937912,36.387449981460044,25.001222131777862,28098299418910,9236,15.855133333333333
0.027088776784593423,18.56173071697131,10.873703896733979,47658485037717,8984,15.422533333333332
0.45240934238623404,48.044184631211365,30.821137402315507,71993274901693,13074,22.443699999999996
0.027195542346775278,38.70403596836044,20.51944873468547,49048508812525,8037,13.79685
0.05906276207323418,1.8433426087547538,1.511094161183099,58523847415937,8671,14.885216666666667
0.21608886434049357,7.5403742016625905,5.736221048377994,31299132605450,12332,21.169933333333333
0.6332604522977208,7.66861457269684,6.205459082892181,47679828498169,3488,5.987733333333333
0.15680419301232743,23.897482930474926,19.267110099133472,84681897886093,10593,18.184649999999998
0.07973860163159745,9.535291088173196,9.472649429726788,89545089447035,4064,6.976533333333333
0.001986896293696393,33.28363120396227,25.72969259496139,63690608578670,19501,33.47671666666666
0.18130322927968895,83.35360882250701,67.99558888847345,25672205644119,3757,6.449516666666667
0.01237030999426553,1.5735764931784932,1.4848479580476628,72734505223309,3198,5.4899000000000004
0.676360386943463,40.78576403697205,30.19422525306429,35285103927453,18315,31.440749999999998
0.7599349591517829,39.06734178450682,24.33366554388706,40620981173396,11285,19.372583333333335
0.005077706750685839,18.173597497950407,18.16898922977501,60861282980228,3913,6.717316666666666
-0.010446157452459514,10.369860697540345,7.927387320264497,48605432223160,69454,119.22936666666666
0.0178498633033951,27.179855114216842,19.17439395374323,91608853483184,8504,14.598533333333332
0.7589362754269102,5.994534168904388,5.791626901862437,73525565813199,34249,58.79411666666667
0.7935988153941159,4.04559770604369,2.7696652068726477,21888680432993,7936,13.623466666666666
0.23406295745007039,87.25194441449256,72.87494912786413,77863870193068,3478,5.970566666666667
0.23843576993245208,4.4091561159890835,3.436456586195342,8406421242501,9952,17.084266666666668
0.26902789626758017,59.61650738921957,38.26091798373793,81858684099156,8394,14.409699999999999
-0.016725118919144265,2.294102012490808,2.2309116703792684,36576111847374,3296,5.658133333333334
0.5021738207397907,39.52857226075378,23.92217652300279,4346540971635,24325,41.75791666666667
0.021397751807166732,20.439176543018444,14.490268978671583,25611361407319,24675,42.35874999999999
0.36046081986812717,4.704605406192621,3.658841447792182,35427111329381,32610,55.9805
0.2503603317456792,22.34249526598975,16.342661847189216,8698802177244,65649,112.69744999999999
0.006896768577280965,17.56261966620874,16.102626062248333,2455359292577,20133,34.56165
0.005109654583616883,16.991547192706562,15.01301881742875,85757331090682,18232,31.298266666666667
-0.017660506671147626,1.0254591336168708,0.907122660929559,85868855605146,3099,5.31995
0.6421381323997092,47.71008334690932,38.24524128721733,7660040058575,11892,20.4146
0.7853545575027905,5.745237585139179,4.462234594032798,67548051274544,9088,15.601066666666666
0.5354403435885011,44.923345858555166,28.491714819421123,53618945894814,30344,52.09053333333333
0.24065331825840722,25.205014578773024,18.543751020641025,22934382879710,60906,104.55529999999999
0.11488366986431468,10.026325596812788,8.912377015687733,37115995458646,4495,7.716416666666666
0.4945226325840383,50.317398122469726,33.07982026045971,67814454029678,30535,52.418416666666666
0.3380289994000914,7.615153438553768,6.416959309071802,70557127548567,17900,30.72833333333333
-0.005766011914808336,10.028281718364658,8.06655516003328,53882383143239,19277,33.09218333333333
0.048473761077774326,50.798447261743156,36.5166281474643,48915132185802,9867,16.93835
0.13856286299351814,5.119403521682892,4.695517864926672,39308136063843,8018,13.764233333333332
0.5683108764701397,44.63107401217288,28.04293752056571,36976662256054,32962,56.58476666666666
0.07578381383615597,14.592305110977994,12.863392289622709,38141727031045,19544,33.550533333333334
0.36244175528433614,50.39973772088812,38.660044166496654,63318781824819,11061,18.988049999999998
0.2158757995094515,2.3286190745669484,1.7296690658223868,59869379844457,15724,26.992866666666664
0.2778204859183182,51.66189686410184,17.599499065456378,48736521245878,14136,24.266799999999996
-0.002018499045689062,12.63662540599722,9.74374709543328,74301985936522,18279,31.378949999999996
0.7743564266572626,59.42101043215519,38.0125858600323,87817270325367,4589,7.8777833333333325
-0.011215424585842258,15.353543101577705,13.807345416607575,85734560672491,20207,34.68868333333333
0.6067714582424727,4.378433500591138,3.6350476164680265,32859229202391,15046,25.828966666666663
0.22055456924730618,4.481654834041162,3.379583332112754,9422352743339,41150,70.64083333333333
0.27913241119632454,47.804851715133665,36.85656879835518,17363534736173,52434,90.01169999999999
-0.00034312823191757596,13.375987474106116,11.14109839981951,20104853864951,20228,34.72473333333333
0.0008352339837293368,15.553222573054315,13.38158388499029,38801428091856,17663,30.321483333333333
0.2831813918898827,66.86202194533944,61.80360188349386,60890121196616,18252,31.3326
0.01450376616431535,14.719830295380019,12.45300840148646,23811498624241,18544,31.833866666666665
0.3522844107781743,29.72613270554374,24.284442165699815,48224819397922,8426,14.464633333333332
0.025784396791222696,16.031853312038187,9.309930076114997,40182166280335,14656,25.159466666666667
-0.008159258946606802,21.71729670313084,11.606649437414006,17851739165937,5681,9.752383333333333
0.32081935687152646,30.044566149373853,23.384612600304656,13317896264439,63630,109.2315
0.6476350766971991,12.6739449744947,9.807573242174817,68106367530552,54141,92.94205000000001
0.2563005717580536,62.03836559154464,47.41924318884788,26779845949232,11457,19.667849999999998
-0.002242979697860276,8.86530480821424,5.973765104868119,9944973221626,17971,30.850216666666665
0.2076597774683831,18.487410680934644,14.76098340906976,22253427775343,39917,68.52418333333334
0.5618218597572096,4.389282238680744,3.421027244142762,9941969798482,37527,64.42135
0.5500914729838429,3.377624918452523,3.043522565238642,69938671496416,54279,93.17895
0.1748262844006919,105.63414909895442,80.38526066581204,55763852868564,4493,7.712983333333333
-0.002642249845394891,7.396347703958536,6.194971556055166,61919757976724,28202,48.41343333333334
0.38272586144704074,10.74006354468954,9.804305386659463,57192131460225,18673,32.05531666666666
0.08810260756826997,4.310375178340537,3.2696766033130604,28651884457447,12261,21.04805
0.4641677054018988,4.455059921725807,3.7631030996434225,84515852740922,34286,58.857633333333325
0.6706878588572793,10.792273309045607,8.346148242691562,69462074542869,54374,93.34203333333333
0.5635944871115443,46.27039710582117,28.253674415249645,20512724098769,35722,61.322766666666666
0.04963088454667428,48.23723226988912,29.06445503071456,59665774342723,19843,34.06381666666667
-0.02744805140233839,12.682018852292,8.209730024571694,18856688977831,22504,38.63186666666666
0.00061274181088693,9.152914320682482,7.677127100311777,25716714377457,17770,30.505166666666664
0.038960790541578375,30.302879815194657,23.972088108940454,23714099949696,4281,7.34905
0.689804413751627,37.51202713441614,21.041620675463815,50374578182421,18292,31.401266666666665
0.14512006193620516,41.99985431780515,14.398569256890287,58074541634569,45916,78.82246666666667
0.14469135681172765,59.874177009569735,40.0975080418914,42208871157761,25423,43.64281666666667
0.10044430885268948,11.835144917644234,9.563259901460368,8289100719789,28766,49.381633333333326
0.00023575738569160624,6.853771719850443,6.56448661087377,2231884428950,7610,13.063833333333331
0.014375998219239143,17.071624077500427,9.232476677791004,56122305990879,21405,36.74524999999999
0.5041552641732956,59.610089553815,43.616834417561144,42219119741940,10044,17.2422
0.07316350672906081,48.05531367018377,20.96413647336955,66600252003232,8012,13.753933333333332
-0.008845957066611575,13.925038425609157,12.683145898231771,17050391237453,19106,32.798633333333335
0.07298402543489427,86.16622211360361,68.39039129437799,28558211935849,5249,9.010783333333332
-0.004954990898167052,6.824267290328484,4.545701045319812,59070223016681,17930,30.779833333333332
0.02551336438158807,1.9090098137883826,1.8697377576283027,49921311287134,14927,25.624683333333333
-0.009720893627695876,7.436700636832906,5.8980328986767026,37575998715210,8306,14.258633333333332
-0.4218751887104028,1.0111599555051973,0.8636849082916999,85795594389750,41761,71.68971666666667
0.583028951804128,47.954390145527086,30.97138752019373,82647950643039,32456,55.71613333333333
0.42396115151482017,42.47434329020507,27.1846366383454,80981107867245,25624,43.98786666666667
0.4333016518162346,1.4656809747252113,1.2861753148696178,82724135267446,10177,17.470516666666665
0.09246113440669375,51.73835683526014,41.11333658998595,90492496365416,25620,43.980999999999995
0.013811927829815981,18.716234822931586,11.216993814212584,44045151043868,8985,15.424249999999999
0.5297516565791843,43.966300615686094,27.797654317103852,27229755811552,31297,53.72651666666666
-0.0176836767272103,0.9472952053453121,0.5379139161502455,89609078169138,25571,43.89688333333333
0.28505290704184855,24.06135524221978,9.304824699638669,12768206190008,21392,36.72293333333333
0.0021115557330637757,17.95428211264004,16.58727737128204,82096350100862,18757,32.19951666666667
0.5440879632201505,43.62373632202154,27.871285200690128,68768028444623,35902,61.631766666666664
0.1497863923648569,20.493019990096087,6.792379747154664,90902208581573,5615,9.639083333333332
0.647022827683375,3.247042573383967,2.106369997504555,6299553843729,48409,83.10211666666666
0.37765243189762376,36.85872210868292,21.484309656278864,33327143631368,30155,51.76608333333333
0.48804174250015636,12.856660144333631,7.857852350486759,87357617212101,8212,14.097266666666664
0.08891206229334443,2353.931902370308,1736.1288413017057,13619683046525,3972,6.8186
-0.007662766349378238,2.3138014481953517,2.266713260030209,19125284572422,3105,5.33025
0.7580089562024462,6.845394851432451,5.0146087987332475,26860946578291,3268,5.6100666666666665
0.001125652692978317,1.7703360654868137,1.4855951600762944,80925768144695,5855,10.051083333333333
-0.00437039769212001,405.2256531475378,356.5874508653122,29664523153189,11881,20.395716666666665
0.28969146509842425,11.399130793280184,3.6596706119482802,38175748739741,22587,38.77435
0.038153809256607524,62.13749090679894,47.109891068268254,8188208600971,3538,6.073566666666666
-0.0631195484037921,1.364658040582385,1.3038333475223685,61183001991681,27843,47.797149999999995
0.16722172265720026,74.81062279102471,58.90601513183118,20088267709959,35659,61.214616666666664
0.02752385682544386,1.3754624560604511,1.031243770515696,36693710523207,7386,12.6793
-0.02878502057810329,1.2481481595514636,0.8278850551912692,14154046739280,9789,16.80445
0.352622162963284,11.667770434184984,10.994444911875254,15591121609336,7907,13.573683333333332
0.15490424097604386,65.1947723011963,52.32348120760824,53573846404468,3805,6.531916666666666
0.028777454491702742,34.02436649413525,13.006378896744769,7551838313960,15374,26.392033333333334
0.00029447320324881455,353.95420178665364,286.4388897713038,2628833151533,16102,27.641766666666665
0.05787403955209419,62.160650076491635,52.58113922594483,61218554983059,34452,59.142599999999995
0.570092892305337,44.584196654950325,27.66365378398689,40501559127810,35837,61.52018333333333
0.010597547933956609,32.23498395658119,21.28645875466054,40147438147315,20287,34.82601666666666
0.9210562184917261,2.100476044873727,1.634064454539988,54502464923692,24328,41.76306666666666
0.09146504673534833,64.0660014845454,48.799548106633424,42922521795538,46656,80.09279999999998
0.004991551351024153,27.455438792008284,20.44871103324234,14854745148891,3256,5.589466666666667
-0.3146483794498211,13.198166172421692,13.048813295349333,30553264990285,3169,5.4401166666666665
0.003543407068376458,36.08214694520111,27.30512772648181,13951803055282,18053,30.99098333333333
0.4595915344418473,3.2320814119488017,2.522434469095901,64787995738404,58186,99.88596666666666
0.06662297019911802,10.184927336721593,9.930778267733547,90063006928367,6976,11.975466666666666
0.01007067505266522,6.031263728138539,6.018262489414596,16406939783903,3506,6.018633333333333
0.32119319467560475,75.61846070759741,60.018363066754326,11493133509625,3742,6.423766666666666
0.0935841252384637,50.514009999781,27.425443567157362,49495308417396,2926,5.022966666666666
-0.013510991662322938,3.8105638321822877,3.786277326819015,24816133131815,4307,7.393683333333333
0.032388899932697016,37.61560772543372,19.7756458819359,58142051691979,45388,77.91606666666667
0.5275986948004033,46.13093893977178,29.47048386860636,52243281726185,30062,51.606433333333335
0.0006731423569554253,7.760663110375081,5.643928790339133,90666166003259,16915,29.037416666666665
0.4560300329902976,11.15465449508629,9.510527641131892,3181219449036,3896,6.688133333333332
0.16411198881589883,5.476911143907255,5.1634343282906086,27328783083210,62440,107.18866666666666
0.7340495111872198,19.856006238254565,17.666474954422878,84536750070169,30051,51.58754999999999
0.022304115246998647,63.25441695813815,50.29855504390808,4467227067645,22427,38.49968333333333
0.03637698829053469,57.69862506026275,45.262388262895435,60092294831211,56779,97.47061666666667
0.000853831414885167,10.085460164257691,6.8697476444642085,92447257156,17793,30.544649999999997
0.2526930425230203,21.117787931354446,12.674282538079225,41552886748961,34267,58.82501666666666
0.8274626497359302,17.604579376072383,14.81425453101076,50258528514053,23438,40.23523333333333
0.2958551125562863,14.036712846563892,14.028072356900074,16339961292256,20608,35.377066666666664
0.02906553000651919,31.78430203665514,25.352036505888062,13450961960040,5417,9.299183333333334
0.3816057834639979,49.0966253554404,32.85424475364407,73277942876833,10428,17.9014
0.7168542579127175,2.377529487127445,1.923012502737272,35339531223671,5638,9.678566666666665
0.007027530278807915,26.639783162403727,10.105228658367349,81338704635702,11853,20.347649999999998
0.011405746764625727,8.615279455554624,5.64803820171932,45150738306017,17092,29.341266666666666
0.43490293572971755,45.68677362921579,34.71809799709598,17561164751089,7818,13.420899999999998
0.01316173268228112,1.3001934557395858,1.23142364374612,63761743752191,5512,9.462266666666666
0.4992250134439013,44.41835853070002,29.154625254729638,78102960462812,34231,58.76321666666666
0.029766994204497448,12.152443554883574,7.452342944485306,47866683871402,17203,29.531816666666664
0.229610937825184,3.6850146520675966,2.8235484315060764,32901305714437,64047,109.94734999999999
0.2554387169407526,59.77965170203585,35.22190320012569,59089328239339,20796,35.699799999999996
0.5838365827610342,10.381491731567989,9.03088585714276,56554832956933,6230,10.694833333333332
0.4660612397586885,46.85444242770741,30.161915022789117,33071808165452,31372,53.855266666666665
0.5901255247963935,42.504267503245345,28.282451644974472,79581342359002,28730,49.319833333333335
0.27825263558742086,1.151143018202333,0.8309088503641319,39147217191578,45374,77.89203333333333
0.1684115133554752,17.871295642552862,13.685480839748232,79213116949765,5342,9.170433333333333
0.358316655396436,7.386892609275097,6.631892198940311,60926898679831,30871,52.995216666666664
0.5317589145066,38.35074259606895,29.430371695920112,61109754757482,46822,80.37776666666667
0.03501442259509029,7.726130209110085,4.148769226767544,38351127615645,62283,106.91914999999999
0.4527968138726782,36.90738592002431,27.841320961730137,12229705814134,69286,118.94096666666665
0.2550087614473185,6.1665113678501475,3.79114314218081,12271583338941,26852,46.09593333333333
0.5833069354760855,44.10814506015664,27.777264121747198,36033534117991,35166,60.3683
0.7204583594745221,4.3970516848488685,4.032965164996905,50691637593260,5823,9.99615
-0.0481767610582177,16.03906776521982,16.028082889097707,46572799073678,4320,7.4159999999999995
0.229412801857775,74.99782349977995,56.293684249182874,28047176690580,54115,92.89741666666666
0.06310307281310319,16.887006753998186,14.681193574659222,84107642929189,57033,97.90664999999998
0.07223740557879478,15.704511216538473,10.738222761174534,47764001260835,6558,11.2579
0.09874777037669279,1.0357280483431635,0.9251986626664355,10641516023464,36066,61.9133
0.0090807966145214,4.36026215402156,4.354017580875416,44040671886657,3423,5.876149999999999
-0.0038274017553234212,3.242131353564926,3.1706387741035464,64494309880473,3143,5.395483333333333
0.6521408245436956,5.4514284869114,3.675548655801712,75623963207780,7884,13.534199999999998
0.35613263533685036,75.67198116868603,63.87728670058748,38418521073068,3381,5.80405
-0.08066925195737985,2.235502088434531,2.174840948282322,605380612848,17218,29.557566666666666
0.16263612635672034,31.40969324852412,22.179795187303824,22611549647234,9060,15.552999999999999
0.027489838694839865,50.53203588505221,32.91178111262574,1236797395442,39193,67.28131666666667
0.018387782055936625,1.988176132647294,1.6599767355732753,1525695567756,12758,21.90123333333333
0.5084464799882156,44.35477558691229,29.7222076747471,10917643001582,34147,58.61901666666666
0.06537948095223198,0.7972838167923679,0.3701681362535165,78126065250090,7648,13.129066666666665
0.6373209840454509,58.50714722965148,53.257625445070715,44678172613599,14677,25.195516666666666
-0.06776171947679895,9.968800713527479,8.17213674947171,62617232599242,5980,10.265666666666666
0.6392159290071804,19.88627517422158,12.986481824967887,8963565029533,14642,25.13543333333333
0.10107800058982308,3.635888067571813,3.2452161919325317,14575507650083,27414,47.0607
0.2924378609602117,42.6586453917871,35.32978009061202,76354344332008,36732,63.056599999999996
0.49479376193547997,36.27757226648717,22.18513859294873,72987638820860,24207,41.55535
0.54763993563881,3.68450199251769,2.852144698261257,47819023510068,25388,43.58273333333333
0.11688100905646971,31.425691838902008,24.321832731697995,76577182702296,3772,6.475266666666666
